State,District,Market,Commodity,Variety,Grade,Arrival_Date,Min_x0020_Price,Max_x0020_Price,Modal_x0020_Price
Tripura,Dhalai,Kulai APMC,Bhindi(Ladies Finger),Bhindi,Grade B,26/08/2026,5500,6000,5800
Tripura,Dhalai,Kulai APMC,Bottle gourd,Bottle Gourd,Grade B,26/08/2026,2500,3000,2800
Tripura,Dhalai,Kulai APMC,Pointed gourd(Parval),Pointed gourd (Parval),Grade B,26/08/2026,5500,6000,5800
Tripura,Dhalai,Kulai APMC,Ginger(Green),Green Ginger,Grade B,26/08/2026,14000,15000,14500
Andhra Pradesh,Nandyal,Allagadda APMC,Maize,Local,FAQ,26/08/2026,2000,2250,2150
Telangana,Hyderabad,RYTHU BAZAR FALAKNUMA,Cucumbar(Kheera),Cucumbar,Grade A,26/08/2026,1800,1800,1800
Telangana,Hyderabad,RYTHU BAZAR FALAKNUMA,Bitter gourd,Bitter Gourd,Grade A,26/08/2026,3200,3200,3200
Odisha,Rayagada,Gunpur APMC,Seetapal,Other,Medium,26/08/2026,6200,7900,7100
Andhra Pradesh,Annamayya,Somala APMC,Tomato,Tomato,FAQ,26/08/2026,1000,1400,1200
Punjab,Bhatinda,Bhagta Bhai Ka APMC,Tomato,Other,Medium,26/08/2026,2500,2500,2500
Punjab,Bhatinda,Bhagta Bhai Ka APMC,Banana,Other,Medium,26/08/2026,3000,3000,3000
Punjab,Fazilka,Fazilka APMC,Brinjal,Brinjal,FAQ,26/08/2026,1500,1500,1500
Punjab,Fazilka,Fazilka APMC,Tinda,Tinda,FAQ,26/08/2026,3500,3500,3500
Punjab,Fazilka,Fazilka APMC,Guava,Guava,Medium,26/08/2026,3500,3500,3500
Haryana,Kurukshetra,Shahabad APMC,Brinjal,Brinjal,Medium,26/08/2026,1200,1700,1500
Haryana,Kurukshetra,Shahabad APMC,Pumpkin,Pumpkin,Medium,26/08/2026,1200,1600,1500
Haryana,Kurukshetra,Shahabad APMC,Sponge gourd,Other,Medium,26/08/2026,1000,2000,1600
Haryana,Kurukshetra,Shahabad APMC,Banana,Medium,Medium,26/08/2026,2800,3850,3500
Haryana,Kurukshetra,Shahabad APMC,Bhindi(Ladies Finger),Bhindi,Medium,26/08/2026,1000,2000,1200
Haryana,Sirsa,Sirsa APMC,Potato,Other,FAQ,26/08/2026,350,720,600
Punjab,Gurdaspur,Dera Baba Nanak APMC,Colacasia,Other,Grade B,26/08/2026,1476,1476,1476
Punjab,Gurdaspur,Dera Baba Nanak APMC,Bitter gourd,Other,Grade A,26/08/2026,896,896,896
Punjab,Gurdaspur,Quadian APMC,Bitter gourd,Other,Grade A,26/08/2026,1800,2000,1900
Punjab,Gurdaspur,Quadian APMC,Green Chilli,Other,Grade A,26/08/2026,1800,2000,1900
Punjab,Jalandhar,Nakodar APMC,Brinjal,Brinjal,Local,26/08/2026,950,950,950
Punjab,Jalandhar,Nakodar APMC,Bhindi(Ladies Finger),Other,Local,26/08/2026,1800,1800,1800
Punjab,Jalandhar,Nakodar APMC,Green Chilli,Green Chilly,Local,26/08/2026,2100,2100,2100
Punjab,Jalandhar,Noor Mehal APMC,Bottle gourd,Other,Local,26/08/2026,1400,1400,1400
Keralam,Kollam,Anchal Market,Papaya,Other,Local,26/08/2026,3300,3300,3300
Keralam,Kollam,Anchal Market,Banana,Poovan,Medium,26/08/2026,8500,8500,8500
Keralam,Kollam,Anchal Market,Banana,Robusta,Medium,26/08/2026,4400,4400,4400
Keralam,Kollam,Anchal Market,Brinjal,Brinjal,Local,26/08/2026,4800,4800,4800
Keralam,Kollam,Anchal Market,Capsicum,Capsicum,Local,26/08/2026,6300,6300,6300
Keralam,Kollam,Anchal Market,Bitter gourd,Bitter Gourd,Local,26/08/2026,7300,7300,7300
Rajasthan,Ganganagar,Sriganganagar (F&V) APMC,Water Melon,Water Melon,Grade B,26/08/2026,2600,3000,2800
Rajasthan,Ganganagar,Sriganganagar (F&V) APMC,Ginger(Green),Green Ginger,Grade B,26/08/2026,9300,9700,9500
Rajasthan,Ganganagar,Sriganganagar (F&V) APMC,Onion,Nasik,Grade A,26/08/2026,3600,4000,3800
Rajasthan,Ganganagar,Sriganganagar (F&V) APMC,Lemon,Lemon,Grade A,26/08/2026,4700,5100,4900
Rajasthan,Ganganagar,Sriganganagar (F&V) APMC,Coriander(Leaves),Coriander,Grade Range-1,26/08/2026,10300,10700,10500
Rajasthan,Churu,Sadulpur APMC,Bajra(Pearl Millet/Cumbu),Local,Local,26/08/2026,1900,2000,1950
Rajasthan,Jalore,Jalore APMC,Lemon,Other,Local,26/08/2026,2000,2400,2200
Rajasthan,Jalore,Jalore APMC,Onion Green,Onion Green,Local,26/08/2026,3500,3800,3600
Rajasthan,Jalore,Jalore APMC,Bitter gourd,Other,Local,26/08/2026,2500,2800,2600
Rajasthan,Jalore,Jalore APMC,Green Chilli,Green Chilly,Local,26/08/2026,1500,1800,1600
Punjab,Ludhiana,Khanna APMC,Lemon,Other,Grade A,26/08/2026,5000,5000,5000
Punjab,Ludhiana,Khanna APMC,Cauliflower,Local,Grade A,26/08/2026,2500,2500,2500
Punjab,Ludhiana,Khanna APMC,Pomegranate,Other,Grade A,26/08/2026,8000,8000,8000
Punjab,Ludhiana,Khanna APMC,Green Chilli,Green Chilly,Grade A,26/08/2026,1200,1200,1200
Punjab,Ludhiana,Khanna APMC,Onion,Onion,Grade A,26/08/2026,3000,3000,3000
Punjab,Ludhiana,Khanna APMC,Peas Wet,Peas Wet,Grade A,26/08/2026,6000,6000,6000
Odisha,Bolangir,Kantabaji APMC,Cabbage,Cabbage,Grade B,26/08/2026,2200,2800,2500
Punjab,Bhatinda,Bhucho APMC,Green Chilli,Green Chilly,Local,26/08/2026,2000,2000,2000
Punjab,Bhatinda,Bhucho APMC,Potato,Local,Local,26/08/2026,700,700,700
Punjab,Bhatinda,Bhucho APMC,Bhindi(Ladies Finger),Bhindi,Local,26/08/2026,2200,2200,2200
Punjab,Moga,Baghapurana APMC,Onion,Onion,Grade B,26/08/2026,3500,4500,4000
Punjab,Moga,Baghapurana APMC,Tomato,Tomato,Grade B,26/08/2026,2500,3500,3000
Punjab,Moga,Baghapurana APMC,Guava,Guava,Grade B,26/08/2026,2500,3500,3000
Punjab,Mohali,Dera Bassi APMC,Potato,Potato,Local,26/08/2026,1300,1300,1300
Punjab,Mohali,Dera Bassi APMC,Pumpkin,Other,Local,26/08/2026,1400,1400,1400
Punjab,Mohali,Dera Bassi APMC,Tomato,Other,Local,26/08/2026,2300,2300,2300
Punjab,Patiala,Nabha APMC,Capsicum,Other,Grade C,26/08/2026,2900,4000,3400
Punjab,Patiala,Nabha APMC,Cucumbar(Kheera),Other,Grade C,26/08/2026,2000,3000,2500
Punjab,Patiala,Nabha APMC,Cauliflower,Other,Grade C,26/08/2026,2400,3500,2900
Punjab,Patiala,Patiala APMC,Pear(Marasebu),Other,Grade A,26/08/2026,3100,3500,3300
Punjab,Ropar (Rupnagar),Chamkaur Sahib APMC,Papaya,Other,Medium,26/08/2026,3000,3000,3000
Punjab,Ropar (Rupnagar),Chamkaur Sahib APMC,Onion,Onion,Medium,26/08/2026,4700,4700,4700
Punjab,Ropar (Rupnagar),Ropar APMC,Apple,Kasmir/Shimla - II,Local,26/08/2026,8500,9500,9000
Punjab,Ropar (Rupnagar),Ropar APMC,Brinjal,Round/Long,Local,26/08/2026,2000,2400,2200
Punjab,Ropar (Rupnagar),Ropar APMC,Green Chilli,Other,Local,26/08/2026,3000,3500,3200
Karnataka,Chamarajanagar,Chamarajanagar APMC,Coconut,Small,Local,26/08/2026,12000,23000,23000
Karnataka,Chamarajanagar,Chamarajanagar APMC,Brinjal,Other,Local,26/08/2026,1200,1800,1400
Karnataka,Chamarajanagar,Chamarajanagar APMC,Turmeric,Turmeric,Local,26/08/2026,15000,15000,15000
Karnataka,Chamarajanagar,Chamarajanagar APMC,Ridgeguard(Tori),Ridgeguard(Tori),Local,26/08/2026,1600,3000,2200
Gujarat,Porbandar,Porbandar APMC,Jowar(Sorghum),Other,FAQ,26/08/2026,5800,5800,5800
Gujarat,Porbandar,Porbandar APMC,Wheat,Deshi,Non-FAQ,26/08/2026,2550,2600,2575
Gujarat,Porbandar,Porbandar APMC,Ground Nut Seed,Ground Nut Seed,FAQ,26/08/2026,8075,8075,8075
Gujarat,Porbandar,Porbandar APMC,Cummin Seed(Jeera),Cummin Seed(Jeera),FAQ,26/08/2026,16875,18875,17875
Gujarat,Porbandar,Porbandar APMC,Cauliflower,African Sarson,Local,26/08/2026,5000,6000,5500
Gujarat,Porbandar,Porbandar APMC,Bhindi(Ladies Finger),Bhindi,Local,26/08/2026,1500,2000,1750
Gujarat,Porbandar,Porbandar APMC,Coriander(Leaves),Coriander,Local,26/08/2026,2000,3000,2500
Gujarat,Porbandar,Porbandar APMC,Bajra(Pearl Millet/Cumbu),Other,Non-FAQ,26/08/2026,1825,1825,1825
Tamil Nadu,Thirupur,Tiruppur (South) (Uzhavar Sandhai ),Garlic,Garlic,Local,26/08/2026,20000,24000,22000
Tamil Nadu,Thirupur,Tiruppur (South) (Uzhavar Sandhai ),Tomato,Local,Local,26/08/2026,1200,1400,1300
Tamil Nadu,Thirupur,Tiruppur (South) (Uzhavar Sandhai ),Bitter gourd,Other,Local,26/08/2026,4500,6000,5250
Tamil Nadu,Thirupur,Tiruppur (South) (Uzhavar Sandhai ),Amaranthus,Amaranthus,Local,26/08/2026,2000,3000,2500
Tamil Nadu,Thirupur,Tiruppur (South) (Uzhavar Sandhai ),Banana - Green,Banana - Green,Local,26/08/2026,2500,3000,2750
Tamil Nadu,Thirupur,Tiruppur (South) (Uzhavar Sandhai ),Cabbage,Cabbage,Local,26/08/2026,2500,3000,2750
Tamil Nadu,Thirupur,Tiruppur (South) (Uzhavar Sandhai ),Green Avare(W),Other,Local,26/08/2026,4500,6000,5250
Tamil Nadu,Thirupur,Tiruppur (South) (Uzhavar Sandhai ),Amla(Nelli Kai),Amla,Local,26/08/2026,6500,8000,7250
Tamil Nadu,Erode,Perundurai(Uzhavar Sandhai ),Onion,Bellary,Local,26/08/2026,4500,5000,4750
Tamil Nadu,Erode,Perundurai(Uzhavar Sandhai ),Chikoos(Sapota),Sapota,Local,26/08/2026,3600,4000,3800
Tamil Nadu,Erode,Perundurai(Uzhavar Sandhai ),Cluster beans,Cluster Beans,Local,26/08/2026,2500,2800,2650
Tamil Nadu,Erode,Perundurai(Uzhavar Sandhai ),Green Chilli,Green Chilly,Local,26/08/2026,5000,5400,5200
Tamil Nadu,Erode,Perundurai(Uzhavar Sandhai ),Beans,Beans (Whole),Local,26/08/2026,7000,7500,7250
Tamil Nadu,Erode,Perundurai(Uzhavar Sandhai ),Cabbage,Cabbage,Local,26/08/2026,2500,2800,2650
Tamil Nadu,Erode,Perundurai(Uzhavar Sandhai ),Beetroot,Beetroot,Local,26/08/2026,6000,6500,6250
Tamil Nadu,Erode,Perundurai(Uzhavar Sandhai ),Lemon,Lemon,Local,26/08/2026,4500,4800,4650
Tamil Nadu,Erode,Perundurai(Uzhavar Sandhai ),Mint(Pudina),Mint(Pudina),Local,26/08/2026,3000,3400,3200
Tamil Nadu,Dharmapuri,Dharmapuri(Uzhavar Sandhai ),Coriander(Leaves),I Sort,Local,26/08/2026,4600,5000,4800
Tamil Nadu,Dharmapuri,Dharmapuri(Uzhavar Sandhai ),Beans,Beans (Whole),Local,26/08/2026,8500,9000,8750
Tamil Nadu,Dharmapuri,Dharmapuri(Uzhavar Sandhai ),Tapioca,Tapioca,Local,26/08/2026,3200,3400,3300
Tamil Nadu,Dharmapuri,Dharmapuri(Uzhavar Sandhai ),Ginger(Green),Green Ginger,Local,26/08/2026,23000,23800,23400
Tamil Nadu,Dharmapuri,Dharmapuri(Uzhavar Sandhai ),Sweet Potato,Hosur Red,Local,26/08/2026,2800,3000,2900
Tamil Nadu,Dharmapuri,Dharmapuri(Uzhavar Sandhai ),Beetroot,Beetroot,Local,26/08/2026,5500,5800,5650
Tamil Nadu,Dharmapuri,Dharmapuri(Uzhavar Sandhai ),Capsicum,Capsicum,Local,26/08/2026,7500,8000,7750
Tamil Nadu,Dharmapuri,Dharmapuri(Uzhavar Sandhai ),Green Avare(W),Green Avare (W),Local,26/08/2026,3300,3500,3400
Tamil Nadu,Dharmapuri,Dharmapuri(Uzhavar Sandhai ),Knool Khol,Knool Khol,Local,26/08/2026,4200,4400,4300
Tamil Nadu,Dharmapuri,Dharmapuri(Uzhavar Sandhai ),Lemon,Lemon,Local,26/08/2026,18700,19600,19150
Tamil Nadu,Dharmapuri,Dharmapuri(Uzhavar Sandhai ),Colacasia,Colacasia,Local,26/08/2026,6400,6800,6600
Tamil Nadu,Dharmapuri,Dharmapuri(Uzhavar Sandhai ),Pear(Marasebu),Pears,Local,26/08/2026,9000,10000,9500
Tamil Nadu,Dharmapuri,Dharmapuri(Uzhavar Sandhai ),Amla(Nelli Kai),Amla,Local,26/08/2026,7000,7500,7250
Tamil Nadu,Dharmapuri,Palacode(Uzhavar Sandhai ),Banana,Poovan,Local,26/08/2026,5000,5500,5250
Tamil Nadu,Dharmapuri,Palacode(Uzhavar Sandhai ),Cauliflower,Ranchi,Local,26/08/2026,2000,2500,2250
Tamil Nadu,Dharmapuri,Palacode(Uzhavar Sandhai ),Coriander(Leaves),I Sort,Local,26/08/2026,4600,5000,4800
Tamil Nadu,Dharmapuri,Palacode(Uzhavar Sandhai ),Cowpea(Veg),Cowpea (Veg),Local,26/08/2026,4800,5000,4900
Tamil Nadu,Dharmapuri,Palacode(Uzhavar Sandhai ),Ginger(Green),Green Ginger,Local,26/08/2026,21500,22000,21750
Tamil Nadu,Dharmapuri,Palacode(Uzhavar Sandhai ),Beetroot,Beetroot,Local,26/08/2026,5500,5800,5650
Tamil Nadu,Dharmapuri,Palacode(Uzhavar Sandhai ),Raddish,Raddish,Local,26/08/2026,1600,1800,1700
Tamil Nadu,Dharmapuri,Palacode(Uzhavar Sandhai ),Elephant Yam(Suran)/Amorphophallus,Elephant Yam (Suran),Local,26/08/2026,5500,6000,5750
Tamil Nadu,Dharmapuri,Pennagaram(Uzhavar Sandhai ),Groundnut,Big (With Shell),Local,26/08/2026,6200,6500,6350
Tamil Nadu,Dharmapuri,Pennagaram(Uzhavar Sandhai ),Banana,Besrai,Local,26/08/2026,4600,5000,4800
Tamil Nadu,Dharmapuri,Pennagaram(Uzhavar Sandhai ),Potato,Red Nanital,Local,26/08/2026,3300,3500,3400
Tamil Nadu,Dharmapuri,Pennagaram(Uzhavar Sandhai ),Cauliflower,Ranchi,Local,26/08/2026,2800,3000,2900
Tamil Nadu,Dharmapuri,Pennagaram(Uzhavar Sandhai ),Pumpkin,Pumpkin,Local,26/08/2026,1800,2000,1900
Tamil Nadu,Dharmapuri,Pennagaram(Uzhavar Sandhai ),Amaranthus,Amaranthus,Local,26/08/2026,2400,2500,2450
Tamil Nadu,Dharmapuri,Pennagaram(Uzhavar Sandhai ),Banana - Green,Banana - Green,Local,26/08/2026,2800,3000,2900
Tamil Nadu,Dharmapuri,Pennagaram(Uzhavar Sandhai ),Raddish,Raddish,Local,26/08/2026,2600,2800,2700
Tamil Nadu,Dharmapuri,Pennagaram(Uzhavar Sandhai ),Lemon,Lemon,Local,26/08/2026,17000,18000,17500
Tamil Nadu,Dindigul,Chinnalapatti(Uzhavar Sandhai ),Bhindi(Ladies Finger),Bhindi,Local,26/08/2026,3600,4000,3800
Tamil Nadu,Dindigul,Chinnalapatti(Uzhavar Sandhai ),Raddish,Raddish,Local,26/08/2026,3600,4000,3800
Tamil Nadu,Dindigul,Dindigul(Uzhavar Sandhai ),Mango,Safeda,Local,26/08/2026,5000,6000,5500
Tamil Nadu,Dindigul,Dindigul(Uzhavar Sandhai ),Green Peas,Green Peas,Local,26/08/2026,18000,20000,19000
Tamil Nadu,Dindigul,Dindigul(Uzhavar Sandhai ),Pumpkin,Pumpkin,Local,26/08/2026,1500,2000,1750
Tamil Nadu,Dindigul,Dindigul(Uzhavar Sandhai ),Bhindi(Ladies Finger),Bhindi,Local,26/08/2026,3000,4000,3500
Tamil Nadu,Dindigul,Dindigul(Uzhavar Sandhai ),Banana - Green,Banana - Green,Local,26/08/2026,2500,3000,2750
Tamil Nadu,Dindigul,Dindigul(Uzhavar Sandhai ),Capsicum,Capsicum,Local,26/08/2026,6000,8000,7000
Tamil Nadu,Dindigul,Dindigul(Uzhavar Sandhai ),Drumstick,Drumstick,Local,26/08/2026,2500,3000,2750
Tamil Nadu,Erode,Periyar Nagar(Uzhavar Sandhai ),Tomato,Other,Local,26/08/2026,1800,2000,1900
Tamil Nadu,Erode,Periyar Nagar(Uzhavar Sandhai ),Cluster beans,Cluster Beans,Local,26/08/2026,2600,3000,2800
Tamil Nadu,Erode,Periyar Nagar(Uzhavar Sandhai ),Coconut,Coconut,Local,26/08/2026,5000,5400,5200
Tamil Nadu,Erode,Periyar Nagar(Uzhavar Sandhai ),Lemon,Lemon,Local,26/08/2026,16000,17000,16500
Tamil Nadu,Kallakuruchi,Sankarapuram(Uzhavar Sandhai ),Groundnut,Big (With Shell),Local,26/08/2026,7000,7000,7000
Tamil Nadu,Kallakuruchi,Sankarapuram(Uzhavar Sandhai ),Banana,Besrai,Local,26/08/2026,4000,4000,4000
Tamil Nadu,Kallakuruchi,Sankarapuram(Uzhavar Sandhai ),Brinjal,Round,Local,26/08/2026,5000,5000,5000
Tamil Nadu,Kallakuruchi,Sankarapuram(Uzhavar Sandhai ),Tomato,Deshi,Local,26/08/2026,2000,2000,2000
Tamil Nadu,Kallakuruchi,Sankarapuram(Uzhavar Sandhai ),Bitter gourd,Bitter Gourd,Local,26/08/2026,7000,7000,7000
Tamil Nadu,Kallakuruchi,Sankarapuram(Uzhavar Sandhai ),Amaranthus,Amaranthus,Local,26/08/2026,4000,4000,4000
Tamil Nadu,Kallakuruchi,Sankarapuram(Uzhavar Sandhai ),Tapioca,Tapioca,Local,26/08/2026,3000,3000,3000
Tamil Nadu,Kallakuruchi,Sankarapuram(Uzhavar Sandhai ),Mint(Pudina),Mint(Pudina),Local,26/08/2026,3000,3000,3000
Tamil Nadu,Kancheepuram,Kancheepuram(Uzhavar Sandhai ),Onion,Bellary,Local,26/08/2026,4500,5500,5000
Tamil Nadu,Kancheepuram,Kancheepuram(Uzhavar Sandhai ),Potato,Other,Local,26/08/2026,2200,3000,2600
Tamil Nadu,Kancheepuram,Kancheepuram(Uzhavar Sandhai ),Brinjal,Round,Local,26/08/2026,2500,3500,3000
Tamil Nadu,Kancheepuram,Kancheepuram(Uzhavar Sandhai ),Bottle gourd,Bottle Gourd,Local,26/08/2026,2000,2500,2250
Tamil Nadu,Kancheepuram,Kancheepuram(Uzhavar Sandhai ),Pumpkin,Pumpkin,Local,26/08/2026,2500,3000,2750
Tamil Nadu,Kancheepuram,Kancheepuram(Uzhavar Sandhai ),Tender Coconut,Tender Coconut,Local,26/08/2026,2200,2800,2500
Tamil Nadu,Kancheepuram,Kancheepuram(Uzhavar Sandhai ),Amla(Nelli Kai),Amla,Local,26/08/2026,8000,11000,9500
Tamil Nadu,Kancheepuram,Kancheepuram(Uzhavar Sandhai ),Onion Green,Onion Green,Local,26/08/2026,4500,6500,5500
Tamil Nadu,Kancheepuram,Kundrathur(Uzhavar Sandhai ),Beans,Beans (Whole),Local,26/08/2026,6500,6500,6500
Tamil Nadu,Kancheepuram,Kundrathur(Uzhavar Sandhai ),Beetroot,Beetroot,Local,26/08/2026,3500,3500,3500
Tamil Nadu,Kancheepuram,Kundrathur(Uzhavar Sandhai ),Onion Green,Onion Green,Local,26/08/2026,5000,6000,5500
Tamil Nadu,Kancheepuram,Padappai(Uzhavar Sandhai ),Brinjal,Round,Local,26/08/2026,2500,3000,2750
Tamil Nadu,Kancheepuram,Padappai(Uzhavar Sandhai ),Green Chilli,Green Chilly,Local,26/08/2026,4500,5500,5000
Tamil Nadu,Kancheepuram,Padappai(Uzhavar Sandhai ),Beans,Beans (Whole),Local,26/08/2026,8000,10000,9000
Tamil Nadu,Kancheepuram,Padappai(Uzhavar Sandhai ),Tender Coconut,Tender Coconut,Local,26/08/2026,2500,3000,2750
Tamil Nadu,Kancheepuram,Padappai(Uzhavar Sandhai ),Onion Green,Onion Green,Local,26/08/2026,5000,6000,5500
Tamil Nadu,Kancheepuram,Sunguvarchatram(Uzhavar Sandhai ),Beetroot,Beetroot,Local,26/08/2026,3500,4000,3750
Tamil Nadu,Kancheepuram,Sunguvarchatram(Uzhavar Sandhai ),Green Avare(W),Green Avare (W),Local,26/08/2026,4500,4500,4500
Tamil Nadu,Kancheepuram,Sunguvarchatram(Uzhavar Sandhai ),Drumstick,Drumstick,Local,26/08/2026,4000,4000,4000
Tamil Nadu,Kancheepuram,Sunguvarchatram(Uzhavar Sandhai ),Yam(Ratalu),Yam (Ratalu),Local,26/08/2026,4000,4000,4000
Tamil Nadu,Krishnagiri,Avallapalli(Uzhavar Sandhai ),Onion,Bellary,Local,26/08/2026,5000,5500,5250
Tamil Nadu,Krishnagiri,Avallapalli(Uzhavar Sandhai ),Coriander(Leaves),I Sort,Local,26/08/2026,3500,4000,3750
Tamil Nadu,Krishnagiri,Avallapalli(Uzhavar Sandhai ),Tamarind Fruit,Tamarind Fruit,Local,26/08/2026,9000,10000,9500
Tamil Nadu,Krishnagiri,Avallapalli(Uzhavar Sandhai ),Indian Beans(Seam),Indian Beans (Seam),Local,26/08/2026,3500,4000,3750
Tamil Nadu,Krishnagiri,Avallapalli(Uzhavar Sandhai ),Mint(Pudina),Mint(Pudina),Local,26/08/2026,3500,4000,3750
Tamil Nadu,Dharmapuri,Karimangalam(Uzhavar Sandhai),Brinjal,Other,Local,26/08/2026,3300,3500,3400
Tamil Nadu,Dharmapuri,Karimangalam(Uzhavar Sandhai),Beans,Beans (Whole),Local,26/08/2026,8000,9000,8500
Tamil Nadu,Dharmapuri,Karimangalam(Uzhavar Sandhai),Lemon,Lemon,Local,26/08/2026,9000,10000,9500
Tamil Nadu,Dharmapuri,Karimangalam(Uzhavar Sandhai),Amla(Nelli Kai),Amla,Local,26/08/2026,7500,8000,7750
Tamil Nadu,Dharmapuri,Karimangalam(Uzhavar Sandhai),Mint(Pudina),Mint(Pudina),Local,26/08/2026,5500,6000,5750
Tamil Nadu,Krishnagiri,Denkanikottai(Uzhavar Sandhai ),Banana,Elakki Bale,Local,26/08/2026,8500,9000,8750
Tamil Nadu,Krishnagiri,Denkanikottai(Uzhavar Sandhai ),Brinjal,Round,Local,26/08/2026,2500,3000,2750
Tamil Nadu,Krishnagiri,Denkanikottai(Uzhavar Sandhai ),Banana - Green,Banana - Green,Local,26/08/2026,4000,4500,4250
Tamil Nadu,Krishnagiri,Denkanikottai(Uzhavar Sandhai ),Raddish,Raddish,Local,26/08/2026,1000,1500,1250
Tamil Nadu,Krishnagiri,Denkanikottai(Uzhavar Sandhai ),Capsicum,Capsicum,Local,26/08/2026,4000,4500,4250
Tamil Nadu,Krishnagiri,Denkanikottai(Uzhavar Sandhai ),Chow Chow,Chow Chow,Local,26/08/2026,2000,2500,2250
Tamil Nadu,Krishnagiri,Denkanikottai(Uzhavar Sandhai ),Lemon,Lemon,Local,26/08/2026,12000,15000,13500
Tamil Nadu,Krishnagiri,Hosur(Uzhavar Sandhai ),Papaya,Papaya,Local,26/08/2026,3500,4000,3750
Tamil Nadu,Krishnagiri,Hosur(Uzhavar Sandhai ),Coconut,Coconut,Local,26/08/2026,5500,6000,5750
Tamil Nadu,Krishnagiri,Hosur(Uzhavar Sandhai ),Sweet Potato,Hosur Red,Local,26/08/2026,3500,4000,3750
Tamil Nadu,Krishnagiri,Hosur(Uzhavar Sandhai ),Ridgeguard(Tori),Ridgeguard(Tori),Local,26/08/2026,3500,4000,3750
Tamil Nadu,Krishnagiri,Hosur(Uzhavar Sandhai ),Raddish,Raddish,Local,26/08/2026,1000,1500,1250
Tamil Nadu,Krishnagiri,Hosur(Uzhavar Sandhai ),Knool Khol,Knool Khol,Local,26/08/2026,1500,2000,1750
Tamil Nadu,Krishnagiri,Hosur(Uzhavar Sandhai ),Karbuja(Musk Melon),Karbhuja,Local,26/08/2026,4500,5000,4750
Tamil Nadu,Krishnagiri,Hosur(Uzhavar Sandhai ),Jasmine,Jasmine,Local,26/08/2026,35000,40000,37500
Tamil Nadu,Krishnagiri,Hosur(Uzhavar Sandhai ),Tamarind Fruit,Tamarind Fruit,Local,26/08/2026,1000,15000,8000
Tamil Nadu,Krishnagiri,Hosur(Uzhavar Sandhai ),Elephant Yam(Suran)/Amorphophallus,Elephant Yam (Suran),Local,26/08/2026,4500,5000,4750
Tamil Nadu,Madurai,Anaiyur(Uzhavar Sandhai ),Banana,Besrai,Local,26/08/2026,4000,5000,4500
Tamil Nadu,Madurai,Anaiyur(Uzhavar Sandhai ),Grapes,Annabesahai,Local,26/08/2026,11000,12000,11500
Tamil Nadu,Madurai,Anaiyur(Uzhavar Sandhai ),Garlic,Garlic,Local,26/08/2026,14000,27000,20500
Tamil Nadu,Madurai,Anaiyur(Uzhavar Sandhai ),Brinjal,Round,Local,26/08/2026,3600,5000,4300
Tamil Nadu,Madurai,Anaiyur(Uzhavar Sandhai ),Sweet Potato,Hosur Red,Local,26/08/2026,4000,5000,4500
Tamil Nadu,Madurai,Anaiyur(Uzhavar Sandhai ),Drumstick,Drumstick,Local,26/08/2026,3000,5000,4000
Tamil Nadu,Madurai,Anaiyur(Uzhavar Sandhai ),Pomegranate,Pomogranate,Local,26/08/2026,18000,23000,20500
Tamil Nadu,Madurai,Anaiyur(Uzhavar Sandhai ),Indian Beans(Seam),Indian Beans (Seam),Local,26/08/2026,5000,5500,5250
Tamil Nadu,Madurai,Anaiyur(Uzhavar Sandhai ),Lemon,Lemon,Local,26/08/2026,15000,17000,16000
Tamil Nadu,Madurai,Anaiyur(Uzhavar Sandhai ),Mint(Pudina),Mint(Pudina),Local,26/08/2026,4500,5000,4750
Tamil Nadu,Madurai,Usilampatti(Uzhavar Sandhai ),Tomato,Deshi,Local,26/08/2026,1800,2000,1900
Tamil Nadu,Madurai,Usilampatti(Uzhavar Sandhai ),Banana - Green,Banana - Green,Local,26/08/2026,2500,3000,2750
Tamil Nadu,Madurai,Usilampatti(Uzhavar Sandhai ),Green Avare(W),Green Avare (W),Local,26/08/2026,5000,5500,5250
Tamil Nadu,Nagapattinam,Sirkali(Uzhavar Sandhai ),Brinjal,Round,Local,26/08/2026,5000,5500,5250
Tamil Nadu,Nagapattinam,Sirkali(Uzhavar Sandhai ),Papaya,Papaya,Local,26/08/2026,3000,3500,3250
Tamil Nadu,Nagapattinam,Sirkali(Uzhavar Sandhai ),Bitter gourd,Bitter Gourd,Local,26/08/2026,5500,6000,5750
Tamil Nadu,Nagapattinam,Sirkali(Uzhavar Sandhai ),Amaranthus,Amaranthus,Local,26/08/2026,1500,2000,1750
Tamil Nadu,Nagapattinam,Sirkali(Uzhavar Sandhai ),Beans,Beans (Whole),Local,26/08/2026,9000,10000,9500
Tamil Nadu,Nagapattinam,Sirkali(Uzhavar Sandhai ),Tapioca,Tapioca,Local,26/08/2026,5500,6000,5750
Tamil Nadu,Nagapattinam,Sirkali(Uzhavar Sandhai ),Coconut,Coconut,Local,26/08/2026,3500,4000,3750
Tamil Nadu,Nagapattinam,Sirkali(Uzhavar Sandhai ),Cabbage,Cabbage,Local,26/08/2026,3000,3000,3000
Tamil Nadu,Nagapattinam,Sirkali(Uzhavar Sandhai ),Ridgeguard(Tori),Ridgeguard(Tori),Local,26/08/2026,5500,6000,5750
Tamil Nadu,Nagapattinam,Sirkali(Uzhavar Sandhai ),Guava,Guava Allahabad,Local,26/08/2026,4000,5000,4500
Tamil Nadu,Nagapattinam,Sirkali(Uzhavar Sandhai ),Onion Green,Onion Green,Local,26/08/2026,5500,6000,5750
Tamil Nadu,Namakkal,Kumarapalayam(Uzhavar Sandhai ),Potato,Other,Local,26/08/2026,2800,3000,2900
Tamil Nadu,Namakkal,Kumarapalayam(Uzhavar Sandhai ),Papaya,Papaya,Local,26/08/2026,2500,3000,2750
Tamil Nadu,Namakkal,Kumarapalayam(Uzhavar Sandhai ),Tomato,Other,Local,26/08/2026,1700,2500,2100
Tamil Nadu,Namakkal,Kumarapalayam(Uzhavar Sandhai ),Bitter gourd,Other,Local,26/08/2026,4900,5500,5200
Tamil Nadu,Namakkal,Kumarapalayam(Uzhavar Sandhai ),Snakeguard,Snakeguard,Local,26/08/2026,4500,5000,4750
Tamil Nadu,Namakkal,Kumarapalayam(Uzhavar Sandhai ),Drumstick,Drumstick,Local,26/08/2026,2000,2500,2250
Tamil Nadu,Namakkal,Kumarapalayam(Uzhavar Sandhai ),Guava,Guava Allahabad,Local,26/08/2026,5000,6000,5500
Tamil Nadu,Namakkal,Kumarapalayam(Uzhavar Sandhai ),Elephant Yam(Suran)/Amorphophallus,Elephant Yam (Suran),Local,26/08/2026,2500,3000,2750
Tamil Nadu,Namakkal,Mohanur(Uzhavar Sandhai ),Banana,Red Banana,Local,26/08/2026,7400,8000,7700
Tamil Nadu,Namakkal,Mohanur(Uzhavar Sandhai ),Brinjal,Other,Local,26/08/2026,5400,6000,5700
Tamil Nadu,Namakkal,Mohanur(Uzhavar Sandhai ),Papaya,Papaya,Local,26/08/2026,3200,3600,3400
Tamil Nadu,Namakkal,Mohanur(Uzhavar Sandhai ),Tomato,Deshi,Local,26/08/2026,2200,2800,2500
Tamil Nadu,Namakkal,Mohanur(Uzhavar Sandhai ),Bottle gourd,Bottle Gourd,Local,26/08/2026,1400,2000,1700
Tamil Nadu,Namakkal,Mohanur(Uzhavar Sandhai ),Bhindi(Ladies Finger),Bhindi,Local,26/08/2026,4400,4800,4600
Tamil Nadu,Namakkal,Mohanur(Uzhavar Sandhai ),Amaranthus,Amaranthus,Local,26/08/2026,5600,6000,5800
Tamil Nadu,Namakkal,Mohanur(Uzhavar Sandhai ),Carrot,Pusakesar,Local,26/08/2026,7400,8000,7700
Tamil Nadu,Namakkal,Mohanur(Uzhavar Sandhai ),Snakeguard,Snakeguard,Local,26/08/2026,5400,6000,5700
Tamil Nadu,Namakkal,Mohanur(Uzhavar Sandhai ),Green Avare(W),Other,Local,26/08/2026,7400,8000,7700
Tamil Nadu,Namakkal,Mohanur(Uzhavar Sandhai ),Onion Green,Onion Green,Local,26/08/2026,4000,8000,6000
Tamil Nadu,Namakkal,Namakkal(Uzhavar Sandhai ),Jasmine,Jasmine,Local,26/08/2026,45000,50000,47500
Tamil Nadu,Namakkal,Namakkal(Uzhavar Sandhai ),Garlic,Garlic,Local,26/08/2026,25000,27000,26000
Tamil Nadu,Namakkal,Namakkal(Uzhavar Sandhai ),Cauliflower,Ranchi,Local,26/08/2026,2500,4000,3250
Tamil Nadu,Namakkal,Namakkal(Uzhavar Sandhai ),Cluster beans,Cluster Beans,Local,26/08/2026,3000,3400,3200
Tamil Nadu,Namakkal,Namakkal(Uzhavar Sandhai ),Bitter gourd,Other,Local,26/08/2026,6000,6400,6200
Tamil Nadu,Namakkal,Namakkal(Uzhavar Sandhai ),Banana - Green,Banana - Green,Local,26/08/2026,4000,4500,4250
Tamil Nadu,Namakkal,Namakkal(Uzhavar Sandhai ),Raddish,Raddish,Local,26/08/2026,3000,3500,3250
Tamil Nadu,Namakkal,Namakkal(Uzhavar Sandhai ),Knool Khol,Knool Khol,Local,26/08/2026,3000,3200,3100
Tamil Nadu,Namakkal,Namakkal(Uzhavar Sandhai ),Amla(Nelli Kai),Amla,Local,26/08/2026,6500,7000,6750
Tamil Nadu,Namakkal,Paramathivelur(Uzhavar Sandhai ),Banana,Red Banana,Local,26/08/2026,7200,8000,7600
Tamil Nadu,Namakkal,Paramathivelur(Uzhavar Sandhai ),Bhindi(Ladies Finger),Bhindi,Local,26/08/2026,3900,4500,4200
Tamil Nadu,Namakkal,Paramathivelur(Uzhavar Sandhai ),Carrot,Pusakesar,Local,26/08/2026,7200,8000,7600
Tamil Nadu,Namakkal,Paramathivelur(Uzhavar Sandhai ),Amla(Nelli Kai),Amla,Local,26/08/2026,7200,8000,7600
Tamil Nadu,Namakkal,Rasipuram(Uzhavar Sandhai ),Sweet Corn ,Sweet Corn ,Local,26/08/2026,2000,2500,2250
Tamil Nadu,Namakkal,Rasipuram(Uzhavar Sandhai ),Papaya,Papaya,Local,26/08/2026,3000,3500,3250
Tamil Nadu,Namakkal,Rasipuram(Uzhavar Sandhai ),Mousambi(Sweet Lime),Mousambi,Local,26/08/2026,3500,4000,3750
Tamil Nadu,Namakkal,Rasipuram(Uzhavar Sandhai ),Tomato,Other,Local,26/08/2026,1800,2200,2000
Tamil Nadu,Namakkal,Rasipuram(Uzhavar Sandhai ),Banana - Green,Banana - Green,Local,26/08/2026,3500,4000,3750
Tamil Nadu,Namakkal,Rasipuram(Uzhavar Sandhai ),Tapioca,Tapioca,Local,26/08/2026,4000,4200,4100
Tamil Nadu,Namakkal,Rasipuram(Uzhavar Sandhai ),Carrot,Pusakesar,Local,26/08/2026,7000,8000,7500
Tamil Nadu,Namakkal,Rasipuram(Uzhavar Sandhai ),Cabbage,Cabbage,Local,26/08/2026,3600,3800,3700
Tamil Nadu,Namakkal,Rasipuram(Uzhavar Sandhai ),Snakeguard,Snakeguard,Local,26/08/2026,4500,5000,4750
Tamil Nadu,Namakkal,Rasipuram(Uzhavar Sandhai ),Beetroot,Beetroot,Local,26/08/2026,7000,8000,7500
Tamil Nadu,Namakkal,Rasipuram(Uzhavar Sandhai ),Raddish,Raddish,Local,26/08/2026,3000,3500,3250
Tamil Nadu,Namakkal,Rasipuram(Uzhavar Sandhai ),Chow Chow,Chow Chow,Local,26/08/2026,2500,3000,2750
Tamil Nadu,Namakkal,Rasipuram(Uzhavar Sandhai ),Mango(Raw-Ripe),Mango - Raw-Ripe,Local,26/08/2026,4500,5500,5000
Tamil Nadu,Namakkal,Rasipuram(Uzhavar Sandhai ),Onion Green,Onion Green,Local,26/08/2026,5200,7800,6500
Tamil Nadu,Namakkal,Rasipuram(Uzhavar Sandhai ),Rose(Local),Rose (Local),Local,26/08/2026,12000,14000,13000
Tamil Nadu,Thanjavur,Tirukattupalli(Uzhavar Sandhai ),Banana,Besrai,Local,26/08/2026,6500,6500,6500
Tamil Nadu,Thanjavur,Tirukattupalli(Uzhavar Sandhai ),Onion,Bellary,Local,26/08/2026,5400,6000,5700
Tamil Nadu,Thanjavur,Tirukattupalli(Uzhavar Sandhai ),Tomato,Deshi,Local,26/08/2026,2200,2200,2200
Tamil Nadu,Thanjavur,Tirukattupalli(Uzhavar Sandhai ),Ashgourd,Gouard,Local,26/08/2026,2000,2000,2000
Tamil Nadu,Thanjavur,Tirukattupalli(Uzhavar Sandhai ),Pumpkin,Pumpkin,Local,26/08/2026,2000,2000,2000
Tamil Nadu,Thanjavur,Tirukattupalli(Uzhavar Sandhai ),Green Chilli,Green Chilly,Local,26/08/2026,5400,5400,5400
Tamil Nadu,Thanjavur,Tirukattupalli(Uzhavar Sandhai ),Banana - Green,Banana - Green,Local,26/08/2026,4000,4000,4000
Tamil Nadu,Thanjavur,Tirukattupalli(Uzhavar Sandhai ),Raddish,Raddish,Local,26/08/2026,2800,2800,2800
Tamil Nadu,Thanjavur,Tirukattupalli(Uzhavar Sandhai ),Green Avare(W),Green Avare (W),Local,26/08/2026,4400,6000,5200
Tamil Nadu,Thanjavur,Tirukattupalli(Uzhavar Sandhai ),Mango(Raw-Ripe),Mango - Raw-Ripe,Local,26/08/2026,7000,7000,7000
Tamil Nadu,Madurai,Palanganatham(Uzhavar Sandhai ),Grapes,Annabesahai,Local,26/08/2026,11000,12000,11500
Tamil Nadu,Madurai,Palanganatham(Uzhavar Sandhai ),Potato,Other,Local,26/08/2026,5500,6000,5750
Tamil Nadu,Madurai,Palanganatham(Uzhavar Sandhai ),Bottle gourd,Bottle Gourd,Local,26/08/2026,2400,3000,2700
Tamil Nadu,Madurai,Palanganatham(Uzhavar Sandhai ),Ashgourd,Gouard,Local,26/08/2026,1600,2000,1800
Tamil Nadu,Madurai,Palanganatham(Uzhavar Sandhai ),Beans,Beans (Whole),Local,26/08/2026,10000,11000,10500
Tamil Nadu,Madurai,Palanganatham(Uzhavar Sandhai ),Capsicum,Capsicum,Local,26/08/2026,8000,9000,8500
Tamil Nadu,Madurai,Palanganatham(Uzhavar Sandhai ),Lime,Lime,Local,26/08/2026,12000,14000,13000
Tamil Nadu,Madurai,Anna nagar(Uzhavar Sandhai ),Mango,Safeda,Local,26/08/2026,6500,7500,7000
Tamil Nadu,Madurai,Anna nagar(Uzhavar Sandhai ),Potato,Red Nanital,Local,26/08/2026,4500,6000,5250
Tamil Nadu,Madurai,Anna nagar(Uzhavar Sandhai ),Bitter gourd,Bitter Gourd,Local,26/08/2026,6000,6500,6250
Tamil Nadu,Madurai,Anna nagar(Uzhavar Sandhai ),Grapes,Annabesahai,Local,26/08/2026,10000,10000,10000
Tamil Nadu,Madurai,Anna nagar(Uzhavar Sandhai ),Onion,Bellary,Local,26/08/2026,6000,6600,6300
Tamil Nadu,Madurai,Anna nagar(Uzhavar Sandhai ),Brinjal,Other,Local,26/08/2026,2600,2600,2600
Tamil Nadu,Madurai,Anna nagar(Uzhavar Sandhai ),Tapioca,Tapioca,Local,26/08/2026,3600,4000,3800
Tamil Nadu,Madurai,Anna nagar(Uzhavar Sandhai ),Coconut,Coconut,Local,26/08/2026,6600,6600,6600
Tamil Nadu,Madurai,Anna nagar(Uzhavar Sandhai ),Cabbage,Cabbage,Local,26/08/2026,3200,3600,3400
Tamil Nadu,Madurai,Anna nagar(Uzhavar Sandhai ),Drumstick,Drumstick,Local,26/08/2026,3600,3600,3600
Tamil Nadu,Madurai,Anna nagar(Uzhavar Sandhai ),Lemon,Lemon,Local,26/08/2026,17000,18000,17500
Tamil Nadu,Madurai,Anna nagar(Uzhavar Sandhai ),Onion Green,Onion Green,Local,26/08/2026,7000,7800,7400
Tamil Nadu,Madurai,Anna nagar(Uzhavar Sandhai ),Rose(Local),Rose (Local),Local,26/08/2026,16000,16000,16000
Tamil Nadu,Madurai,Anna nagar(Uzhavar Sandhai ),Sweet Corn ,Sweet Corn ,Local,26/08/2026,3000,3000,3000
Tamil Nadu,Perambalur,Perambalur(Uzhavar Sandhai ),Bitter gourd,Bitter Gourd,Local,26/08/2026,5000,5400,5200
Tamil Nadu,Perambalur,Perambalur(Uzhavar Sandhai ),Amaranthus,Amaranthus,Local,26/08/2026,2000,3000,2500
Tamil Nadu,Perambalur,Perambalur(Uzhavar Sandhai ),Cowpea(Veg),Cowpea (Veg),Local,26/08/2026,5400,5400,5400
Tamil Nadu,Perambalur,Perambalur(Uzhavar Sandhai ),Banana - Green,Banana - Green,Local,26/08/2026,3000,4000,3500
Tamil Nadu,Perambalur,Perambalur(Uzhavar Sandhai ),Coconut,Coconut,Local,26/08/2026,4000,5000,4500
Tamil Nadu,Perambalur,Perambalur(Uzhavar Sandhai ),Carrot,Pusakesar,Local,26/08/2026,7000,7000,7000
Tamil Nadu,Perambalur,Perambalur(Uzhavar Sandhai ),Cabbage,Cabbage,Local,26/08/2026,3000,3000,3000
Tamil Nadu,Perambalur,Perambalur(Uzhavar Sandhai ),Mango(Raw-Ripe),Mango - Raw-Ripe,Local,26/08/2026,9000,9600,9300
Tamil Nadu,Perambalur,Perambalur(Uzhavar Sandhai ),Lemon,Lemon,Local,26/08/2026,8000,10000,9000
Tamil Nadu,Perambalur,Perambalur(Uzhavar Sandhai ),Mashrooms,Mashrooms,Local,26/08/2026,18000,20000,19000
Tamil Nadu,Perambalur,Perambalur(Uzhavar Sandhai ),Sweet Corn ,Sweet Corn ,Local,26/08/2026,4000,5000,4500
Tamil Nadu,Salem,Mecheri(Uzhavar Sandhai),Amaranthus,Amaranthus,Local,26/08/2026,2000,2500,2250
Tamil Nadu,Salem,Mecheri(Uzhavar Sandhai),Coconut,Coconut,Local,26/08/2026,5000,6000,5500
Tamil Nadu,Salem,Mecheri(Uzhavar Sandhai),Snakeguard,Snakeguard,Local,26/08/2026,3500,3800,3650
Tamil Nadu,Ranipet,Arcot(Uzhavar Sandhai ),Garlic,Garlic,Local,26/08/2026,20000,20000,20000
Tamil Nadu,Ranipet,Arcot(Uzhavar Sandhai ),Brinjal,Other,Local,26/08/2026,4800,4800,4800
Tamil Nadu,Ranipet,Arcot(Uzhavar Sandhai ),Papaya,Papaya,Local,26/08/2026,4000,4000,4000
Tamil Nadu,Ranipet,Arcot(Uzhavar Sandhai ),Banana - Green,Banana - Green,Local,26/08/2026,4000,5000,4500
Tamil Nadu,Ranipet,Arcot(Uzhavar Sandhai ),Tapioca,Tapioca,Local,26/08/2026,3000,3000,3000
Tamil Nadu,Ranipet,Arcot(Uzhavar Sandhai ),Carrot,Pusakesar,Local,26/08/2026,7000,7000,7000
Tamil Nadu,Ranipet,Arcot(Uzhavar Sandhai ),Snakeguard,Snakeguard,Local,26/08/2026,3000,3000,3000
Tamil Nadu,Ranipet,Arcot(Uzhavar Sandhai ),Indian Beans(Seam),Indian Beans (Seam),Local,26/08/2026,6000,6000,6000
Tamil Nadu,Ranipet,Arcot(Uzhavar Sandhai ),Lemon,Lemon,Local,26/08/2026,12000,12000,12000
Tamil Nadu,Ranipet,Arcot(Uzhavar Sandhai ),Onion Green,Onion Green,Local,26/08/2026,8000,8000,8000
Tamil Nadu,Ranipet,Ranipettai(Uzhavar Sandhai ),Groundnut,Big (With Shell),Local,26/08/2026,6000,6000,6000
Tamil Nadu,Ranipet,Ranipettai(Uzhavar Sandhai ),Banana,Red Banana,Local,26/08/2026,10000,10000,10000
Tamil Nadu,Ranipet,Ranipettai(Uzhavar Sandhai ),Potato,Other,Local,26/08/2026,3000,3000,3000
Tamil Nadu,Ranipet,Ranipettai(Uzhavar Sandhai ),Garlic,Garlic,Local,26/08/2026,22000,26000,24000
Tamil Nadu,Ranipet,Ranipettai(Uzhavar Sandhai ),Papaya,Papaya,Local,26/08/2026,5000,5000,5000
Tamil Nadu,Ranipet,Ranipettai(Uzhavar Sandhai ),Tomato,Other,Local,26/08/2026,2000,2300,2150
Tamil Nadu,Ranipet,Ranipettai(Uzhavar Sandhai ),Pumpkin,Pumpkin,Local,26/08/2026,3000,3000,3000
Tamil Nadu,Ranipet,Ranipettai(Uzhavar Sandhai ),Bhindi(Ladies Finger),Bhindi,Local,26/08/2026,3000,3000,3000
Tamil Nadu,Ranipet,Ranipettai(Uzhavar Sandhai ),Sweet Potato,Hosur Red,Local,26/08/2026,5000,5000,5000
Tamil Nadu,Ranipet,Ranipettai(Uzhavar Sandhai ),Chow Chow,Chow Chow,Local,26/08/2026,4000,4000,4000
Tamil Nadu,Ranipet,Ranipettai(Uzhavar Sandhai ),Jasmine,Jasmine,Local,26/08/2026,72000,72000,72000
Tamil Nadu,Ranipet,Ranipettai(Uzhavar Sandhai ),Kakada,Kakada,Local,26/08/2026,36000,36000,36000
Tamil Nadu,Ranipet,Ranipettai(Uzhavar Sandhai ),Colacasia,Colacasia,Local,26/08/2026,3600,4000,3800
Tamil Nadu,Ranipet,Ranipettai(Uzhavar Sandhai ),Rose(Local),Rose (Local),Local,26/08/2026,14000,24000,19000
Tamil Nadu,Salem,Ammapet(Uzhavar Sandhai ),Potato,Other,Local,26/08/2026,4500,5000,4750
Tamil Nadu,Salem,Ammapet(Uzhavar Sandhai ),Papaya,Papaya,Local,26/08/2026,3000,3500,3250
Tamil Nadu,Salem,Ammapet(Uzhavar Sandhai ),Bitter gourd,Other,Local,26/08/2026,4500,5000,4750
Tamil Nadu,Salem,Ammapet(Uzhavar Sandhai ),Cowpea(Veg),Cowpea (Veg),Local,26/08/2026,4000,4500,4250
Tamil Nadu,Salem,Ammapet(Uzhavar Sandhai ),Cabbage,Cabbage,Local,26/08/2026,2500,3000,2750
Tamil Nadu,Salem,Ammapet(Uzhavar Sandhai ),Ridgeguard(Tori),Ridgeguard(Tori),Local,26/08/2026,3600,4000,3800
Tamil Nadu,Salem,Ammapet(Uzhavar Sandhai ),Thondekai,Thondekai,Local,26/08/2026,4500,5000,4750
Tamil Nadu,Salem,Ammapet(Uzhavar Sandhai ),Chow Chow,Chow Chow,Local,26/08/2026,4000,4500,4250
Tamil Nadu,Salem,Ammapet(Uzhavar Sandhai ),Tender Coconut,Tender Coconut,Local,26/08/2026,3000,4000,3500
Tamil Nadu,Salem,Ammapet(Uzhavar Sandhai ),Yam(Ratalu),Yam (Ratalu),Local,26/08/2026,6500,7000,6750
Tamil Nadu,Salem,Ammapet(Uzhavar Sandhai ),Mint(Pudina),Mint(Pudina),Local,26/08/2026,3000,3200,3100
Tamil Nadu,Salem,Mettur(Uzhavar Sandhai ),Onion,Bellary,Local,26/08/2026,6000,6500,6250
Tamil Nadu,Salem,Mettur(Uzhavar Sandhai ),Cluster beans,Cluster Beans,Local,26/08/2026,3000,3500,3250
Tamil Nadu,Salem,Mettur(Uzhavar Sandhai ),Coconut,Coconut,Local,26/08/2026,5500,6000,5750
Tamil Nadu,Salem,Mettur(Uzhavar Sandhai ),Ridgeguard(Tori),Ridgeguard(Tori),Local,26/08/2026,3500,4000,3750
Tamil Nadu,Salem,Mettur(Uzhavar Sandhai ),Thondekai,Thondekai,Local,26/08/2026,4500,5000,4750
Tamil Nadu,Salem,Mettur(Uzhavar Sandhai ),Drumstick,Drumstick,Local,26/08/2026,2000,3000,2500
Tamil Nadu,Salem,Mettur(Uzhavar Sandhai ),Tender Coconut,Tender Coconut,Local,26/08/2026,3500,4000,3750
Tamil Nadu,Salem,Mettur(Uzhavar Sandhai ),Indian Beans(Seam),Indian Beans (Seam),Local,26/08/2026,5500,6000,5750
Tamil Nadu,Salem,Mettur(Uzhavar Sandhai ),Rose(Local),Rose (Local),Local,26/08/2026,13000,14000,13500
Tamil Nadu,Salem,Sooramangalam(Uzhavar Sandhai ),Sweet Corn ,Sweet Corn ,Local,26/08/2026,3000,3500,3250
Tamil Nadu,Salem,Sooramangalam(Uzhavar Sandhai ),Mango,Neelam,Local,26/08/2026,9000,10000,9500
Tamil Nadu,Salem,Sooramangalam(Uzhavar Sandhai ),Onion,Bellary,Local,26/08/2026,5500,6000,5750
Tamil Nadu,Salem,Sooramangalam(Uzhavar Sandhai ),Green Peas,Green Peas,Local,26/08/2026,13500,14000,13750
Tamil Nadu,Salem,Sooramangalam(Uzhavar Sandhai ),Water Melon,Water Melon,Local,26/08/2026,2000,2500,2250
Tamil Nadu,Salem,Sooramangalam(Uzhavar Sandhai ),Bottle gourd,Bottle Gourd,Local,26/08/2026,2000,3000,2500
Tamil Nadu,Salem,Sooramangalam(Uzhavar Sandhai ),Pumpkin,Pumpkin,Local,26/08/2026,1800,2000,1900
Tamil Nadu,Salem,Sooramangalam(Uzhavar Sandhai ),Green Chilli,Green Chilly,Local,26/08/2026,4800,5200,5000
Tamil Nadu,Salem,Sooramangalam(Uzhavar Sandhai ),Cowpea(Veg),Cowpea (Veg),Local,26/08/2026,4000,4500,4250
Tamil Nadu,Salem,Sooramangalam(Uzhavar Sandhai ),Beans,Beans (Whole),Local,26/08/2026,7800,8200,8000
Tamil Nadu,Salem,Sooramangalam(Uzhavar Sandhai ),Snakeguard,Snakeguard,Local,26/08/2026,3800,4000,3900
Tamil Nadu,Salem,Sooramangalam(Uzhavar Sandhai ),Cucumbar(Kheera),Cucumbar,Local,26/08/2026,4000,4500,4250
Tamil Nadu,Salem,Sooramangalam(Uzhavar Sandhai ),Thondekai,Thondekai,Local,26/08/2026,4000,4500,4250
Tamil Nadu,Salem,Sooramangalam(Uzhavar Sandhai ),Drumstick,Drumstick,Local,26/08/2026,2500,3000,2750
Tamil Nadu,Salem,Sooramangalam(Uzhavar Sandhai ),Marigold(Calcutta),Marigold(Calcutta),Local,26/08/2026,19000,20000,19500
Tamil Nadu,Salem,Sooramangalam(Uzhavar Sandhai ),Yam(Ratalu),Yam (Ratalu),Local,26/08/2026,8000,8500,8250
Tamil Nadu,Salem,Sooramangalam(Uzhavar Sandhai ),Onion Green,Onion Green,Local,26/08/2026,5500,6000,5750
Tamil Nadu,Thiruchirappalli,Thuraiyur APMC,Cluster beans,Cluster Beans,Local,26/08/2026,3500,4000,3750
Tamil Nadu,Thiruchirappalli,Thuraiyur APMC,Bottle gourd,Bottle Gourd,Local,26/08/2026,2500,3000,2750
Tamil Nadu,Thiruchirappalli,Thuraiyur APMC,Bhindi(Ladies Finger),Bhindi,Local,26/08/2026,4000,4500,4250
Tamil Nadu,Thiruchirappalli,Thuraiyur APMC,Cowpea(Veg),Cowpea (Veg),Local,26/08/2026,3500,4000,3750
Tamil Nadu,Thiruchirappalli,Thuraiyur APMC,Carrot,Pusakesar,Local,26/08/2026,6500,7500,7000
Tamil Nadu,Thiruchirappalli,Thuraiyur APMC,Chow Chow,Chow Chow,Local,26/08/2026,3500,4000,3750
Tamil Nadu,Thiruchirappalli,Thuraiyur APMC,Elephant Yam(Suran)/Amorphophallus,Elephant Yam (Suran),Local,26/08/2026,3500,4000,3750
Tamil Nadu,Thiruchirappalli,Thuraiyur APMC,Onion Green,Onion Green,Local,26/08/2026,7000,8000,7500
Tamil Nadu,Salem,Thammampatti (Uzhavar Sandhai ),Onion,Bellary,Local,26/08/2026,5500,6000,5750
Tamil Nadu,Salem,Thammampatti (Uzhavar Sandhai ),Brinjal,Other,Local,26/08/2026,3000,3500,3250
Tamil Nadu,Salem,Thammampatti (Uzhavar Sandhai ),Papaya,Papaya,Local,26/08/2026,2500,3000,2750
Tamil Nadu,Salem,Thammampatti (Uzhavar Sandhai ),Cluster beans,Cluster Beans,Local,26/08/2026,3500,4000,3750
Tamil Nadu,Salem,Thammampatti (Uzhavar Sandhai ),Drumstick,Drumstick,Local,26/08/2026,1500,2000,1750
Tamil Nadu,Salem,Thammampatti (Uzhavar Sandhai ),Sweet Corn ,Sweet Corn ,Local,26/08/2026,2500,3000,2750
Tamil Nadu,Salem,Thathakapatti(Uzhavar Sandhai ),Brinjal,Round,Local,26/08/2026,3800,4400,4100
Tamil Nadu,Salem,Thathakapatti(Uzhavar Sandhai ),Water Melon,Water Melon,Local,26/08/2026,1500,1800,1650
Tamil Nadu,Salem,Thathakapatti(Uzhavar Sandhai ),Tomato,Deshi,Local,26/08/2026,1400,2000,1700
Tamil Nadu,Salem,Thathakapatti(Uzhavar Sandhai ),Amaranthus,Amaranthus,Local,26/08/2026,2000,2400,2200
Tamil Nadu,Salem,Thathakapatti(Uzhavar Sandhai ),Tapioca,Tapioca,Local,26/08/2026,3000,4000,3500
Tamil Nadu,Salem,Thathakapatti(Uzhavar Sandhai ),Carrot,Pusakesar,Local,26/08/2026,7000,7400,7200
Tamil Nadu,Salem,Thathakapatti(Uzhavar Sandhai ),Snakeguard,Snakeguard,Local,26/08/2026,3800,4000,3900
Tamil Nadu,Salem,Thathakapatti(Uzhavar Sandhai ),Beetroot,Beetroot,Local,26/08/2026,6500,7000,6750
Tamil Nadu,Salem,Thathakapatti(Uzhavar Sandhai ),Thondekai,Thondekai,Local,26/08/2026,4000,5000,4500
Tamil Nadu,Salem,Thathakapatti(Uzhavar Sandhai ),Drumstick,Drumstick,Local,26/08/2026,2000,2500,2250
Tamil Nadu,Salem,Thathakapatti(Uzhavar Sandhai ),Tamarind Fruit,Tamarind Fruit,Local,26/08/2026,14000,15000,14500
Tamil Nadu,Salem,Thathakapatti(Uzhavar Sandhai ),Elephant Yam(Suran)/Amorphophallus,Elephant Yam (Suran),Local,26/08/2026,5000,5500,5250
Tamil Nadu,Salem,Thathakapatti(Uzhavar Sandhai ),Indian Beans(Seam),Indian Beans (Seam),Local,26/08/2026,5000,6000,5500
Tamil Nadu,Salem,Thathakapatti(Uzhavar Sandhai ),Colacasia,Colacasia,Local,26/08/2026,5000,6000,5500
Tamil Nadu,Theni,Chinnamanur(Uzhavar Sandhai ),Onion,Bellary,Local,26/08/2026,6000,6000,6000
Tamil Nadu,Theni,Chinnamanur(Uzhavar Sandhai ),Garlic,Garlic,Local,26/08/2026,14000,24000,19000
Tamil Nadu,Theni,Chinnamanur(Uzhavar Sandhai ),Brinjal,Round,Local,26/08/2026,3400,3400,3400
Tamil Nadu,Theni,Chinnamanur(Uzhavar Sandhai ),Tomato,Local,Local,26/08/2026,1500,1600,1550
Tamil Nadu,Theni,Chinnamanur(Uzhavar Sandhai ),Cluster beans,Cluster Beans,Local,26/08/2026,3000,3000,3000
Tamil Nadu,Theni,Chinnamanur(Uzhavar Sandhai ),Bitter gourd,Other,Local,26/08/2026,3600,3600,3600
Tamil Nadu,Theni,Chinnamanur(Uzhavar Sandhai ),Bottle gourd,Bottle Gourd,Local,26/08/2026,2000,2000,2000
Tamil Nadu,Theni,Chinnamanur(Uzhavar Sandhai ),Bhindi(Ladies Finger),Bhindi,Local,26/08/2026,2800,3000,2900
Tamil Nadu,Theni,Chinnamanur(Uzhavar Sandhai ),Coconut,Coconut,Local,26/08/2026,5400,5400,5400
Tamil Nadu,Theni,Chinnamanur(Uzhavar Sandhai ),Cabbage,Cabbage,Local,26/08/2026,3200,3200,3200
Tamil Nadu,Theni,Chinnamanur(Uzhavar Sandhai ),Chow Chow,Chow Chow,Local,26/08/2026,3000,3000,3000
Tamil Nadu,Theni,Chinnamanur(Uzhavar Sandhai ),Mint(Pudina),Mint(Pudina),Local,26/08/2026,5000,5000,5000
Tamil Nadu,Theni,Kambam(Uzhavar Sandhai ),Banana,Red Banana,Local,26/08/2026,6000,6000,6000
Tamil Nadu,Theni,Kambam(Uzhavar Sandhai ),Onion,Bellary,Local,26/08/2026,5400,5500,5450
Tamil Nadu,Theni,Kambam(Uzhavar Sandhai ),Brinjal,Other,Local,26/08/2026,3200,3500,3350
Tamil Nadu,Theni,Kambam(Uzhavar Sandhai ),Papaya,Papaya,Local,26/08/2026,2500,3000,2750
Tamil Nadu,Theni,Kambam(Uzhavar Sandhai ),Tomato,Other,Local,26/08/2026,1400,1700,1550
Tamil Nadu,Theni,Kambam(Uzhavar Sandhai ),Pumpkin,Pumpkin,Local,26/08/2026,1800,1800,1800
Tamil Nadu,Theni,Kambam(Uzhavar Sandhai ),Amaranthus,Amaranthus,Local,26/08/2026,3000,3000,3000
Tamil Nadu,Theni,Kambam(Uzhavar Sandhai ),Beans,Beans (Whole),Local,26/08/2026,7500,10000,8750
Tamil Nadu,Theni,Kambam(Uzhavar Sandhai ),Carrot,Pusakesar,Local,26/08/2026,5500,5700,5600
Tamil Nadu,Theni,Kambam(Uzhavar Sandhai ),Cabbage,Cabbage,Local,26/08/2026,3000,3000,3000
Tamil Nadu,Theni,Kambam(Uzhavar Sandhai ),Knool Khol,Knool Khol,Local,26/08/2026,3200,3200,3200
Tamil Nadu,Theni,Kambam(Uzhavar Sandhai ),Lime,Lime,Local,26/08/2026,12000,12000,12000
Tamil Nadu,Theni,Kambam(Uzhavar Sandhai ),Lemon,Lemon,Local,26/08/2026,11000,13000,12000
Tamil Nadu,Theni,Kambam(Uzhavar Sandhai ),Mashrooms,Mashrooms,Local,26/08/2026,25000,25000,25000
Tamil Nadu,Theni,Theni(Uzhavar Sandhai ),Soyabean,Local,Local,26/08/2026,8000,8000,8000
Tamil Nadu,Theni,Theni(Uzhavar Sandhai ),Apple,American,Local,26/08/2026,14000,26000,20000
Tamil Nadu,Theni,Theni(Uzhavar Sandhai ),Garlic,Garlic,Local,26/08/2026,10000,20000,15000
Tamil Nadu,Theni,Theni(Uzhavar Sandhai ),Tomato,Other,Local,26/08/2026,2000,2000,2000
Tamil Nadu,Theni,Theni(Uzhavar Sandhai ),Ginger(Green),Green Ginger,Local,26/08/2026,9000,15000,12000
Tamil Nadu,Theni,Theni(Uzhavar Sandhai ),Raddish,Raddish,Local,26/08/2026,2200,2200,2200
Tamil Nadu,Theni,Theni(Uzhavar Sandhai ),Drumstick,Drumstick,Local,26/08/2026,1500,2500,2000
Tamil Nadu,Theni,Theni(Uzhavar Sandhai ),Mango(Raw-Ripe),Mango - Raw-Ripe,Local,26/08/2026,4000,4000,4000
Tamil Nadu,Theni,Theni(Uzhavar Sandhai ),Colacasia,Colacasia,Local,26/08/2026,6000,6000,6000
Tamil Nadu,Theni,Theni(Uzhavar Sandhai ),Mint(Pudina),Mint(Pudina),Local,26/08/2026,5000,5000,5000
Tamil Nadu,Thirunelveli,Ambasamudram(Uzhavar Sandhai ),Pumpkin,Pumpkin,Local,26/08/2026,1000,1200,1100
Tamil Nadu,Thirunelveli,Ambasamudram(Uzhavar Sandhai ),Bhindi(Ladies Finger),Bhindi,Local,26/08/2026,2200,2600,2400
Tamil Nadu,Thirunelveli,Ambasamudram(Uzhavar Sandhai ),Green Chilli,Green Chilly,Local,26/08/2026,3300,4000,3650
Tamil Nadu,Thirunelveli,Kandiyaperi(Uzhavar Sandhai ),Onion Green,Onion Green,Local,26/08/2026,5500,7200,6350
Tamil Nadu,Thirunelveli,Melapalayam(Uzhavar Sandhai ),Green Chilli,Green Chilly,Local,26/08/2026,3800,4000,3900
Tamil Nadu,Thirunelveli,Melapalayam(Uzhavar Sandhai ),Tapioca,Tapioca,Local,26/08/2026,3000,3500,3250
Tamil Nadu,Thirunelveli,Melapalayam(Uzhavar Sandhai ),Carrot,Pusakesar,Local,26/08/2026,4000,7600,5800
Tamil Nadu,Thirunelveli,Melapalayam(Uzhavar Sandhai ),Snakeguard,Snakeguard,Local,26/08/2026,1800,2000,1900
Tamil Nadu,Thirunelveli,Melapalayam(Uzhavar Sandhai ),Thondekai,Thondekai,Local,26/08/2026,4000,4500,4250
Tamil Nadu,Thirunelveli,Melapalayam(Uzhavar Sandhai ),Mango(Raw-Ripe),Mango - Raw-Ripe,Local,26/08/2026,6000,6500,6250
Tamil Nadu,Thirunelveli,Melapalayam(Uzhavar Sandhai ),Mint(Pudina),Mint(Pudina),Local,26/08/2026,5500,6000,5750
Tamil Nadu,Thirunelveli,NGO Colony(Uzhavar Sandhai ),Bottle gourd,Bottle Gourd,Local,26/08/2026,2500,3000,2750
Tamil Nadu,Thirunelveli,NGO Colony(Uzhavar Sandhai ),Ashgourd,Gouard,Local,26/08/2026,800,1000,900
Tamil Nadu,Thirunelveli,NGO Colony(Uzhavar Sandhai ),Ginger(Green),Green Ginger,Local,26/08/2026,12000,15000,13500
Tamil Nadu,Thirunelveli,NGO Colony(Uzhavar Sandhai ),Raddish,Raddish,Local,26/08/2026,3000,3500,3250
Tamil Nadu,Thirunelveli,NGO Colony(Uzhavar Sandhai ),Green Avare(W),Green Avare (W),Local,26/08/2026,5000,5500,5250
Tamil Nadu,Thirunelveli,NGO Colony(Uzhavar Sandhai ),Onion Green,Onion Green,Local,26/08/2026,6500,7200,6850
Tamil Nadu,Thirunelveli,NGO Colony(Uzhavar Sandhai ),Mint(Pudina),Mint(Pudina),Local,26/08/2026,5500,6000,5750
Tamil Nadu,Thirunelveli,Palayamkottai(Uzhavar Sandhai ),Potato,Other,Local,26/08/2026,2400,2600,2500
Tamil Nadu,Thirunelveli,Palayamkottai(Uzhavar Sandhai ),Garlic,Garlic,Local,26/08/2026,22000,26000,24000
Tamil Nadu,Thirunelveli,Palayamkottai(Uzhavar Sandhai ),Green Chilli,Green Chilly,Local,26/08/2026,3800,4000,3900
Tamil Nadu,Thirunelveli,Palayamkottai(Uzhavar Sandhai ),Cowpea(Veg),Cowpea (Veg),Local,26/08/2026,1800,2000,1900
Tamil Nadu,Thirunelveli,Palayamkottai(Uzhavar Sandhai ),Carrot,Pusakesar,Local,26/08/2026,4000,7600,5800
Tamil Nadu,Thirunelveli,Palayamkottai(Uzhavar Sandhai ),Snakeguard,Snakeguard,Local,26/08/2026,1800,2000,1900
Tamil Nadu,Thirunelveli,Palayamkottai(Uzhavar Sandhai ),Ridgeguard(Tori),Ridgeguard(Tori),Local,26/08/2026,3500,4000,3750
Tamil Nadu,Thirunelveli,Palayamkottai(Uzhavar Sandhai ),Thondekai,Thondekai,Local,26/08/2026,4000,4500,4250
Tamil Nadu,Thirunelveli,Palayamkottai(Uzhavar Sandhai ),Green Avare(W),Other,Local,26/08/2026,5000,5500,5250
Tamil Nadu,Thirunelveli,Palayamkottai(Uzhavar Sandhai ),Elephant Yam(Suran)/Amorphophallus,Elephant Yam (Suran),Local,26/08/2026,4000,4500,4250
Tamil Nadu,Thirunelveli,Palayamkottai(Uzhavar Sandhai ),Lemon,Lemon,Local,26/08/2026,12000,13000,12500
Tamil Nadu,Thirupur,Kangayam(Uzhavar Sandhai ),Coriander(Leaves),I Sort,Local,26/08/2026,3800,4200,4000
Tamil Nadu,Thirupur,Kangayam(Uzhavar Sandhai ),Tomato,Local,Local,26/08/2026,1000,1500,1250
Tamil Nadu,Thirupur,Kangayam(Uzhavar Sandhai ),Pumpkin,Pumpkin,Local,26/08/2026,1500,2000,1750
Tamil Nadu,Thirupur,Tiruppur (North) (Uzhavar Sandhai ),Coriander(Leaves),I Sort,Local,26/08/2026,2500,3000,2750
Tamil Nadu,Thirupur,Tiruppur (North) (Uzhavar Sandhai ),Papaya,Papaya,Local,26/08/2026,2500,3000,2750
Tamil Nadu,Thirupur,Tiruppur (North) (Uzhavar Sandhai ),Ashgourd,Gouard,Local,26/08/2026,1500,2000,1750
Tamil Nadu,Thirupur,Tiruppur (North) (Uzhavar Sandhai ),Banana - Green,Banana - Green,Local,26/08/2026,2500,3000,2750
Tamil Nadu,Thirupur,Tiruppur (North) (Uzhavar Sandhai ),Beans,Beans (Whole),Local,26/08/2026,6000,7000,6500
Tamil Nadu,Thirupur,Tiruppur (North) (Uzhavar Sandhai ),Sweet Potato,Hosur Red,Local,26/08/2026,3500,4000,3750
Tamil Nadu,Thirupur,Tiruppur (North) (Uzhavar Sandhai ),Onion Green,Onion Green,Local,26/08/2026,6000,7000,6500
Tamil Nadu,Thiruvannamalai,Chengam(Uzhavar Sandhai ),Brinjal,Round,Local,26/08/2026,3300,4000,3650
Tamil Nadu,Thiruvannamalai,Chengam(Uzhavar Sandhai ),Ashgourd,Gouard,Local,26/08/2026,2000,2500,2250
Tamil Nadu,Thiruvannamalai,Chengam(Uzhavar Sandhai ),Pumpkin,Pumpkin,Local,26/08/2026,2000,2500,2250
Tamil Nadu,Thiruvannamalai,Chengam(Uzhavar Sandhai ),Beans,Beans (Whole),Local,26/08/2026,8000,10000,9000
Tamil Nadu,Thiruvannamalai,Chengam(Uzhavar Sandhai ),Sweet Potato,Hosur Red,Local,26/08/2026,3300,4000,3650
Tamil Nadu,Thiruvannamalai,Chengam(Uzhavar Sandhai ),Carrot,Pusakesar,Local,26/08/2026,6000,7200,6600
Tamil Nadu,Thiruvannamalai,Chengam(Uzhavar Sandhai ),Cabbage,Cabbage,Local,26/08/2026,3300,4000,3650
Tamil Nadu,Thiruvannamalai,Chengam(Uzhavar Sandhai ),Ridgeguard(Tori),Ridgeguard(Tori),Local,26/08/2026,5000,6000,5500
Tamil Nadu,Thiruvannamalai,Chengam(Uzhavar Sandhai ),Thondekai,Thondekai,Local,26/08/2026,4200,5000,4600
Tamil Nadu,Thiruvannamalai,Chengam(Uzhavar Sandhai ),Green Avare(W),Green Avare (W),Local,26/08/2026,5000,6000,5500
Tamil Nadu,Thiruvannamalai,Chengam(Uzhavar Sandhai ),Guava,Guava Allahabad,Local,26/08/2026,5000,6000,5500
Tamil Nadu,Thiruvannamalai,Chengam(Uzhavar Sandhai ),Custard Apple(Sharifa),Custard Apple(Sharifa),Local,26/08/2026,3300,4000,3650
Tamil Nadu,Thiruvannamalai,Chengam(Uzhavar Sandhai ),Amla(Nelli Kai),Amla,Local,26/08/2026,10000,12000,11000
Tamil Nadu,Thiruvannamalai,Tamarainagar(Uzhavar Sandhai ),Groundnut,Big (With Shell),Local,26/08/2026,6000,7000,6500
Tamil Nadu,Thiruvannamalai,Tamarainagar(Uzhavar Sandhai ),Banana,Besrai,Local,26/08/2026,5000,6000,5500
Tamil Nadu,Thiruvannamalai,Tamarainagar(Uzhavar Sandhai ),Coriander(Leaves),I Sort,Local,26/08/2026,5000,6000,5500
Tamil Nadu,Thiruvannamalai,Tamarainagar(Uzhavar Sandhai ),Tomato,Deshi,Local,26/08/2026,1600,2000,1800
Tamil Nadu,Thiruvannamalai,Tamarainagar(Uzhavar Sandhai ),Bhindi(Ladies Finger),Bhindi,Local,26/08/2026,2000,2500,2250
Tamil Nadu,Thiruvannamalai,Tamarainagar(Uzhavar Sandhai ),Beans,Beans (Whole),Local,26/08/2026,8000,10000,9000
Tamil Nadu,Thiruvannamalai,Tamarainagar(Uzhavar Sandhai ),Coconut,Coconut,Local,26/08/2026,6000,6500,6250
Tamil Nadu,Thiruvannamalai,Tamarainagar(Uzhavar Sandhai ),Cucumbar(Kheera),Cucumbar,Local,26/08/2026,5000,6000,5500
Tamil Nadu,Thiruvannamalai,Tamarainagar(Uzhavar Sandhai ),Green Avare(W),Green Avare (W),Local,26/08/2026,3500,4200,3850
Tamil Nadu,Thiruvannamalai,Tamarainagar(Uzhavar Sandhai ),Lime,Lime,Local,26/08/2026,5000,6000,5500
Tamil Nadu,Thiruvannamalai,Tamarainagar(Uzhavar Sandhai ),Elephant Yam(Suran)/Amorphophallus,Elephant Yam (Suran),Local,26/08/2026,4200,5000,4600
Tamil Nadu,Thiruvannamalai,Vandavasi(Uzhavar Sandhai ),Onion,Bellary,Local,26/08/2026,4000,5000,4500
Tamil Nadu,Thiruvannamalai,Vandavasi(Uzhavar Sandhai ),Raddish,Raddish,Local,26/08/2026,2500,3000,2750
Tamil Nadu,Thiruvannamalai,Vandavasi(Uzhavar Sandhai ),Knool Khol,Knool Khol,Local,26/08/2026,3600,4200,3900
Tamil Nadu,Thiruvannamalai,Vandavasi(Uzhavar Sandhai ),Yam(Ratalu),Yam (Ratalu),Local,26/08/2026,4000,4800,4400
Tamil Nadu,Thiruvannamalai,Vandavasi(Uzhavar Sandhai ),Onion Green,Onion Green,Local,26/08/2026,5000,6000,5500
Tamil Nadu,Thiruvarur,Muthupettai(Uzhavar Sandhai ),Bitter gourd,Bitter Gourd,Local,26/08/2026,6000,6000,6000
Tamil Nadu,Thiruvarur,Muthupettai(Uzhavar Sandhai ),Bhindi(Ladies Finger),Bhindi,Local,26/08/2026,3600,3600,3600
Tamil Nadu,Thiruvarur,Muthupettai(Uzhavar Sandhai ),Banana - Green,Banana - Green,Local,26/08/2026,4000,4000,4000
Maharashtra,Sangli,"Sangli(Phale, Bhajipala Market) APMC",Chikoos(Sapota),Other,Local,26/08/2026,2000,6000,4000
Maharashtra,Sangli,"Sangli(Phale, Bhajipala Market) APMC",Water Melon,Other,Local,26/08/2026,600,1100,850
Maharashtra,Sangli,"Sangli(Phale, Bhajipala Market) APMC",Mousambi(Sweet Lime),Other,Local,26/08/2026,2000,4500,3250
Maharashtra,Sangli,"Sangli(Phale, Bhajipala Market) APMC",Seetapal,Other,Local,26/08/2026,2500,7500,5000
Tamil Nadu,Coimbatore,Sulur(Uzhavar Sandhai ),Garlic,Garlic,Local,26/08/2026,14000,18000,16000
Tamil Nadu,Coimbatore,Sulur(Uzhavar Sandhai ),Coriander(Leaves),I Sort,Local,26/08/2026,3500,4000,3750
Tamil Nadu,Coimbatore,Sulur(Uzhavar Sandhai ),Tomato,Local,Local,26/08/2026,1500,1800,1650
Tamil Nadu,Coimbatore,Sulur(Uzhavar Sandhai ),Bitter gourd,Other,Local,26/08/2026,5000,5500,5250
Tamil Nadu,Coimbatore,Sulur(Uzhavar Sandhai ),Amaranthus,Amaranthus,Local,26/08/2026,4500,5000,4750
Tamil Nadu,Coimbatore,Sulur(Uzhavar Sandhai ),Carrot,Pusakesar,Local,26/08/2026,5500,6200,5850
Tamil Nadu,Coimbatore,Sulur(Uzhavar Sandhai ),Guava,Guava Allahabad,Local,26/08/2026,5500,6000,5750
Tamil Nadu,Coimbatore,Sulur(Uzhavar Sandhai ),Onion Green,Onion Green,Local,26/08/2026,7000,7500,7250
Tamil Nadu,Pudukkottai,Gandarvakottai(Uzhavar Sandhai ),Onion,Bellary,Local,26/08/2026,5500,6000,5750
Tamil Nadu,Pudukkottai,Gandarvakottai(Uzhavar Sandhai ),Potato,Red Nanital,Local,26/08/2026,5500,6000,5750
Tamil Nadu,Pudukkottai,Gandarvakottai(Uzhavar Sandhai ),Bottle gourd,Bottle Gourd,Local,26/08/2026,2000,2500,2250
Tamil Nadu,Pudukkottai,Gandarvakottai(Uzhavar Sandhai ),Pumpkin,Pumpkin,Local,26/08/2026,1000,1500,1250
Tamil Nadu,Pudukkottai,Gandarvakottai(Uzhavar Sandhai ),Amaranthus,Amaranthus,Local,26/08/2026,1000,1500,1250
Tamil Nadu,Cuddalore,Panruti(Uzhavar Sandhai ),Coriander(Leaves),I Sort,Local,26/08/2026,5000,5000,5000
Tamil Nadu,Cuddalore,Panruti(Uzhavar Sandhai ),Green Chilli,Green Chilly,Local,26/08/2026,5000,5000,5000
Tamil Nadu,Cuddalore,Panruti(Uzhavar Sandhai ),Guava,Guava Allahabad,Local,26/08/2026,5000,5000,5000
Tamil Nadu,Cuddalore,Panruti(Uzhavar Sandhai ),Mint(Pudina),Mint(Pudina),Local,26/08/2026,5000,5000,5000
Tamil Nadu,Cuddalore,Vadalur(Uzhavar Sandhai ),Amaranthus,Amaranthus,Local,26/08/2026,3000,3500,3250
Tamil Nadu,Cuddalore,Vadalur(Uzhavar Sandhai ),Banana - Green,Banana - Green,Local,26/08/2026,3000,3000,3000
Tamil Nadu,Cuddalore,Vadalur(Uzhavar Sandhai ),Ginger(Green),Green Ginger,Local,26/08/2026,18000,18000,18000
Tamil Nadu,Cuddalore,Vadalur(Uzhavar Sandhai ),Coconut,Coconut,Local,26/08/2026,5000,6000,5500
Tamil Nadu,Cuddalore,Vadalur(Uzhavar Sandhai ),Cucumbar(Kheera),Cucumbar,Local,26/08/2026,4000,4000,4000
Tamil Nadu,Cuddalore,Vadalur(Uzhavar Sandhai ),Yam(Ratalu),Yam (Ratalu),Local,26/08/2026,6000,6000,6000
Tamil Nadu,Cuddalore,Vadalur(Uzhavar Sandhai ),Lemon,Lemon,Local,26/08/2026,7000,8000,7500
Tamil Nadu,Dharmapuri,AJattihalli(Uzhavar Sandhai ),Garlic,Garlic,Local,26/08/2026,20000,23800,21900
Tamil Nadu,Dharmapuri,AJattihalli(Uzhavar Sandhai ),Cluster beans,Cluster Beans,Local,26/08/2026,2600,2600,2600
Tamil Nadu,Dharmapuri,AJattihalli(Uzhavar Sandhai ),Beans,Beans (Whole),Local,26/08/2026,9000,9000,9000
Tamil Nadu,Dharmapuri,AJattihalli(Uzhavar Sandhai ),Coconut,Coconut,Local,26/08/2026,6500,7400,6950
Tamil Nadu,Dharmapuri,AJattihalli(Uzhavar Sandhai ),Capsicum,Capsicum,Local,26/08/2026,8000,8000,8000
Tamil Nadu,Dharmapuri,AJattihalli(Uzhavar Sandhai ),Mint(Pudina),Mint(Pudina),Local,26/08/2026,4000,5000,4500
Tamil Nadu,Karur,Pallapatti (Uzhavar Sandhai ),Green Chilli,Green Chilly,Local,26/08/2026,5000,6000,5500
Tamil Nadu,Karur,Pallapatti (Uzhavar Sandhai ),Tapioca,Tapioca,Local,26/08/2026,2500,3000,2750
Tamil Nadu,Karur,Pallapatti (Uzhavar Sandhai ),Green Avare(W),Other,Local,26/08/2026,7000,8000,7500
Tamil Nadu,Karur,Pallapatti (Uzhavar Sandhai ),Mint(Pudina),Mint(Pudina),Local,26/08/2026,4500,5000,4750
Tamil Nadu,Karur,Velayuthampalayam(Uzhavar Sandhai ),Coriander(Leaves),I Sort,Local,26/08/2026,4500,5500,5000
Tamil Nadu,Karur,Velayuthampalayam(Uzhavar Sandhai ),Banana - Green,Banana - Green,Local,26/08/2026,2400,3000,2700
Tamil Nadu,Karur,Velayuthampalayam(Uzhavar Sandhai ),Snakeguard,Snakeguard,Local,26/08/2026,3200,4000,3600
Tamil Nadu,Karur,Velayuthampalayam(Uzhavar Sandhai ),Ridgeguard(Tori),Ridgeguard(Tori),Local,26/08/2026,4000,5000,4500
Tamil Nadu,Karur,Vengamedu(Uzhavar Sandhai ),Amaranthus,Amaranthus,Local,26/08/2026,2000,2500,2250
Tamil Nadu,Karur,Vengamedu(Uzhavar Sandhai ),Banana - Green,Banana - Green,Local,26/08/2026,2500,3000,2750
Tamil Nadu,Karur,Vengamedu(Uzhavar Sandhai ),Snakeguard,Snakeguard,Local,26/08/2026,3500,4000,3750
Tamil Nadu,Theni,Devaram(Uzhavar Sandhai ),Bitter gourd,Bitter Gourd,Local,26/08/2026,3500,3500,3500
Tamil Nadu,Theni,Devaram(Uzhavar Sandhai ),Ashgourd,Gouard,Local,26/08/2026,1500,1500,1500
Tamil Nadu,Theni,Devaram(Uzhavar Sandhai ),Pumpkin,Pumpkin,Local,26/08/2026,1800,1800,1800
Tamil Nadu,Theni,Devaram(Uzhavar Sandhai ),Snakeguard,Snakeguard,Local,26/08/2026,3600,3600,3600
Tamil Nadu,Theni,Devaram(Uzhavar Sandhai ),Beetroot,Beetroot,Local,26/08/2026,3500,3500,3500
Tamil Nadu,Theni,Devaram(Uzhavar Sandhai ),Raddish,Raddish,Local,26/08/2026,2200,2200,2200
Tamil Nadu,Theni,Devaram(Uzhavar Sandhai ),Thondekai,Thondekai,Local,26/08/2026,3000,3000,3000
Tamil Nadu,Theni,Devaram(Uzhavar Sandhai ),Lemon,Lemon,Local,26/08/2026,12000,12000,12000
Tamil Nadu,Theni,Devaram(Uzhavar Sandhai ),Amla(Nelli Kai),Amla,Local,26/08/2026,6000,6000,6000
Tamil Nadu,Theni,Devaram(Uzhavar Sandhai ),Onion Green,Onion Green,Local,26/08/2026,6000,6000,6000
Tamil Nadu,Salem,Attayampatti(Uzhavar Sandhai ),Cluster beans,Cluster Beans,Local,26/08/2026,3600,3600,3600
Tamil Nadu,Salem,Attayampatti(Uzhavar Sandhai ),Bitter gourd,Bitter Gourd,Local,26/08/2026,5500,6000,5750
Tamil Nadu,Salem,Attayampatti(Uzhavar Sandhai ),Ashgourd,Gouard,Local,26/08/2026,2400,2800,2600
Tamil Nadu,Salem,Attayampatti(Uzhavar Sandhai ),Pumpkin,Pumpkin,Local,26/08/2026,2400,2800,2600
Tamil Nadu,Salem,Attayampatti(Uzhavar Sandhai ),Bhindi(Ladies Finger),Bhindi,Local,26/08/2026,3600,3800,3700
Tamil Nadu,Salem,Attayampatti(Uzhavar Sandhai ),Amaranthus,Amaranthus,Local,26/08/2026,2600,3000,2800
Tamil Nadu,Salem,Attayampatti(Uzhavar Sandhai ),Green Avare(W),Green Avare (W),Local,26/08/2026,6000,6000,6000
Tamil Nadu,Salem,Attayampatti(Uzhavar Sandhai ),Guava,Guava Allahabad,Local,26/08/2026,5000,6000,5500
Tamil Nadu,Sivaganga,Sivagangai (Uzhavar Sandhai ),Soyabean,Local,Local,26/08/2026,10000,11000,10500
Tamil Nadu,Sivaganga,Sivagangai (Uzhavar Sandhai ),Mango,Safeda,Local,26/08/2026,4500,5500,5000
Tamil Nadu,Sivaganga,Sivagangai (Uzhavar Sandhai ),Cauliflower,Ranchi,Local,26/08/2026,3600,4200,3900
Tamil Nadu,Sivaganga,Sivagangai (Uzhavar Sandhai ),Bitter gourd,Other,Local,26/08/2026,6200,6600,6400
Tamil Nadu,Sivaganga,Sivagangai (Uzhavar Sandhai ),Amaranthus,Amaranthus,Local,26/08/2026,3000,4000,3500
Tamil Nadu,Sivaganga,Sivagangai (Uzhavar Sandhai ),Green Chilli,Green Chilly,Local,26/08/2026,3800,4200,4000
Tamil Nadu,Sivaganga,Sivagangai (Uzhavar Sandhai ),Banana - Green,Banana - Green,Local,26/08/2026,3000,3000,3000
Tamil Nadu,Sivaganga,Sivagangai (Uzhavar Sandhai ),Coconut,Coconut,Local,26/08/2026,6600,7000,6800
Tamil Nadu,Sivaganga,Sivagangai (Uzhavar Sandhai ),Beetroot,Beetroot,Local,26/08/2026,5200,5600,5400
Tamil Nadu,Sivaganga,Sivagangai (Uzhavar Sandhai ),Raddish,Raddish,Local,26/08/2026,3000,3200,3100
Tamil Nadu,Sivaganga,Sivagangai (Uzhavar Sandhai ),Knool Khol,Knool Khol,Local,26/08/2026,4200,4600,4400
Tamil Nadu,Sivaganga,Sivagangai (Uzhavar Sandhai ),Guava,Guava Allahabad,Local,26/08/2026,5200,6200,5700
Tamil Nadu,Sivaganga,Sivagangai (Uzhavar Sandhai ),Indian Beans(Seam),Indian Beans (Seam),Local,26/08/2026,5600,5600,5600
Tamil Nadu,Sivaganga,Sivagangai (Uzhavar Sandhai ),Mashrooms,Mashrooms,Local,26/08/2026,25000,25000,25000
Tamil Nadu,Sivaganga,Sivagangai (Uzhavar Sandhai ),Onion Green,Onion Green,Local,26/08/2026,7200,7600,7400
Tamil Nadu,Sivaganga,Devakottai (Uzhavar Sandhai ),Cluster beans,Cluster Beans,Local,26/08/2026,3800,4400,4100
Tamil Nadu,Sivaganga,Devakottai (Uzhavar Sandhai ),Bitter gourd,Other,Local,26/08/2026,7000,7200,7100
Tamil Nadu,Sivaganga,Devakottai (Uzhavar Sandhai ),Green Chilli,Green Chilly,Local,26/08/2026,3200,3800,3500
Tamil Nadu,Sivaganga,Devakottai (Uzhavar Sandhai ),Drumstick,Drumstick,Local,26/08/2026,3200,3400,3300
Tamil Nadu,Sivaganga,Devakottai (Uzhavar Sandhai ),Elephant Yam(Suran)/Amorphophallus,Elephant Yam (Suran),Local,26/08/2026,4400,4800,4600
Tamil Nadu,Salem,Edapadi (Uzhavar Sandhai ),Banana,Red Banana,Local,26/08/2026,7500,8000,7750
Tamil Nadu,Salem,Edapadi (Uzhavar Sandhai ),Tomato,Other,Local,26/08/2026,2000,2200,2100
Tamil Nadu,Salem,Edapadi (Uzhavar Sandhai ),Bhindi(Ladies Finger),Bhindi,Local,26/08/2026,3000,3400,3200
Tamil Nadu,Salem,Edapadi (Uzhavar Sandhai ),Beans,Beans (Whole),Local,26/08/2026,8000,9000,8500
Tamil Nadu,Salem,Edapadi (Uzhavar Sandhai ),Tapioca,Tapioca,Local,26/08/2026,2600,3000,2800
Tamil Nadu,Salem,Edapadi (Uzhavar Sandhai ),Beetroot,Beetroot,Local,26/08/2026,7000,7500,7250
Tamil Nadu,Salem,Edapadi (Uzhavar Sandhai ),Green Avare(W),Other,Local,26/08/2026,7500,8000,7750
Tamil Nadu,Salem,Elampillai(Uzhavar Sandhai ),Onion,Bellary,Local,26/08/2026,5500,6000,5750
Tamil Nadu,Salem,Elampillai(Uzhavar Sandhai ),Coriander(Leaves),I Sort,Local,26/08/2026,3000,4000,3500
Tamil Nadu,Salem,Elampillai(Uzhavar Sandhai ),Tomato,Other,Local,26/08/2026,1800,2000,1900
Tamil Nadu,Salem,Elampillai(Uzhavar Sandhai ),Bitter gourd,Other,Local,26/08/2026,4500,5000,4750
Tamil Nadu,Salem,Elampillai(Uzhavar Sandhai ),Green Chilli,Green Chilly,Local,26/08/2026,4500,5000,4750
Tamil Nadu,Salem,Elampillai(Uzhavar Sandhai ),Banana - Green,Banana - Green,Local,26/08/2026,2000,2400,2200
Tamil Nadu,Salem,Elampillai(Uzhavar Sandhai ),Carrot,Pusakesar,Local,26/08/2026,6000,7000,6500
Tamil Nadu,Salem,Elampillai(Uzhavar Sandhai ),Beetroot,Beetroot,Local,26/08/2026,5000,5500,5250
Tamil Nadu,Salem,Elampillai(Uzhavar Sandhai ),Cucumbar(Kheera),Cucumbar,Local,26/08/2026,3500,4000,3750
Tamil Nadu,Salem,Hasthampatti(Uzhavar Sandhai ),Apple,American,Local,26/08/2026,21000,22000,21500
Tamil Nadu,Salem,Hasthampatti(Uzhavar Sandhai ),Orange,Darjeeling,Local,26/08/2026,9000,10000,9500
Tamil Nadu,Salem,Hasthampatti(Uzhavar Sandhai ),Onion,Bellary,Local,26/08/2026,5600,6000,5800
Tamil Nadu,Salem,Hasthampatti(Uzhavar Sandhai ),Potato,Other,Local,26/08/2026,4600,5000,4800
Tamil Nadu,Salem,Hasthampatti(Uzhavar Sandhai ),Cauliflower,Ranchi,Local,26/08/2026,2500,3000,2750
Tamil Nadu,Salem,Hasthampatti(Uzhavar Sandhai ),Cluster beans,Cluster Beans,Local,26/08/2026,3200,3600,3400
Tamil Nadu,Salem,Hasthampatti(Uzhavar Sandhai ),Pumpkin,Pumpkin,Local,26/08/2026,2000,2200,2100
Tamil Nadu,Salem,Hasthampatti(Uzhavar Sandhai ),Bhindi(Ladies Finger),Bhindi,Local,26/08/2026,3000,3500,3250
Tamil Nadu,Salem,Hasthampatti(Uzhavar Sandhai ),Banana - Green,Banana - Green,Local,26/08/2026,1800,2000,1900
Tamil Nadu,Salem,Hasthampatti(Uzhavar Sandhai ),Tapioca,Tapioca,Local,26/08/2026,3000,3500,3250
Tamil Nadu,Salem,Hasthampatti(Uzhavar Sandhai ),Capsicum,Capsicum,Local,26/08/2026,5600,6000,5800
Tamil Nadu,Salem,Hasthampatti(Uzhavar Sandhai ),Knool Khol,Knool Khol,Local,26/08/2026,3600,4000,3800
Tamil Nadu,Salem,Hasthampatti(Uzhavar Sandhai ),Indian Beans(Seam),Indian Beans (Seam),Local,26/08/2026,5600,6000,5800
Tamil Nadu,Salem,Hasthampatti(Uzhavar Sandhai ),Pear(Marasebu),Pears,Local,26/08/2026,11000,12000,11500
Tamil Nadu,Salem,Hasthampatti(Uzhavar Sandhai ),Mint(Pudina),Mint(Pudina),Local,26/08/2026,2800,3000,2900
Tamil Nadu,Salem,Hasthampatti(Uzhavar Sandhai ),Baby Corn,Baby Corn,Grade A,26/08/2026,2000,2500,2250
Tamil Nadu,Salem,Hasthampatti(Uzhavar Sandhai ),Sweet Corn ,Sweet Corn ,Local,26/08/2026,3600,4000,3800
Tamil Nadu,Salem,Jalagandapuram(Uzhavar Sandhai ),Groundnut,Big (With Shell),Local,26/08/2026,6000,6500,6250
Tamil Nadu,Salem,Jalagandapuram(Uzhavar Sandhai ),Onion,Bellary,Local,26/08/2026,5000,6000,5500
Tamil Nadu,Salem,Jalagandapuram(Uzhavar Sandhai ),Potato,Other,Local,26/08/2026,2500,2800,2650
Tamil Nadu,Salem,Jalagandapuram(Uzhavar Sandhai ),Bitter gourd,Bitter Gourd,Local,26/08/2026,4500,5000,4750
Tamil Nadu,Salem,Jalagandapuram(Uzhavar Sandhai ),Chow Chow,Chow Chow,Local,26/08/2026,3500,4000,3750
Tamil Nadu,Salem,Jalagandapuram(Uzhavar Sandhai ),Drumstick,Drumstick,Local,26/08/2026,2000,2500,2250
Tamil Nadu,Salem,Jalagandapuram(Uzhavar Sandhai ),Lime,Lime,Local,26/08/2026,2500,3000,2750
Tamil Nadu,Salem,Jalagandapuram(Uzhavar Sandhai ),Amla(Nelli Kai),Amla,Local,26/08/2026,7000,8000,7500
Tamil Nadu,Salem,Jalagandapuram(Uzhavar Sandhai ),Mint(Pudina),Mint(Pudina),Local,26/08/2026,2500,3000,2750
Tamil Nadu,Sivaganga,Singampunari(Uzhavar Sandhai ),Banana,Karpura,Local,26/08/2026,3500,4000,3750
Tamil Nadu,Sivaganga,Singampunari(Uzhavar Sandhai ),Mango,Other,Local,26/08/2026,5500,6000,5750
Tamil Nadu,Sivaganga,Singampunari(Uzhavar Sandhai ),Pumpkin,Pumpkin,Local,26/08/2026,2200,2600,2400
Tamil Nadu,Sivaganga,Singampunari(Uzhavar Sandhai ),Banana - Green,Banana - Green,Local,26/08/2026,2500,3000,2750
Tamil Nadu,Sivaganga,Singampunari(Uzhavar Sandhai ),Ginger(Green),Green Ginger,Local,26/08/2026,12000,20000,16000
Tamil Nadu,Sivaganga,Singampunari(Uzhavar Sandhai ),Beetroot,Beetroot,Local,26/08/2026,5200,5600,5400
Tamil Nadu,Sivaganga,Singampunari(Uzhavar Sandhai ),Raddish,Raddish,Local,26/08/2026,2600,3000,2800
Tamil Nadu,Sivaganga,Karaikudi(Uzhavar Sandhai ),Banana,Poovan,Local,26/08/2026,3500,4000,3750
Tamil Nadu,Sivaganga,Karaikudi(Uzhavar Sandhai ),Onion,Bellary,Local,26/08/2026,5500,6000,5750
Tamil Nadu,Sivaganga,Karaikudi(Uzhavar Sandhai ),Tomato,Deshi,Local,26/08/2026,2200,2600,2400
Tamil Nadu,Sivaganga,Karaikudi(Uzhavar Sandhai ),Pumpkin,Pumpkin,Local,26/08/2026,2400,2800,2600
Tamil Nadu,Sivaganga,Karaikudi(Uzhavar Sandhai ),Amaranthus,Amaranthus,Local,26/08/2026,3500,4000,3750
Tamil Nadu,Sivaganga,Karaikudi(Uzhavar Sandhai ),Banana - Green,Banana - Green,Local,26/08/2026,2500,3000,2750
Tamil Nadu,Sivaganga,Karaikudi(Uzhavar Sandhai ),Beans,Beans (Whole),Local,26/08/2026,9500,10500,10000
Tamil Nadu,Sivaganga,Karaikudi(Uzhavar Sandhai ),Capsicum,Capsicum,Local,26/08/2026,9000,9500,9250
Tamil Nadu,Sivaganga,Karaikudi(Uzhavar Sandhai ),Chow Chow,Chow Chow,Local,26/08/2026,3000,3500,3250
Tamil Nadu,Sivaganga,Karaikudi(Uzhavar Sandhai ),Yam(Ratalu),Yam (Ratalu),Local,26/08/2026,8500,9500,9000
Tamil Nadu,Sivaganga,Karaikudi(Uzhavar Sandhai ),Onion Green,Onion Green,Local,26/08/2026,8000,8500,8250
Tamil Nadu,Sivaganga,Tirupatthur(Uzhavar Sandhai ),Potato,Red Nanital,Local,26/08/2026,4500,5000,4750
Tamil Nadu,Sivaganga,Tirupatthur(Uzhavar Sandhai ),Cauliflower,Ranchi,Local,26/08/2026,3500,4000,3750
Tamil Nadu,Sivaganga,Tirupatthur(Uzhavar Sandhai ),Coriander(Leaves),I Sort,Local,26/08/2026,5000,5500,5250
Tamil Nadu,Sivaganga,Tirupatthur(Uzhavar Sandhai ),Chikoos(Sapota),Sapota,Local,26/08/2026,4400,6500,5450
Tamil Nadu,Sivaganga,Tirupatthur(Uzhavar Sandhai ),Pumpkin,Pumpkin,Local,26/08/2026,2500,2800,2650
Tamil Nadu,Sivaganga,Tirupatthur(Uzhavar Sandhai ),Bhindi(Ladies Finger),Bhindi,Local,26/08/2026,4000,4500,4250
Tamil Nadu,Sivaganga,Tirupatthur(Uzhavar Sandhai ),Elephant Yam(Suran)/Amorphophallus,Elephant Yam (Suran),Local,26/08/2026,4500,5000,4750
Tamil Nadu,Sivaganga,Tirupatthur(Uzhavar Sandhai ),Onion Green,Onion Green,Local,26/08/2026,8000,8500,8250
Tamil Nadu,Thanjavur,Pattukottai(Uzhavar Sandhai ),Carrot,Pusakesar,Local,26/08/2026,8600,8600,8600
Tamil Nadu,Thanjavur,Pattukottai(Uzhavar Sandhai ),Snakeguard,Snakeguard,Local,26/08/2026,4000,4000,4000
Tamil Nadu,Thanjavur,Pattukottai(Uzhavar Sandhai ),Mango(Raw-Ripe),Mango - Raw-Ripe,Local,26/08/2026,5000,5000,5000
Tamil Nadu,Thanjavur,Pattukottai(Uzhavar Sandhai ),Lime,Lime,Local,26/08/2026,4000,4000,4000
Tamil Nadu,Thanjavur,Pattukottai(Uzhavar Sandhai ),Elephant Yam(Suran)/Amorphophallus,Elephant Yam (Suran),Local,26/08/2026,4500,4500,4500
Tamil Nadu,Thanjavur,Thanjavur(Uzhavar Sandhai ),Brinjal,Round,Local,26/08/2026,5600,5600,5600
Tamil Nadu,Thanjavur,Thanjavur(Uzhavar Sandhai ),Bitter gourd,Bitter Gourd,Local,26/08/2026,6400,6400,6400
Tamil Nadu,Thanjavur,Thanjavur(Uzhavar Sandhai ),Ashgourd,Gouard,Local,26/08/2026,2000,2000,2000
Tamil Nadu,Thanjavur,Thanjavur(Uzhavar Sandhai ),Sweet Potato,Hosur Red,Local,26/08/2026,6000,6000,6000
Tamil Nadu,Thanjavur,Thanjavur(Uzhavar Sandhai ),Snakeguard,Snakeguard,Local,26/08/2026,3600,4500,4050
Tamil Nadu,Thanjavur,Thanjavur(Uzhavar Sandhai ),Beetroot,Beetroot,Local,26/08/2026,5000,6000,5500
Tamil Nadu,Thanjavur,Thanjavur(Uzhavar Sandhai ),Drumstick,Drumstick,Local,26/08/2026,3400,3400,3400
Tamil Nadu,Thanjavur,Thanjavur(Uzhavar Sandhai ),Yam(Ratalu),Yam (Ratalu),Local,26/08/2026,10000,10000,10000
Tamil Nadu,Thanjavur,Thanjavur(Uzhavar Sandhai ),Lemon,Lemon,Local,26/08/2026,9000,9000,9000
Tamil Nadu,Thanjavur,Thanjavur(Uzhavar Sandhai ),Mashrooms,Mashrooms,Local,26/08/2026,25000,25000,25000
Tamil Nadu,Thiruchirappalli,KKNagar(Uzhavar Sandhai ),Orange,Darjeeling,Local,26/08/2026,10000,10000,10000
Tamil Nadu,Thiruchirappalli,KKNagar(Uzhavar Sandhai ),Banana,Poovan,Local,26/08/2026,5000,5000,5000
Tamil Nadu,Thiruchirappalli,KKNagar(Uzhavar Sandhai ),Beans,Beans (Whole),Local,26/08/2026,7000,7000,7000
Tamil Nadu,Thiruchirappalli,KKNagar(Uzhavar Sandhai ),Betal Leaves,Mysore,Local,26/08/2026,10000,10000,10000
Tamil Nadu,Thiruchirappalli,KKNagar(Uzhavar Sandhai ),Capsicum,Capsicum,Local,26/08/2026,5400,5400,5400
Tamil Nadu,Thiruchirappalli,KKNagar(Uzhavar Sandhai ),Lemon,Lemon,Local,26/08/2026,18000,18000,18000
Tamil Nadu,Thiruchirappalli,Lalgudi(Uzhavar Sandhai ),Bhindi(Ladies Finger),Bhindi,Local,26/08/2026,4000,4600,4300
Tamil Nadu,Thiruchirappalli,Lalgudi(Uzhavar Sandhai ),Amaranthus,Amaranthus,Local,26/08/2026,1000,1000,1000
Tamil Nadu,Thiruchirappalli,Lalgudi(Uzhavar Sandhai ),Green Chilli,Green Chilly,Local,26/08/2026,4400,4400,4400
Tamil Nadu,Thiruchirappalli,Lalgudi(Uzhavar Sandhai ),Carrot,Pusakesar,Local,26/08/2026,7400,7400,7400
Tamil Nadu,Thiruchirappalli,Lalgudi(Uzhavar Sandhai ),Guava,Guava Allahabad,Local,26/08/2026,8000,8000,8000
Tamil Nadu,Thiruchirappalli,Lalgudi(Uzhavar Sandhai ),Yam(Ratalu),Yam (Ratalu),Local,26/08/2026,7600,7600,7600
Tamil Nadu,Thiruchirappalli,Manachanallur(Uzhavar Sandhai ),Potato,Other,Local,26/08/2026,2500,3000,2750
Tamil Nadu,Thiruchirappalli,Manachanallur(Uzhavar Sandhai ),Garlic,Garlic,Local,26/08/2026,18000,20000,19000
Tamil Nadu,Thiruchirappalli,Manachanallur(Uzhavar Sandhai ),Tomato,Other,Local,26/08/2026,2400,2400,2400
Tamil Nadu,Thiruchirappalli,Manachanallur(Uzhavar Sandhai ),Cluster beans,Cluster Beans,Local,26/08/2026,3500,4500,4000
Tamil Nadu,Thiruchirappalli,Manachanallur(Uzhavar Sandhai ),Amaranthus,Amaranthus,Local,26/08/2026,1500,2000,1750
Tamil Nadu,Thiruchirappalli,Manachanallur(Uzhavar Sandhai ),Cowpea(Veg),Cowpea (Veg),Local,26/08/2026,4000,4000,4000
Tamil Nadu,Thiruchirappalli,Manachanallur(Uzhavar Sandhai ),Beans,Beans (Whole),Local,26/08/2026,6000,7000,6500
Tamil Nadu,Thiruchirappalli,Manachanallur(Uzhavar Sandhai ),Carrot,Pusakesar,Local,26/08/2026,6500,7500,7000
Tamil Nadu,Thiruchirappalli,Manachanallur(Uzhavar Sandhai ),Cabbage,Cabbage,Local,26/08/2026,3000,3500,3250
Tamil Nadu,Thiruchirappalli,Manachanallur(Uzhavar Sandhai ),Snakeguard,Snakeguard,Local,26/08/2026,4000,4000,4000
Tamil Nadu,Thiruchirappalli,Manachanallur(Uzhavar Sandhai ),Green Avare(W),Other,Local,26/08/2026,4500,4500,4500
Tamil Nadu,Thiruchirappalli,Manapparai(Uzhavar Sandhai ),Banana,Poovan,Local,26/08/2026,4000,5000,4500
Tamil Nadu,Thiruchirappalli,Manapparai(Uzhavar Sandhai ),Onion,Bellary,Local,26/08/2026,5000,6000,5500
Tamil Nadu,Thiruchirappalli,Manapparai(Uzhavar Sandhai ),Bitter gourd,Bitter Gourd,Local,26/08/2026,6000,6000,6000
Tamil Nadu,Thiruchirappalli,Manapparai(Uzhavar Sandhai ),Cowpea(Veg),Cowpea (Veg),Local,26/08/2026,4000,4000,4000
Tamil Nadu,Thiruchirappalli,Manapparai(Uzhavar Sandhai ),Cabbage,Cabbage,Local,26/08/2026,3000,3000,3000
Tamil Nadu,Thiruchirappalli,Manapparai(Uzhavar Sandhai ),Beetroot,Beetroot,Local,26/08/2026,5000,5000,5000
Tamil Nadu,Thiruchirappalli,Manapparai(Uzhavar Sandhai ),Green Avare(W),Other,Local,26/08/2026,4000,5000,4500
Tamil Nadu,Thiruchirappalli,Manapparai(Uzhavar Sandhai ),Mango(Raw-Ripe),Mango - Raw-Ripe,Local,26/08/2026,10000,10000,10000
Tamil Nadu,Thiruchirappalli,Musiri(Uzhavar Sandhai ),Cluster beans,Cluster Beans,Local,26/08/2026,4000,4600,4300
Tamil Nadu,Thiruchirappalli,Musiri(Uzhavar Sandhai ),Sweet Potato,Hosur Red,Local,26/08/2026,4000,4600,4300
Tamil Nadu,Thiruchirappalli,Musiri(Uzhavar Sandhai ),Carrot,Pusakesar,Local,26/08/2026,7000,7500,7250
Tamil Nadu,Thiruchirappalli,Musiri(Uzhavar Sandhai ),Snakeguard,Snakeguard,Local,26/08/2026,3500,4000,3750
Tamil Nadu,Thiruchirappalli,Musiri(Uzhavar Sandhai ),Ridgeguard(Tori),Ridgeguard(Tori),Local,26/08/2026,5000,5500,5250
Tamil Nadu,Thiruchirappalli,Musiri(Uzhavar Sandhai ),Capsicum,Capsicum,Local,26/08/2026,5000,5500,5250
Tamil Nadu,Thiruchirappalli,Musiri(Uzhavar Sandhai ),Mango(Raw-Ripe),Mango - Raw-Ripe,Local,26/08/2026,7000,8000,7500
Tamil Nadu,Thiruchirappalli,Musiri(Uzhavar Sandhai ),Lime,Lime,Local,26/08/2026,3500,4000,3750
Tamil Nadu,Thiruchirappalli,Musiri(Uzhavar Sandhai ),Turnip,Turnip,Local,26/08/2026,3000,3600,3300
Tamil Nadu,Thiruchirappalli,Thiruverumbur(Uzhavar Sandhai ),Garlic,Garlic,Local,26/08/2026,16000,16000,16000
Tamil Nadu,Thiruchirappalli,Thiruverumbur(Uzhavar Sandhai ),Bitter gourd,Bitter Gourd,Local,26/08/2026,6000,6000,6000
Tamil Nadu,Thiruchirappalli,Thiruverumbur(Uzhavar Sandhai ),Amaranthus,Amaranthus,Local,26/08/2026,2000,2000,2000
Tamil Nadu,Thiruchirappalli,Thiruverumbur(Uzhavar Sandhai ),Green Chilli,Green Chilly,Local,26/08/2026,4400,4400,4400
Tamil Nadu,Thiruchirappalli,Thiruverumbur(Uzhavar Sandhai ),Cabbage,Cabbage,Local,26/08/2026,3000,3000,3000
Tamil Nadu,Thiruchirappalli,Thiruverumbur(Uzhavar Sandhai ),Green Avare(W),Green Avare (W),Local,26/08/2026,4000,4000,4000
Tamil Nadu,Thiruchirappalli,Thiruverumbur(Uzhavar Sandhai ),Chow Chow,Chow Chow,Local,26/08/2026,4000,4000,4000
Tamil Nadu,Thiruchirappalli,Thiruverumbur(Uzhavar Sandhai ),Drumstick,Drumstick,Local,26/08/2026,3500,3500,3500
Tamil Nadu,Thiruchirappalli,Thiruverumbur(Uzhavar Sandhai ),Indian Beans(Seam),Indian Beans (Seam),Local,26/08/2026,7000,7000,7000
Tamil Nadu,Virudhunagar,Rajapalayam(Uzhavar Sandhai ),Cluster beans,Cluster Beans,Local,26/08/2026,3500,4000,3750
Tamil Nadu,Virudhunagar,Rajapalayam(Uzhavar Sandhai ),Bitter gourd,Bitter Gourd,Local,26/08/2026,8000,9000,8500
Tamil Nadu,Virudhunagar,Rajapalayam(Uzhavar Sandhai ),Bhindi(Ladies Finger),Bhindi,Local,26/08/2026,2500,3000,2750
Tamil Nadu,Virudhunagar,Rajapalayam(Uzhavar Sandhai ),Carrot,Pusakesar,Local,26/08/2026,4500,5000,4750
Tamil Nadu,Virudhunagar,Sathur(Uzhavar Sandhai ),Brinjal,Round,Local,26/08/2026,3500,4000,3750
Tamil Nadu,Virudhunagar,Sathur(Uzhavar Sandhai ),Coriander(Leaves),I Sort,Local,26/08/2026,4500,5000,4750
Tamil Nadu,Virudhunagar,Sathur(Uzhavar Sandhai ),Papaya,Papaya,Local,26/08/2026,2500,3000,2750
Tamil Nadu,Virudhunagar,Sathur(Uzhavar Sandhai ),Cluster beans,Cluster Beans,Local,26/08/2026,4500,5000,4750
Tamil Nadu,Virudhunagar,Sathur(Uzhavar Sandhai ),Ashgourd,Gouard,Local,26/08/2026,2000,2500,2250
Tamil Nadu,Virudhunagar,Sathur(Uzhavar Sandhai ),Banana - Green,Banana - Green,Local,26/08/2026,3000,3500,3250
Tamil Nadu,Virudhunagar,Sathur(Uzhavar Sandhai ),Beans,Beans (Whole),Local,26/08/2026,8000,9000,8500
Tamil Nadu,Virudhunagar,Sathur(Uzhavar Sandhai ),Coconut,Coconut,Local,26/08/2026,5500,6000,5750
Tamil Nadu,Virudhunagar,Sathur(Uzhavar Sandhai ),Snakeguard,Snakeguard,Local,26/08/2026,3000,3500,3250
Tamil Nadu,Virudhunagar,Sathur(Uzhavar Sandhai ),Chow Chow,Chow Chow,Local,26/08/2026,3000,3500,3250
Tamil Nadu,Virudhunagar,Sivakasi(Uzhavar Sandhai ),Cauliflower,Ranchi,Local,26/08/2026,7000,8000,7500
Tamil Nadu,Virudhunagar,Sivakasi(Uzhavar Sandhai ),Ashgourd,Gouard,Local,26/08/2026,2500,3000,2750
Tamil Nadu,Virudhunagar,Sivakasi(Uzhavar Sandhai ),Beetroot,Beetroot,Local,26/08/2026,4000,5000,4500
Tamil Nadu,Virudhunagar,Sivakasi(Uzhavar Sandhai ),Ridgeguard(Tori),Ridgeguard(Tori),Local,26/08/2026,6000,7000,6500
Tamil Nadu,Virudhunagar,Sivakasi(Uzhavar Sandhai ),Elephant Yam(Suran)/Amorphophallus,Elephant Yam (Suran),Local,26/08/2026,4000,5000,4500
Tamil Nadu,Virudhunagar,Sivakasi(Uzhavar Sandhai ),Yam(Ratalu),Yam (Ratalu),Local,26/08/2026,8000,10000,9000
Tamil Nadu,Virudhunagar,Sivakasi(Uzhavar Sandhai ),Mint(Pudina),Mint(Pudina),Local,26/08/2026,5000,6000,5500
Tamil Nadu,Virudhunagar,Thalavaipuram(Uzhavar Sandhai ),Potato,Red Nanital,Local,26/08/2026,2500,3000,2750
Tamil Nadu,Virudhunagar,Thalavaipuram(Uzhavar Sandhai ),Papaya,Papaya,Local,26/08/2026,2800,3500,3150
Tamil Nadu,Virudhunagar,Thalavaipuram(Uzhavar Sandhai ),Bitter gourd,Other,Local,26/08/2026,7500,9000,8250
Tamil Nadu,Virudhunagar,Thalavaipuram(Uzhavar Sandhai ),Pumpkin,Pumpkin,Local,26/08/2026,2000,2500,2250
Tamil Nadu,Virudhunagar,Thalavaipuram(Uzhavar Sandhai ),Carrot,Pusakesar,Local,26/08/2026,5000,6000,5500
Tamil Nadu,Virudhunagar,Thalavaipuram(Uzhavar Sandhai ),Snakeguard,Snakeguard,Local,26/08/2026,3200,4000,3600
Tamil Nadu,Virudhunagar,Thalavaipuram(Uzhavar Sandhai ),Raddish,Raddish,Local,26/08/2026,3000,3600,3300
Tamil Nadu,Virudhunagar,Thalavaipuram(Uzhavar Sandhai ),Lime,Lime,Local,26/08/2026,10000,12000,11000
Tamil Nadu,Virudhunagar,Thalavaipuram(Uzhavar Sandhai ),Mint(Pudina),Mint(Pudina),Local,26/08/2026,4500,5500,5000
Tamil Nadu,Chengalpattu,Madhuranthagam(Uzhavar Sandhai ),Onion,Bellary,Local,26/08/2026,6000,6000,6000
Tamil Nadu,Chengalpattu,Medavakkam(Uzhavar Sandhai ),Banana,Karpura,Local,26/08/2026,6000,6000,6000
Tamil Nadu,Chengalpattu,Medavakkam(Uzhavar Sandhai ),Tomato,Other,Local,26/08/2026,2500,2500,2500
Tamil Nadu,Chengalpattu,Medavakkam(Uzhavar Sandhai ),Green Chilli,Green Chilly,Local,26/08/2026,5000,5000,5000
Tamil Nadu,Chengalpattu,Medavakkam(Uzhavar Sandhai ),Green Avare(W),Other,Local,26/08/2026,6000,6000,6000
Tamil Nadu,Chengalpattu,Nanganallur(Uzhavar Sandhai ),Banana,Red Banana,Local,26/08/2026,9000,10000,9500
Tamil Nadu,Chengalpattu,Nanganallur(Uzhavar Sandhai ),Potato,Red Nanital,Local,26/08/2026,3500,4000,3750
Tamil Nadu,Chengalpattu,Nanganallur(Uzhavar Sandhai ),Mousambi(Sweet Lime),Mousambi,Local,26/08/2026,3500,4000,3750
Tamil Nadu,Chengalpattu,Nanganallur(Uzhavar Sandhai ),Pumpkin,Pumpkin,Local,26/08/2026,2500,3000,2750
Tamil Nadu,Chengalpattu,Nanganallur(Uzhavar Sandhai ),Bhindi(Ladies Finger),Bhindi,Local,26/08/2026,3500,4000,3750
Tamil Nadu,Chengalpattu,Nanganallur(Uzhavar Sandhai ),Thondekai,Thondekai,Local,26/08/2026,5500,6000,5750
Tamil Nadu,Chengalpattu,Nanganallur(Uzhavar Sandhai ),Chow Chow,Chow Chow,Local,26/08/2026,4500,5000,4750
Tamil Nadu,Chengalpattu,Nanganallur(Uzhavar Sandhai ),Colacasia,Colacasia,Local,26/08/2026,5500,6000,5750
Tamil Nadu,Chengalpattu,Nanganallur(Uzhavar Sandhai ),Onion Green,Onion Green,Local,26/08/2026,8000,9000,8500
Tamil Nadu,Chengalpattu,Pallavaram(Uzhavar Sandhai ),Onion,Bellary,Local,26/08/2026,5000,6000,5500
Tamil Nadu,Chengalpattu,Pallavaram(Uzhavar Sandhai ),Brinjal,Round,Local,26/08/2026,3500,4000,3750
Tamil Nadu,Chengalpattu,Pallavaram(Uzhavar Sandhai ),Cluster beans,Cluster Beans,Local,26/08/2026,5000,6000,5500
Tamil Nadu,Chengalpattu,Pallavaram(Uzhavar Sandhai ),Bitter gourd,Bitter Gourd,Local,26/08/2026,5000,6000,5500
Tamil Nadu,Chengalpattu,Pallavaram(Uzhavar Sandhai ),Ashgourd,Gouard,Local,26/08/2026,2000,2500,2250
Tamil Nadu,Chengalpattu,Pallavaram(Uzhavar Sandhai ),Green Chilli,Green Chilly,Local,26/08/2026,5000,6000,5500
Tamil Nadu,Chengalpattu,Pallavaram(Uzhavar Sandhai ),Chow Chow,Chow Chow,Local,26/08/2026,3000,4000,3500
Tamil Nadu,Chengalpattu,Pallavaram(Uzhavar Sandhai ),Drumstick,Drumstick,Local,26/08/2026,4000,5000,4500
Tamil Nadu,Chengalpattu,Pallavaram(Uzhavar Sandhai ),Indian Beans(Seam),Indian Beans (Seam),Local,26/08/2026,7000,8000,7500
Tamil Nadu,Chengalpattu,Pallavaram(Uzhavar Sandhai ),Amla(Nelli Kai),Amla,Local,26/08/2026,10000,12000,11000
Tamil Nadu,Nagercoil (Kannyiakumari),Myladi(Uzhavar Sandhai ),Banana,Besrai,Local,26/08/2026,5500,6000,5750
Tamil Nadu,Nagercoil (Kannyiakumari),Myladi(Uzhavar Sandhai ),Onion,Bellary,Local,26/08/2026,5500,6000,5750
Tamil Nadu,Nagercoil (Kannyiakumari),Myladi(Uzhavar Sandhai ),Cauliflower,Ranchi,Local,26/08/2026,4500,5000,4750
Tamil Nadu,Nagercoil (Kannyiakumari),Myladi(Uzhavar Sandhai ),Brinjal,Round,Local,26/08/2026,6500,7000,6750
Tamil Nadu,Nagercoil (Kannyiakumari),Myladi(Uzhavar Sandhai ),Papaya,Papaya,Local,26/08/2026,2500,3000,2750
Tamil Nadu,Nagercoil (Kannyiakumari),Myladi(Uzhavar Sandhai ),Tomato,Deshi,Local,26/08/2026,2000,2500,2250
Tamil Nadu,Nagercoil (Kannyiakumari),Myladi(Uzhavar Sandhai ),Bottle gourd,Bottle Gourd,Local,26/08/2026,2800,3000,2900
Tamil Nadu,Nagercoil (Kannyiakumari),Myladi(Uzhavar Sandhai ),Bhindi(Ladies Finger),Bhindi,Local,26/08/2026,6500,7000,6750
Tamil Nadu,Nagercoil (Kannyiakumari),Myladi(Uzhavar Sandhai ),Banana - Green,Banana - Green,Local,26/08/2026,6500,7000,6750
Tamil Nadu,Nagercoil (Kannyiakumari),Myladi(Uzhavar Sandhai ),Tapioca,Tapioca,Local,26/08/2026,3500,4000,3750
Tamil Nadu,Nagercoil (Kannyiakumari),Myladi(Uzhavar Sandhai ),Drumstick,Drumstick,Local,26/08/2026,4500,5000,4750
Tamil Nadu,Nagercoil (Kannyiakumari),Myladi(Uzhavar Sandhai ),Elephant Yam(Suran)/Amorphophallus,Elephant Yam (Suran),Local,26/08/2026,4500,5000,4750
Tamil Nadu,Chengalpattu,Jameenrayapettai(Uzhavar Sandhai ),Mousambi(Sweet Lime),Mousambi,Local,26/08/2026,6000,7000,6500
Tamil Nadu,Chengalpattu,Jameenrayapettai(Uzhavar Sandhai ),Beans,Beans (Whole),Local,26/08/2026,9000,10000,9500
Tamil Nadu,Chengalpattu,Jameenrayapettai(Uzhavar Sandhai ),Coconut,Coconut,Local,26/08/2026,6000,7000,6500
Tamil Nadu,Chengalpattu,Jameenrayapettai(Uzhavar Sandhai ),Cabbage,Cabbage,Local,26/08/2026,2000,2500,2250
Tamil Nadu,Chengalpattu,Jameenrayapettai(Uzhavar Sandhai ),Cucumbar(Kheera),Cucumbar,Local,26/08/2026,5000,6000,5500
Tamil Nadu,Chengalpattu,Jameenrayapettai(Uzhavar Sandhai ),Knool Khol,Knool Khol,Local,26/08/2026,5000,6000,5500
Gujarat,Gandhinagar,Kalol APMC,Wheat,Other,Local,26/08/2026,2375,2800,2600
Gujarat,Gandhinagar,Kalol APMC,Jowar(Sorghum),Other,Local,26/08/2026,1950,2320,2150
Tamil Nadu,Villupuram,Tindivanam APMC,Groundnut,Big (With Shell),Local,26/08/2026,7000,7000,7000
Tamil Nadu,Villupuram,Tindivanam APMC,Coriander(Leaves),I Sort,Local,26/08/2026,4000,4000,4000
Tamil Nadu,Villupuram,Tindivanam APMC,Water Melon,Water Melon,Local,26/08/2026,1500,1500,1500
Tamil Nadu,Villupuram,Tindivanam APMC,Bottle gourd,Bottle Gourd,Local,26/08/2026,2000,2000,2000
Tamil Nadu,Villupuram,Tindivanam APMC,Ginger(Green),Green Ginger,Local,26/08/2026,10000,10000,10000
Tamil Nadu,Villupuram,Tindivanam APMC,Snakeguard,Snakeguard,Local,26/08/2026,3500,3500,3500
Tamil Nadu,Villupuram,Tindivanam APMC,Beetroot,Beetroot,Local,26/08/2026,4800,4800,4800
Tamil Nadu,Villupuram,Tindivanam APMC,Thondekai,Thondekai,Local,26/08/2026,4000,4000,4000
Tamil Nadu,Villupuram,Tindivanam APMC,Chow Chow,Chow Chow,Local,26/08/2026,4600,4600,4600
Tamil Nadu,Villupuram,Tindivanam APMC,Drumstick,Drumstick,Local,26/08/2026,4000,4000,4000
Tamil Nadu,Villupuram,Tindivanam APMC,Knool Khol,Knool Khol,Local,26/08/2026,4500,4500,4500
Tamil Nadu,Villupuram,Tindivanam APMC,Tender Coconut,Tender Coconut,Local,26/08/2026,3500,4000,3750
Tamil Nadu,Villupuram,Tindivanam APMC,Fig(Anjura/Anjeer),Anjura,Local,26/08/2026,16000,16000,16000
Tamil Nadu,Villupuram,Tindivanam APMC,Rose(Local),Rose (Local),Local,26/08/2026,18000,18000,18000
Tamil Nadu,Villupuram,Ulundurpettai APMC,Cluster beans,Cluster Beans,Local,26/08/2026,5000,5000,5000
Tamil Nadu,Villupuram,Ulundurpettai APMC,Tender Coconut,Tender Coconut,Local,26/08/2026,3000,3000,3000
Tamil Nadu,Villupuram,Ulundurpettai APMC,Amla(Nelli Kai),Amla,Local,26/08/2026,8000,8000,8000
Maharashtra,Ahilyanagar,Rahuri APMC,Tomato,Other,Local,26/08/2026,1000,1500,1250
Maharashtra,Chattrapati Sambhajinagar,Chattrapati Sambhajinagar APMC,Lime,Other,Local,26/08/2026,3500,5500,4500
Maharashtra,Chattrapati Sambhajinagar,Chattrapati Sambhajinagar APMC,Mousambi(Sweet Lime),Other,Local,26/08/2026,1900,3700,2800
Maharashtra,Chattrapati Sambhajinagar,Chattrapati Sambhajinagar APMC,Guava,Other,Local,26/08/2026,5000,8000,6500
Maharashtra,Chattrapati Sambhajinagar,Chattrapati Sambhajinagar APMC,Spinach,Other,Local,26/08/2026,500,700,600
Maharashtra,Chattrapati Sambhajinagar,Chattrapati Sambhajinagar APMC,Drumstick,Other,Local,26/08/2026,1500,2500,2000
Maharashtra,Chattrapati Sambhajinagar,Chattrapati Sambhajinagar APMC,Tomato,Other,Local,26/08/2026,500,800,650
Maharashtra,Jalgaon,Bhusaval APMC,Beetroot,Other,Local,26/08/2026,1500,1500,1500
Maharashtra,Jalgaon,Bhusaval APMC,Cucumbar(Kheera),Other,Local,26/08/2026,1000,1500,1200
Maharashtra,Jalgaon,Bhusaval APMC,Spinach,Other,Local,26/08/2026,2500,2500,2500
Maharashtra,Mumbai,Mumbai APMC,Green Gram(Moong)(Whole),Other,FAQ,26/08/2026,8800,15000,12500
Maharashtra,Mumbai,Mumbai APMC,Black Gram(Urd Beans)(Whole),Other,FAQ,26/08/2026,8500,11000,10000
Maharashtra,Mumbai,Mumbai APMC,Ground Nut Seed,Other,Local,26/08/2026,8000,15000,12000
Maharashtra,Mumbai,Mumbai APMC,Cauliflower,Other,Local,26/08/2026,1000,1600,1300
Maharashtra,Mumbai,Mumbai APMC,Guar,Other,Local,26/08/2026,5000,8000,6500
Maharashtra,Mumbai,Mumbai APMC,Cucumbar(Kheera),Other,Local,26/08/2026,1800,2200,2000
Maharashtra,Mumbai,Mumbai APMC,Onion Green,Other,Local,26/08/2026,700,1400,1050
Maharashtra,Mumbai,Mumbai APMC,Bitter gourd,Other,Local,26/08/2026,3000,4000,3500
Maharashtra,Mumbai,Mumbai APMC,Coriander(Leaves),Other,Local,26/08/2026,500,1000,750
Maharashtra,Mumbai,Mumbai APMC,Chilly Capsicum,Other,Local,26/08/2026,2000,3000,2500
Maharashtra,Mumbai,Mumbai APMC,Mint(Pudina),Other,Local,26/08/2026,500,700,600
Maharashtra,Mumbai,Mumbai APMC,Peas Wet,Other,Local,26/08/2026,5000,6000,5500
Maharashtra,Mumbai,Mumbai APMC,Green Chilli,Other,Local,26/08/2026,1800,4000,2900
Maharashtra,Pune,Khed(Chakan) APMC,Potato,Other,Local,26/08/2026,800,1500,1000
Maharashtra,Pune,Khed(Chakan) APMC,Bhindi(Ladies Finger),Other,Local,26/08/2026,800,2000,1300
Maharashtra,Pune,Khed(Chakan) APMC,Carrot,Other,Local,26/08/2026,1500,2000,1700
Maharashtra,Pune,Khed(Chakan) APMC,Guar,Other,Local,26/08/2026,4000,8000,6000
Maharashtra,Pune,Khed(Chakan) APMC,Onion,Other,Local,26/08/2026,1500,4100,3400
Maharashtra,Pune,Khed(Chakan) APMC,Garlic,Other,Local,26/08/2026,7000,17000,13000
Maharashtra,Pune,Khed(Chakan) APMC,Drumstick,Other,Local,26/08/2026,3000,5000,4000
Maharashtra,Pune,Khed(Chakan) APMC,Tomato,Other,Local,26/08/2026,500,1500,1000
Maharashtra,Ratnagiri,Ratnagiri (Nachane) APMC,Chilly Capsicum,Other,Local,26/08/2026,2000,2500,2300
Maharashtra,Ratnagiri,Ratnagiri (Nachane) APMC,Guar,Other,Local,26/08/2026,4000,5000,4500
Maharashtra,Pune,Pune(Khadiki) APMC,Bottle gourd,Other,Local,26/08/2026,700,1200,950
Maharashtra,Pune,Pune(Khadiki) APMC,Coriander(Leaves),Other,Local,26/08/2026,3,5,4
Maharashtra,Pune,Pune APMC,Bengal Gram(Gram)(Whole),Other,FAQ,26/08/2026,6200,7400,6800
Maharashtra,Pune,Pune APMC,Green Gram(Moong)(Whole),Green (Whole),FAQ,26/08/2026,9000,10000,9500
Uttar Pradesh,Agra,Achnera APMC,Green Chilli,Other,FAQ,26/08/2026,4000,4000,4000
Uttar Pradesh,Jalaun (Orai),Orai APMC,Tomato,Other,FAQ,26/08/2026,1500,1500,1500
Uttar Pradesh,Jalaun (Orai),Orai APMC,Peas(Dry),Other,FAQ,26/08/2026,2350,2350,2350
Uttar Pradesh,Aligarh,Aligarh APMC,Potato,Other,FAQ,26/08/2026,500,500,500
Uttar Pradesh,Azamgarh,Azamgarh APMC,Rice,Common,FAQ,26/08/2026,2400,2400,2400
Uttar Pradesh,Jhansi,Jhansi APMC,dried mango,Other,FAQ,26/08/2026,6500,6900,6696.88
Madhya Pradesh,Ratlam,Sailana APMC,Wheat,Wheat,FAQ,26/08/2026,2215,2215,2215
Madhya Pradesh,Shivpuri,Pohari APMC,Wheat,Wheat,Non-FAQ,26/08/2026,2425,2425,2425
Gujarat,Navsari,Navsari APMC,Onion,Onion,Grade A,26/08/2026,2600,4800,3700
Gujarat,Navsari,Navsari APMC,Tomato,Tomato,Grade A,26/08/2026,750,2000,1375
Gujarat,Navsari,Navsari APMC,Guar,Guaar,Local,26/08/2026,5000,5500,5250
Gujarat,Navsari,Navsari APMC,Pegeon Pea(Arhar Fali),Pigeon Pea (Arhar Fali),Local,26/08/2026,6000,7000,6500
Gujarat,Navsari,Navsari APMC,Methi(Leaves),Methi,Local,26/08/2026,3000,4000,3500
Gujarat,Navsari,Navsari APMC,Banana,Banana - Ripe,Local,26/08/2026,1500,2500,2000
Gujarat,Narmada,Rajpipla APMC,Banana,Other,Medium,26/08/2026,1250,1500,1375
Gujarat,Gandhinagar,"Kalol(Veg,Market,Kalol) APMC",Tomato,Other,Local,26/08/2026,2750,4750,3250
Gujarat,Gandhinagar,"Kalol(Veg,Market,Kalol) APMC",Bhindi(Ladies Finger),Bhindi,Local,26/08/2026,2500,5250,4400
Gujarat,Anand,"Anand(Veg,Yard,Anand) APMC",Bitter gourd,Bitter Gourd,Grade B,26/08/2026,2500,4000,3250
Gujarat,Anand,"Anand(Veg,Yard,Anand) APMC",Tomato,Tomato,Grade B,26/08/2026,1000,1500,1250
Gujarat,Anand,"Anand(Veg,Yard,Anand) APMC",Potato,Potato,Grade B,26/08/2026,1000,1100,1050
Gujarat,Gandhinagar,Mansa(Manas Veg Yard) APMC,Brinjal,Round/Long,Local,26/08/2026,4000,4500,4000
Gujarat,Gandhinagar,Mansa(Manas Veg Yard) APMC,Bitter gourd,Other,Local,26/08/2026,4000,4000,4000
Gujarat,Gandhinagar,Mansa(Manas Veg Yard) APMC,Methi(Leaves),Methi,Local,26/08/2026,3500,3500,3500
Gujarat,Gandhinagar,Mansa(Manas Veg Yard) APMC,Bhindi(Ladies Finger),Other,Local,26/08/2026,2000,2000,2000
West Bengal,Medinipur(W),Medinipur(West) APMC,Garlic,Garlic,FAQ,26/08/2026,14500,15500,15000
West Bengal,Medinipur(W),Medinipur(West) APMC,Bottle gourd,Bottle Gourd,FAQ,26/08/2026,1700,1800,1750
Gujarat,Mehsana,Mehsana(Jornang) APMC,Wheat,Other,Local,26/08/2026,2255,2725,2500
Gujarat,Mehsana,Mehsana(Mehsana Veg) APMC,Banana,Other,Local,26/08/2026,1250,2150,1750
Gujarat,Mehsana,Mehsana(Mehsana Veg) APMC,Brinjal,Brinjal,Local,26/08/2026,1500,4500,3500
Gujarat,Banaskanth,Deesa(Deesa Veg Yard) APMC,Onion Green,Other,FAQ,26/08/2026,2500,3500,3000
Gujarat,Banaskanth,Deesa(Deesa Veg Yard) APMC,Cucumbar(Kheera),Other,FAQ,26/08/2026,1500,2500,2000
Gujarat,Banaskanth,Deesa(Deesa Veg Yard) APMC,Bottle gourd,Other,FAQ,26/08/2026,500,1800,1150
Gujarat,Banaskanth,Deesa(Deesa Veg Yard) APMC,Tinda,Other,FAQ,26/08/2026,2000,2500,2250
Gujarat,Banaskanth,Deesa(Deesa Veg Yard) APMC,Banana,Other,Medium,26/08/2026,2500,4000,3250
Gujarat,Banaskanth,Deesa(Deesa Veg Yard) APMC,Pineapple,Other,Medium,26/08/2026,4500,8000,6250
Gujarat,Rajkot,Rajkot APMC,Castor Seed,Castor seed,FAQ,26/08/2026,6750,7155,7050
Gujarat,Rajkot,Rajkot APMC,Groundnut,G20,FAQ,26/08/2026,6000,7575,6975
Gujarat,Rajkot,Rajkot APMC,Mustard,Mustard,FAQ,26/08/2026,6250,7475,7150
Gujarat,Rajkot,Rajkot APMC,"Sesamum(Sesame,Gingelly,Til)",White,FAQ,26/08/2026,10475,12015,11800
Gujarat,Rajkot,Rajkot APMC,Red gram/Arhar/Tur(whole),Arhar (Whole),FAQ,26/08/2026,5625,8250,7250
Gujarat,Jamnagar,Jamnagar APMC,Mustard,Other,Local,26/08/2026,5500,7310,6925
Gujarat,Junagarh,Visavadar APMC,"Sesamum(Sesame,Gingelly,Til)",Black,FAQ,26/08/2026,14075,16155,15115
Gujarat,Botad,Botad APMC,Bajra(Pearl Millet/Cumbu),Other,Local,26/08/2026,2185,2505,2395
Gujarat,Botad,Botad APMC,Wheat,Local,Local,26/08/2026,2255,2750,2555
Gujarat,Botad,Botad APMC,Bengal Gram(Gram)(Whole),Other,Local,26/08/2026,5100,60925,5645
Gujarat,Jamnagar,Jam Jodhpur APMC,Jowar(Sorghum),Other,Local,26/08/2026,2500,5500,3500
Gujarat,Jamnagar,Jam Jodhpur APMC,Bengal Gram(Gram)(Whole),Average (Whole),Local,26/08/2026,5500,6175,5750
Gujarat,Jamnagar,Jam Jodhpur APMC,"Sesamum(Sesame,Gingelly,Til)",Black,Local,26/08/2026,10000,17550,12500
Gujarat,Jamnagar,Jam Jodhpur APMC,Corriander seed,Coriander Seed,Local,26/08/2026,14500,15200,15000
Gujarat,Amreli,Damnagar APMC,Bhindi(Ladies Finger),Bhindi,Local,26/08/2026,3500,3500,3500
Gujarat,Amreli,Damnagar APMC,Bottle gourd,Bottle Gourd,Local,26/08/2026,3500,3500,3500
Gujarat,Amreli,Damnagar APMC,Cabbage,Cabbage,Local,26/08/2026,3000,3000,3000
Gujarat,Amreli,Damnagar APMC,Cauliflower,Cauliflower,Local,26/08/2026,4500,4500,4500
Gujarat,Rajkot,Gondal(Veg.market Gondal) APMC,Pumpkin,Pumpkin,Local,26/08/2026,1000,2000,1500
Gujarat,Rajkot,Gondal(Veg.market Gondal) APMC,Brinjal,Brinjal,Local,26/08/2026,500,2500,1500
Gujarat,Rajkot,Gondal(Veg.market Gondal) APMC,Cauliflower,Cauliflower,Local,26/08/2026,500,3500,2000
Gujarat,Rajkot,Gondal(Veg.market Gondal) APMC,Lemon,Other,Local,26/08/2026,1500,6000,3750
Gujarat,Rajkot,Gondal(Veg.market Gondal) APMC,Guar,Gwar,Local,26/08/2026,3000,7500,5250
Gujarat,Morbi,APMC HALVAD,"Sesamum(Sesame,Gingelly,Til)",White,Local,26/08/2026,8500,11705,10850
Tamil Nadu,Madurai,Chokkikulam(Uzhavar Sandhai ),Apple,American,Local,26/08/2026,18000,27000,22500
Tamil Nadu,Madurai,Chokkikulam(Uzhavar Sandhai ),Banana,Besrai,Local,26/08/2026,4000,5000,4500
Tamil Nadu,Madurai,Chokkikulam(Uzhavar Sandhai ),Pineapple,Pine Apple,Local,26/08/2026,6000,7000,6500
Tamil Nadu,Madurai,Chokkikulam(Uzhavar Sandhai ),Tomato,Deshi,Local,26/08/2026,1800,2000,1900
Tamil Nadu,Madurai,Chokkikulam(Uzhavar Sandhai ),Ashgourd,Gouard,Local,26/08/2026,2000,2400,2200
Tamil Nadu,Madurai,Chokkikulam(Uzhavar Sandhai ),Green Chilli,Green Chilly,Local,26/08/2026,3000,3600,3300
Tamil Nadu,Madurai,Chokkikulam(Uzhavar Sandhai ),Drumstick,Drumstick,Local,26/08/2026,3000,5000,4000
Tamil Nadu,Madurai,Chokkikulam(Uzhavar Sandhai ),Guava,Guava Allahabad,Local,26/08/2026,5000,6000,5500
Tamil Nadu,Madurai,Chokkikulam(Uzhavar Sandhai ),Lemon,Lemon,Local,26/08/2026,15000,17000,16000
Uttar Pradesh,Hardoi,Sandi APMC,Potato,Other,FAQ,26/08/2026,600,600,600
Chattisgarh,Raipur,Neora APMC,Paddy(Common),Mahamaya,Non-FAQ,26/08/2026,2150,2150,2150
Uttar Pradesh,Ghaziabad,Noida APMC,Wood,Other,FAQ,26/08/2026,18000,18000,18000
Gujarat,Surat,Surat APMC,Bhindi(Ladies Finger),Bhindi,FAQ,26/08/2026,1000,3000,2000
Gujarat,Surat,Surat APMC,Cowpea(Veg),Cowpea (Veg),FAQ,26/08/2026,5000,10000,7500
Gujarat,Surat,Surat APMC,Drumstick,Drumstick,FAQ,26/08/2026,2000,4200,3100
Gujarat,Surat,Surat APMC,Cluster beans,Other,FAQ,26/08/2026,3000,7000,5000
Gujarat,Surat,Surat APMC,Bitter gourd,Bitter Gourd,FAQ,26/08/2026,2000,4500,3250
Gujarat,Surat,Surat APMC,Ginger(Green),Green Ginger,FAQ,26/08/2026,5000,14000,9500
Gujarat,Surat,Surat APMC,Potato,Other,FAQ,26/08/2026,400,1650,1025
Gujarat,Surat,Surat APMC,Yam(Ratalu),Other,FAQ,26/08/2026,10000,15000,12500
Uttar Pradesh,Ambedkarnagar,Akbarpur APMC,Wheat,Dara,FAQ,26/08/2026,2450,2450,2450
Uttar Pradesh,Ambedkarnagar,Akbarpur APMC,Rice,Common,FAQ,26/08/2026,2450,2450,2450
Telangana,Warangal,Warangal APMC,Pomegranate,Pomogranate,Large,26/08/2026,8000,10000,9000
Telangana,Warangal,Warangal APMC,Pineapple,Pine Apple,Large,26/08/2026,4000,4000,4000
Telangana,Warangal,Warangal APMC,Capsicum,Capsicum,FAQ,26/08/2026,4500,5000,4750
Telangana,Warangal,Warangal APMC,Cauliflower,Cauliflower,FAQ,26/08/2026,2500,3000,2750
Telangana,Warangal,Warangal APMC,Thondekai,Thondekai,FAQ,26/08/2026,1500,2000,1750
Telangana,Bhadradri Kothagudem,Yellandu APMC,Maize,Local,Local,26/08/2026,2200,2400,2300
Himachal Pradesh,Sirmore,PMY Paonta Sahib,Pumpkin,Other,FAQ,26/08/2026,1500,2000,1800
Himachal Pradesh,Sirmore,PMY Paonta Sahib,Bottle gourd,Other,FAQ,26/08/2026,2000,2500,2200
Himachal Pradesh,Sirmore,PMY Paonta Sahib,Ginger(Green),Green Ginger,FAQ,26/08/2026,8000,10000,9000
Himachal Pradesh,Sirmore,PMY Paonta Sahib,Green Chilli,Green Chilly,FAQ,26/08/2026,3000,3500,3200
Andhra Pradesh,Markapuram,Cumbum APMC,Bengal Gram(Gram)(Whole),Desi (Whole),FAQ,26/08/2026,5700,5900,5800
Maharashtra,Nashik,Pimpalgaon Baswant(Saykheda) APMC,Onion,Unhali,Local,26/08/2026,1401,4501,3850
Assam,Nagaon,Haibargaon APMC,Brinjal,Brinjal,FAQ,26/08/2026,2100,2300,2200
Uttar Pradesh,Maharajganj,Gadaura APMC,Wheat,Dara,FAQ,26/08/2026,2500,2500,2500
Gujarat,Patan,Sami APMC,Cummin Seed(Jeera),Cummin Seed(Jeera),Local,26/08/2026,18750,20275,19500
Uttar Pradesh,Ghaziabad,Ghaziabad APMC,Gur(Jaggery),Other,FAQ,26/08/2026,5400,5400,5400
Uttar Pradesh,Kanpur,Kanpur(Grain) APMC,Wheat,Other,FAQ,26/08/2026,2500,2575,2533.33
Uttar Pradesh,Shahjahanpur,Shahjahanpur APMC,Wheat,Medium Fine,FAQ,26/08/2026,2475,2475,2475
Gujarat,Banaskanth,Vadgam APMC,Bajra(Pearl Millet/Cumbu),Bold,Local,26/08/2026,2000,2375,2375
Uttarakhand,Haridwar,Roorkee APMC,Onion,Other,Local,26/08/2026,2500,4500,3500
Assam,Darrang,Besimari APMC,Bhindi(Ladies Finger),Bhindi,Local,26/08/2026,1500,1700,1600
Assam,Darrang,Besimari APMC,Tomato,Tomato,Local,26/08/2026,1700,2100,1900
Tamil Nadu,Erode,Thalavadi(Uzhavar Sandhai ),Bhindi(Ladies Finger),Bhindi,Local,26/08/2026,3000,3600,3300
Tamil Nadu,Erode,Thalavadi(Uzhavar Sandhai ),Cucumbar(Kheera),Cucumbar,Local,26/08/2026,2400,2800,2600
Tamil Nadu,Erode,Thalavadi(Uzhavar Sandhai ),Raddish,Raddish,Local,26/08/2026,2400,2800,2600
Tamil Nadu,Erode,Thalavadi(Uzhavar Sandhai ),Green Avare(W),Other,Local,26/08/2026,3500,4000,3750
Tamil Nadu,Erode,Thalavadi(Uzhavar Sandhai ),Onion Green,Onion Green,Local,26/08/2026,6000,6500,6250
Tamil Nadu,Cuddalore,Viruthachalam(Uzhavar Sandhai ),Banana,Besrai,Local,26/08/2026,4000,7000,5500
Tamil Nadu,Cuddalore,Viruthachalam(Uzhavar Sandhai ),Brinjal,Round,Local,26/08/2026,5000,6000,5500
Tamil Nadu,Cuddalore,Viruthachalam(Uzhavar Sandhai ),Pumpkin,Pumpkin,Local,26/08/2026,2500,2500,2500
Tamil Nadu,Cuddalore,Viruthachalam(Uzhavar Sandhai ),Amaranthus,Amaranthus,Local,26/08/2026,2000,2500,2250
Tamil Nadu,Cuddalore,Viruthachalam(Uzhavar Sandhai ),Carrot,Pusakesar,Local,26/08/2026,8000,8000,8000
Tamil Nadu,Cuddalore,Viruthachalam(Uzhavar Sandhai ),Cabbage,Cabbage,Local,26/08/2026,4000,4000,4000
Tamil Nadu,Cuddalore,Viruthachalam(Uzhavar Sandhai ),Beetroot,Beetroot,Local,26/08/2026,6000,6000,6000
Keralam,Alappuzha,Madhavapuram Market,Ashgourd,Other,FAQ,26/08/2026,4600,5000,4800
Keralam,Alappuzha,Madhavapuram Market,Papaya,Other,Grade A,26/08/2026,2800,3200,3000
Keralam,Alappuzha,Madhavapuram Market,Banana,Poovan,Grade A,26/08/2026,5100,5500,5300
Keralam,Alappuzha,Madhavapuram Market,Banana,Palayamthodan,Grade A,26/08/2026,3300,3700,3500
Tamil Nadu,Krishnagiri,Krishnagiri(Uzhavar Sandhai ),Bhindi(Ladies Finger),Bhindi,Local,26/08/2026,2400,2800,2600
Tamil Nadu,Krishnagiri,Krishnagiri(Uzhavar Sandhai ),Green Chilli,Green Chilly,Local,26/08/2026,3200,3600,3400
Tamil Nadu,Krishnagiri,Krishnagiri(Uzhavar Sandhai ),Cowpea(Veg),Cowpea (Veg),Local,26/08/2026,5000,5500,5250
Tamil Nadu,Krishnagiri,Krishnagiri(Uzhavar Sandhai ),Mint(Pudina),Mint(Pudina),Local,26/08/2026,2600,3000,2800
Tamil Nadu,Nagapattinam,Nagapattinam(Uzhavar Sandhai ),Groundnut,Big (With Shell),Local,26/08/2026,6100,6100,6100
Tamil Nadu,Nagapattinam,Nagapattinam(Uzhavar Sandhai ),Potato,Red Nanital,Local,26/08/2026,3500,4000,3750
Tamil Nadu,Nagapattinam,Nagapattinam(Uzhavar Sandhai ),Tomato,Deshi,Local,26/08/2026,2600,2600,2600
Tamil Nadu,Nagapattinam,Nagapattinam(Uzhavar Sandhai ),Bottle gourd,Bottle Gourd,Local,26/08/2026,2800,2800,2800
Tamil Nadu,Nagapattinam,Nagapattinam(Uzhavar Sandhai ),Ashgourd,Gouard,Local,26/08/2026,3200,3200,3200
Tamil Nadu,Nagapattinam,Nagapattinam(Uzhavar Sandhai ),Ginger(Green),Green Ginger,Local,26/08/2026,17100,20000,18550
Tamil Nadu,Nagapattinam,Nagapattinam(Uzhavar Sandhai ),Snakeguard,Snakeguard,Local,26/08/2026,2900,2900,2900
Tamil Nadu,Nagapattinam,Nagapattinam(Uzhavar Sandhai ),Green Avare(W),Green Avare (W),Local,26/08/2026,5200,6500,5850
Assam,Kamrup,Fancy Bazaar APMC,Green Gram Dal(Moong Dal),Green Gram Dal,FAQ,26/08/2026,9500,12100,11500
Assam,Kamrup,Fancy Bazaar APMC,Green Gram Dal(Moong Dal),Green gram,FAQ,26/08/2026,7800,12000,8000
Assam,Kamrup,Fancy Bazaar APMC,Sugar,Medium,FAQ,26/08/2026,5500,6800,6000
Assam,Kamrup,Fancy Bazaar APMC,Green Peas,Gemin Peas Dal,FAQ,26/08/2026,4800,5000,4900
Assam,Kamrup,Fancy Bazaar APMC,Dry Chillies,Dry Chillies,FAQ,26/08/2026,28200,32500,31500
Assam,Kamrup,Fancy Bazaar APMC,Green Peas,Green Peas,FAQ,26/08/2026,6500,9000,7500
Uttar Pradesh,Ghazipur,Saidpur APMC,Wheat,Other,FAQ,26/08/2026,2430,2430,2430
Tamil Nadu,Tenkasi,Sankarankoil(Uzhavar Sandhai ),Brinjal,Round,Local,26/08/2026,3500,4000,3750
Tamil Nadu,Tenkasi,Sankarankoil(Uzhavar Sandhai ),Bhindi(Ladies Finger),Bhindi,Local,26/08/2026,5500,6000,5750
Tamil Nadu,Tenkasi,Sankarankoil(Uzhavar Sandhai ),Amaranthus,Amaranthus,Local,26/08/2026,2000,2000,2000
Tamil Nadu,Tenkasi,Sankarankoil(Uzhavar Sandhai ),Tapioca,Tapioca,Local,26/08/2026,3500,4000,3750
Tamil Nadu,Tenkasi,Sankarankoil(Uzhavar Sandhai ),Ridgeguard(Tori),Ridgeguard(Tori),Local,26/08/2026,3500,4000,3750
Tamil Nadu,Tenkasi,Sankarankoil(Uzhavar Sandhai ),Tender Coconut,Tender Coconut,Local,26/08/2026,2500,3000,2750
Tamil Nadu,Tenkasi,Sankarankoil(Uzhavar Sandhai ),Yam(Ratalu),Yam (Ratalu),Local,26/08/2026,10000,10000,10000
Tamil Nadu,Tenkasi,Sankarankoil(Uzhavar Sandhai ),Colacasia,Colacasia,Local,26/08/2026,6000,6000,6000
Tamil Nadu,Pudukkottai,Pudukottai(Uzhavar Sandhai ),Cauliflower,Ranchi,Local,26/08/2026,5000,6000,5500
Tamil Nadu,Pudukkottai,Pudukottai(Uzhavar Sandhai ),Cluster beans,Cluster Beans,Local,26/08/2026,3500,4000,3750
Tamil Nadu,Pudukkottai,Pudukottai(Uzhavar Sandhai ),Bhindi(Ladies Finger),Bhindi,Local,26/08/2026,4500,5000,4750
Tamil Nadu,Pudukkottai,Pudukottai(Uzhavar Sandhai ),Cowpea(Veg),Cowpea (Veg),Local,26/08/2026,1500,2000,1750
Tamil Nadu,Pudukkottai,Pudukottai(Uzhavar Sandhai ),Raddish,Raddish,Local,26/08/2026,3500,4000,3750
Tamil Nadu,Pudukkottai,Pudukottai(Uzhavar Sandhai ),Capsicum,Capsicum,Local,26/08/2026,5500,6000,5750
Tamil Nadu,Pudukkottai,Pudukottai(Uzhavar Sandhai ),Colacasia,Colacasia,Local,26/08/2026,5000,6000,5500
Tamil Nadu,Pudukkottai,Pudukottai(Uzhavar Sandhai ),Onion Green,Onion Green,Local,26/08/2026,7500,8000,7750
Tamil Nadu,Pudukkottai,Pudukottai(Uzhavar Sandhai ),Mint(Pudina),Mint(Pudina),Local,26/08/2026,4500,5000,4750
Tamil Nadu,Thanjavur,Kumbakonam (Uzhavar Sandhai ),Onion,Bellary,Local,26/08/2026,4800,6000,5400
Tamil Nadu,Thanjavur,Kumbakonam (Uzhavar Sandhai ),Tomato,Deshi,Local,26/08/2026,2400,2800,2600
Tamil Nadu,Thanjavur,Kumbakonam (Uzhavar Sandhai ),Cluster beans,Cluster Beans,Local,26/08/2026,5400,5400,5400
Tamil Nadu,Thanjavur,Kumbakonam (Uzhavar Sandhai ),Pumpkin,Pumpkin,Local,26/08/2026,2400,2400,2400
Tamil Nadu,Thanjavur,Kumbakonam (Uzhavar Sandhai ),Amaranthus,Amaranthus,Local,26/08/2026,2000,2000,2000
Tamil Nadu,Thanjavur,Kumbakonam (Uzhavar Sandhai ),Ginger(Green),Green Ginger,Local,26/08/2026,10800,22000,16400
Tamil Nadu,Thanjavur,Kumbakonam (Uzhavar Sandhai ),Coconut,Coconut,Local,26/08/2026,6000,6000,6000
Tamil Nadu,Thanjavur,Kumbakonam (Uzhavar Sandhai ),Chow Chow,Chow Chow,Local,26/08/2026,3600,3600,3600
Tamil Nadu,Thanjavur,Kumbakonam (Uzhavar Sandhai ),Drumstick,Drumstick,Local,26/08/2026,4800,4800,4800
Tamil Nadu,Thanjavur,Kumbakonam (Uzhavar Sandhai ),Amla(Nelli Kai),Amla,Local,26/08/2026,8000,8000,8000
Tamil Nadu,The Nilgiris,Udhagamandalam(Uzhavar Sandhai ),Banana,Besrai,Local,26/08/2026,3500,5000,4250
Tamil Nadu,The Nilgiris,Udhagamandalam(Uzhavar Sandhai ),Bitter gourd,Bitter Gourd,Local,26/08/2026,5500,5800,5650
Tamil Nadu,The Nilgiris,Udhagamandalam(Uzhavar Sandhai ),Pumpkin,Pumpkin,Local,26/08/2026,1500,2000,1750
Tamil Nadu,The Nilgiris,Udhagamandalam(Uzhavar Sandhai ),Ginger(Green),Green Ginger,Local,26/08/2026,15000,16000,15500
Tamil Nadu,The Nilgiris,Udhagamandalam(Uzhavar Sandhai ),Carrot,Pusakesar,Local,26/08/2026,5000,5500,5250
Tamil Nadu,The Nilgiris,Udhagamandalam(Uzhavar Sandhai ),Cucumbar(Kheera),Cucumbar,Local,26/08/2026,4000,4500,4250
Tamil Nadu,The Nilgiris,Udhagamandalam(Uzhavar Sandhai ),Ridgeguard(Tori),Ridgeguard(Tori),Local,26/08/2026,4500,4800,4650
Tamil Nadu,The Nilgiris,Udhagamandalam(Uzhavar Sandhai ),Drumstick,Drumstick,Local,26/08/2026,3000,3500,3250
Tamil Nadu,The Nilgiris,Udhagamandalam(Uzhavar Sandhai ),Guava,Guava Allahabad,Local,26/08/2026,7000,8000,7500
Tamil Nadu,The Nilgiris,Udhagamandalam(Uzhavar Sandhai ),Elephant Yam(Suran)/Amorphophallus,Elephant Yam (Suran),Local,26/08/2026,3500,4000,3750
Tamil Nadu,The Nilgiris,Udhagamandalam(Uzhavar Sandhai ),Lemon,Lemon,Local,26/08/2026,12000,15000,13500
Tamil Nadu,The Nilgiris,Udhagamandalam(Uzhavar Sandhai ),Onion Green,Onion Green,Local,26/08/2026,7000,7500,7250
Tamil Nadu,Theni,Andipatti(Uzhavar Sandhai ),Potato,Red Nanital,Local,26/08/2026,2000,2600,2300
Tamil Nadu,Theni,Andipatti(Uzhavar Sandhai ),Papaya,Papaya,Local,26/08/2026,3000,3500,3250
Tamil Nadu,Theni,Andipatti(Uzhavar Sandhai ),Tomato,Deshi,Local,26/08/2026,1800,2000,1900
Tamil Nadu,Theni,Andipatti(Uzhavar Sandhai ),Bottle gourd,Bottle Gourd,Local,26/08/2026,1800,2000,1900
Tamil Nadu,Theni,Andipatti(Uzhavar Sandhai ),Cabbage,Cabbage,Local,26/08/2026,2800,3000,2900
Tamil Nadu,Theni,Andipatti(Uzhavar Sandhai ),Beetroot,Beetroot,Local,26/08/2026,3000,3500,3250
Tamil Nadu,Theni,Andipatti(Uzhavar Sandhai ),Ridgeguard(Tori),Ridgeguard(Tori),Local,26/08/2026,3500,3800,3650
Tamil Nadu,Theni,Andipatti(Uzhavar Sandhai ),Colacasia,Colacasia,Local,26/08/2026,6000,6000,6000
Assam,Hailakandi,Harbartganj Daily Market APMC,Onion,Onion,FAQ,26/08/2026,4400,4500,4500
Assam,Hailakandi,Harbartganj Daily Market APMC,Potato,Potato,FAQ,26/08/2026,1500,1800,1650
Tamil Nadu,Theni,Bodinayakanur(Uzhavar Sandhai ),Elephant Yam(Suran)/Amorphophallus,Elephant Yam (Suran),Local,26/08/2026,4000,4000,4000
Tamil Nadu,Theni,Bodinayakanur(Uzhavar Sandhai ),Cauliflower,Ranchi,Local,26/08/2026,3500,3500,3500
Tamil Nadu,Theni,Bodinayakanur(Uzhavar Sandhai ),Coconut,Coconut,Local,26/08/2026,5400,5400,5400
Tamil Nadu,Theni,Bodinayakanur(Uzhavar Sandhai ),Green Avare(W),Green Avare (W),Local,26/08/2026,2800,2800,2800
Tamil Nadu,Theni,Bodinayakanur(Uzhavar Sandhai ),Chow Chow,Chow Chow,Local,26/08/2026,3000,3000,3000
West Bengal,Bankura,Bishnupur(Bankura) APMC,Rice,Fine,FAQ,26/08/2026,4600,4800,4700
West Bengal,Bankura,Bishnupur(Bankura) APMC,Masur Dal,Other,FAQ,26/08/2026,9900,10500,10200
Tamil Nadu,Thiruvarur,Needamangalam(Uzhavar Sandhai ),Bitter gourd,Bitter Gourd,Local,26/08/2026,5400,5400,5400
Tamil Nadu,Thiruvarur,Needamangalam(Uzhavar Sandhai ),Amaranthus,Amaranthus,Local,26/08/2026,2000,2000,2000
Tamil Nadu,Thiruvarur,Needamangalam(Uzhavar Sandhai ),Snakeguard,Snakeguard,Local,26/08/2026,3400,3400,3400
Tamil Nadu,Thiruvarur,Needamangalam(Uzhavar Sandhai ),Onion Green,Onion Green,Local,26/08/2026,8000,8000,8000
Tamil Nadu,Thiruvarur,Tiruvarur(Uzhavar Sandhai ),Brinjal,Round,Local,26/08/2026,4000,4000,4000
Tamil Nadu,Thiruvarur,Tiruvarur(Uzhavar Sandhai ),Banana - Green,Banana - Green,Local,26/08/2026,4000,4000,4000
Tamil Nadu,Thiruvarur,Tiruvarur(Uzhavar Sandhai ),Coconut,Coconut,Local,26/08/2026,5000,5000,5000
Tamil Nadu,Thiruvarur,Tiruvarur(Uzhavar Sandhai ),Raddish,Raddish,Local,26/08/2026,3000,3000,3000
Tamil Nadu,Thiruvarur,Tiruvarur(Uzhavar Sandhai ),Drumstick,Drumstick,Local,26/08/2026,4000,4000,4000
Tamil Nadu,Thiruvarur,Tiruvarur(Uzhavar Sandhai ),Lime,Lime,Local,26/08/2026,3000,3000,3000
Tamil Nadu,Thiruvarur,Tiruvarur(Uzhavar Sandhai ),Lemon,Lemon,Local,26/08/2026,12000,12000,12000
Bihar,East Champaran/ Motihari,Raxaul APMC,Bitter gourd,Bitter Gourd,Grade A,26/08/2026,1000,1200,1100
Madhya Pradesh,Narsinghpur,Gadarwara(F&V) APMC,Banana,Banana - Ripe,Grade B,26/08/2026,2500,2500,2500
Madhya Pradesh,Narsinghpur,Gadarwara(F&V) APMC,Potato,Other,Grade B,26/08/2026,1000,1000,1000
Madhya Pradesh,Narsinghpur,Gadarwara(F&V) APMC,Cucumbar(Kheera),Cucumbar,Grade B,26/08/2026,2000,2000,2000
Madhya Pradesh,Narsinghpur,Gadarwara(F&V) APMC,Cauliflower,Cauliflower,Grade B,26/08/2026,5000,5000,5000
Uttar Pradesh,Ballia,Ballia APMC,Rice,Common,FAQ,26/08/2026,2400,2400,2400
Tamil Nadu,Virudhunagar,Aruppukottai(Uzhavar Sandhai ),Brinjal,Round,Local,26/08/2026,3000,4000,3500
Tamil Nadu,Virudhunagar,Aruppukottai(Uzhavar Sandhai ),Papaya,Papaya,Local,26/08/2026,3000,3500,3250
Tamil Nadu,Virudhunagar,Aruppukottai(Uzhavar Sandhai ),Carrot,Pusakesar,Local,26/08/2026,6000,8000,7000
Tamil Nadu,Virudhunagar,Aruppukottai(Uzhavar Sandhai ),Ridgeguard(Tori),Ridgeguard(Tori),Local,26/08/2026,5000,6000,5500
Tamil Nadu,Virudhunagar,Aruppukottai(Uzhavar Sandhai ),Mango(Raw-Ripe),Mango - Raw-Ripe,Local,26/08/2026,8000,10000,9000
Tamil Nadu,Virudhunagar,Aruppukottai(Uzhavar Sandhai ),Guava,Guava Allahabad,Local,26/08/2026,3000,4000,3500
Tamil Nadu,Virudhunagar,Aruppukottai(Uzhavar Sandhai ),Yam(Ratalu),Yam (Ratalu),Local,26/08/2026,8000,9000,8500
Tamil Nadu,Virudhunagar,Aruppukottai(Uzhavar Sandhai ),Mint(Pudina),Mint(Pudina),Local,26/08/2026,5000,6000,5500
Tamil Nadu,Villupuram,Gingee(Uzhavar Sandhai ),Onion,Bellary,Local,26/08/2026,5000,6000,5500
Tamil Nadu,Villupuram,Gingee(Uzhavar Sandhai ),Potato,Red Nanital,Local,26/08/2026,4000,4000,4000
Tamil Nadu,Villupuram,Gingee(Uzhavar Sandhai ),Tomato,Deshi,Local,26/08/2026,1500,1500,1500
Tamil Nadu,Villupuram,Gingee(Uzhavar Sandhai ),Pumpkin,Pumpkin,Local,26/08/2026,2500,2500,2500
Tamil Nadu,Villupuram,Gingee(Uzhavar Sandhai ),Ginger(Green),Green Ginger,Local,26/08/2026,13000,13000,13000
Tamil Nadu,Villupuram,Gingee(Uzhavar Sandhai ),Coconut,Coconut,Local,26/08/2026,6000,6000,6000
Tamil Nadu,Villupuram,Gingee(Uzhavar Sandhai ),Beetroot,Beetroot,Local,26/08/2026,5000,5000,5000
Tamil Nadu,Villupuram,Gingee(Uzhavar Sandhai ),Thondekai,Thondekai,Local,26/08/2026,4000,4000,4000
Tamil Nadu,Villupuram,Gingee(Uzhavar Sandhai ),Knool Khol,Knool Khol,Local,26/08/2026,4500,4500,4500
Tamil Nadu,Villupuram,Gingee(Uzhavar Sandhai ),Mint(Pudina),Mint(Pudina),Local,26/08/2026,3000,3000,3000
Uttar Pradesh,Bareilly,Bareilly APMC,Cowpea(Lobia/Karamani),Other,FAQ,26/08/2026,8000,8000,8000
Uttar Pradesh,Barabanki,Barabanki APMC,Wheat,Other,FAQ,26/08/2026,2450,2450,2450
Tamil Nadu,Thiruvarur,Valangaiman APMC,Bitter gourd,Bitter Gourd,Local,26/08/2026,6000,6000,6000
Tamil Nadu,Thiruvarur,Valangaiman APMC,Onion Green,Onion Green,Local,26/08/2026,7000,7000,7000
Tamil Nadu,Thiruvellore,Tiruthani(Uzhavar Sandhai ),Potato,Red Nanital,Local,26/08/2026,3000,3000,3000
Tamil Nadu,Thiruvellore,Tiruthani(Uzhavar Sandhai ),Garlic,Garlic,Local,26/08/2026,24000,24000,24000
Tamil Nadu,Thiruvellore,Tiruthani(Uzhavar Sandhai ),Cauliflower,Ranchi,Local,26/08/2026,4000,4000,4000
Tamil Nadu,Thiruvellore,Tiruthani(Uzhavar Sandhai ),Brinjal,Round,Local,26/08/2026,4000,4000,4000
Tamil Nadu,Thiruvellore,Tiruthani(Uzhavar Sandhai ),Beans,Beans (Whole),Local,26/08/2026,9000,9000,9000
Tamil Nadu,Thiruvellore,Tiruthani(Uzhavar Sandhai ),Cucumbar(Kheera),Cucumbar,Local,26/08/2026,5000,5000,5000
Tamil Nadu,Virudhunagar,Kariyapatti(Uzhavar Sandhai ),Bottle gourd,Bottle Gourd,Local,26/08/2026,1800,2000,1900
Tamil Nadu,Virudhunagar,Kariyapatti(Uzhavar Sandhai ),Raddish,Raddish,Local,26/08/2026,3000,3500,3250
Tamil Nadu,Virudhunagar,Kariyapatti(Uzhavar Sandhai ),Guava,Guava Allahabad,Local,26/08/2026,3500,4000,3750
Tamil Nadu,Virudhunagar,Kariyapatti(Uzhavar Sandhai ),Yam(Ratalu),Yam (Ratalu),Local,26/08/2026,8500,9000,8750
Uttar Pradesh,Bulandshahar,Buland Shahr APMC,Potato,Other,FAQ,26/08/2026,800,800,800
Uttar Pradesh,Sambhal,Chandausi APMC,Green Chilli,Other,FAQ,26/08/2026,3000,3000,3000
Uttar Pradesh,Sambhal,Chandausi APMC,Potato,Other,FAQ,26/08/2026,610,620,611.64
Maharashtra,Ahilyanagar,Karjat APMC,Black Gram(Urd Beans)(Whole),Other,FAQ,26/08/2026,8000,8500,8250
Tamil Nadu,Thiruvellore,Tiruvallur(Uzhavar Sandhai ),Bottle gourd,Bottle Gourd,Local,26/08/2026,3000,3000,3000
Tamil Nadu,Thiruvellore,Tiruvallur(Uzhavar Sandhai ),Snakeguard,Snakeguard,Local,26/08/2026,4000,4000,4000
Tamil Nadu,Thiruvellore,Tiruvallur(Uzhavar Sandhai ),Drumstick,Drumstick,Local,26/08/2026,7000,7000,7000
Tamil Nadu,Thiruvellore,Tiruvallur(Uzhavar Sandhai ),Lemon,Lemon,Local,26/08/2026,13000,13000,13000
Madhya Pradesh,Shivpuri,Karera(F&V) APMC,Green Chilli,Green Chilly,Local,26/08/2026,2800,4000,3500
Tamil Nadu,Vellore,Katpadi (Uzhavar Sandhai ),Coriander(Leaves),I Sort,Local,26/08/2026,3000,3000,3000
Tamil Nadu,Vellore,Katpadi (Uzhavar Sandhai ),Bhindi(Ladies Finger),Bhindi,Local,26/08/2026,3500,3500,3500
Tamil Nadu,Vellore,Katpadi (Uzhavar Sandhai ),Sweet Potato,Hosur Red,Local,26/08/2026,3500,3500,3500
Tamil Nadu,Vellore,Katpadi (Uzhavar Sandhai ),Beetroot,Beetroot,Local,26/08/2026,4000,4000,4000
Tamil Nadu,Vellore,Katpadi (Uzhavar Sandhai ),Knool Khol,Knool Khol,Local,26/08/2026,3000,3000,3000
Tamil Nadu,Vellore,Katpadi (Uzhavar Sandhai ),Elephant Yam(Suran)/Amorphophallus,Elephant Yam (Suran),Local,26/08/2026,5500,5500,5500
Tamil Nadu,Vellore,Katpadi (Uzhavar Sandhai ),Onion Green,Onion Green,Local,26/08/2026,8000,8000,8000
Assam,Nagaon,Ambagan APMC,Potato,Potato,FAQ,26/08/2026,1400,1600,1500
Tamil Nadu,Madurai,Thirumangalam(Uzhavar Sandhai ),Onion,Bellary,Local,26/08/2026,6000,6400,6200
Tamil Nadu,Madurai,Thirumangalam(Uzhavar Sandhai ),Cluster beans,Cluster Beans,Local,26/08/2026,3000,3600,3300
Tamil Nadu,Madurai,Thirumangalam(Uzhavar Sandhai ),Amla(Nelli Kai),Amla,Local,26/08/2026,7000,8000,7500
Tamil Nadu,Madurai,Melur(Uzhavar Sandhai ),Banana,Besrai,Local,26/08/2026,4000,6000,5000
Tamil Nadu,Madurai,Melur(Uzhavar Sandhai ),Ridgeguard(Tori),Ridgeguard(Tori),Local,26/08/2026,6000,6500,6250
Tamil Nadu,Madurai,Melur(Uzhavar Sandhai ),Thondekai,Thondekai,Local,26/08/2026,4000,4500,4250
Tamil Nadu,Madurai,Melur(Uzhavar Sandhai ),Green Avare(W),Green Avare (W),Local,26/08/2026,3500,4000,3750
Tamil Nadu,Madurai,Melur(Uzhavar Sandhai ),Lime,Lime,Local,26/08/2026,3600,4000,3800
Tamil Nadu,Madurai,Melur(Uzhavar Sandhai ),Guava,Guava Allahabad,Local,26/08/2026,5000,6000,5500
Tamil Nadu,Madurai,Melur(Uzhavar Sandhai ),Yam(Ratalu),Yam (Ratalu),Local,26/08/2026,8000,9000,8500
Tamil Nadu,Madurai,Melur(Uzhavar Sandhai ),Amla(Nelli Kai),Amla,Local,26/08/2026,7000,8000,7500
Tamil Nadu,Salem,Vazhapadi(Uzhavar Sandhai),Coriander(Leaves),I Sort,Local,26/08/2026,5000,5000,5000
Tamil Nadu,Salem,Vazhapadi(Uzhavar Sandhai),Water Melon,Water Melon,Local,26/08/2026,2000,2000,2000
Tamil Nadu,Salem,Vazhapadi(Uzhavar Sandhai),Bitter gourd,Bitter Gourd,Local,26/08/2026,5500,6000,5750
Tamil Nadu,Salem,Vazhapadi(Uzhavar Sandhai),Beetroot,Beetroot,Local,26/08/2026,5000,5000,5000
Tamil Nadu,Salem,Vazhapadi(Uzhavar Sandhai),Thondekai,Thondekai,Local,26/08/2026,6000,6000,6000
Tamil Nadu,Salem,Vazhapadi(Uzhavar Sandhai),Mint(Pudina),Mint(Pudina),Local,26/08/2026,4000,4000,4000
Tamil Nadu,Karur,Gandhigramam(Uzhavar Sandhai),Potato,Other,Local,26/08/2026,3500,5500,4500
Tamil Nadu,Karur,Gandhigramam(Uzhavar Sandhai),Beans,Beans (Whole),Local,26/08/2026,6000,7000,6500
Tamil Nadu,Karur,Gandhigramam(Uzhavar Sandhai),Carrot,Pusakesar,Local,26/08/2026,6000,7000,6500
Tamil Nadu,Karur,Gandhigramam(Uzhavar Sandhai),Ridgeguard(Tori),Ridgeguard(Tori),Local,26/08/2026,4500,5000,4750
Tamil Nadu,Karur,Gandhigramam(Uzhavar Sandhai),Mango(Raw-Ripe),Mango - Raw-Ripe,Local,26/08/2026,8000,9000,8500
Karnataka,Bengaluru South,Ramanagara APMC,Knool Khol,Knool Khol,Local,26/08/2026,2000,3000,2500
Karnataka,Bengaluru South,Ramanagara APMC,Ridgeguard(Tori),Ridgeguard(Tori),Local,26/08/2026,2000,2800,2400
Karnataka,Bengaluru South,Ramanagara APMC,Raddish,Raddish,Local,26/08/2026,1600,2800,2400
Karnataka,Bengaluru South,Ramanagara APMC,Beans,Beans (Whole),Local,26/08/2026,4000,5500,5000
Tamil Nadu,Pudukkottai,Aranthangi(Uzhavar Sandhai ),Ashgourd,Gouard,Local,26/08/2026,1000,1500,1250
Tamil Nadu,Pudukkottai,Aranthangi(Uzhavar Sandhai ),Coconut,Coconut,Local,26/08/2026,3500,4000,3750
Tamil Nadu,Pudukkottai,Aranthangi(Uzhavar Sandhai ),Ridgeguard(Tori),Ridgeguard(Tori),Local,26/08/2026,5000,6000,5500
Maharashtra,Nagpur,Ramtek APMC,Brinjal,Other,Local,26/08/2026,1000,1500,1300
Tamil Nadu,Nagapattinam,Vedaranyam(Uzhavar Sandhai),Brinjal,Round,Local,26/08/2026,4800,5500,5150
Tamil Nadu,Nagapattinam,Vedaranyam(Uzhavar Sandhai),Ashgourd,Gouard,Local,26/08/2026,2500,3000,2750
Tamil Nadu,Nagapattinam,Vedaranyam(Uzhavar Sandhai),Ginger(Green),Green Ginger,Local,26/08/2026,12000,15000,13500
Tamil Nadu,Nagapattinam,Vedaranyam(Uzhavar Sandhai),Chow Chow,Chow Chow,Local,26/08/2026,2500,3000,2750
Tamil Nadu,Vellore,Perampet(Uzhavar Sandhai),Sweet Corn ,Sweet Corn ,Local,26/08/2026,3000,3000,3000
Tamil Nadu,Vellore,Perampet(Uzhavar Sandhai),Garlic,Garlic,Local,26/08/2026,21000,22000,21500
Tamil Nadu,Vellore,Perampet(Uzhavar Sandhai),Bitter gourd,Bitter Gourd,Local,26/08/2026,4600,5000,4800
Tamil Nadu,Vellore,Perampet(Uzhavar Sandhai),Amaranthus,Amaranthus,Local,26/08/2026,4000,4000,4000
Tamil Nadu,Vellore,Perampet(Uzhavar Sandhai),Green Chilli,Green Chilly,Local,26/08/2026,5000,6000,5500
Tamil Nadu,Vellore,Perampet(Uzhavar Sandhai),Banana - Green,Banana - Green,Local,26/08/2026,4000,4000,4000
Tamil Nadu,Vellore,Perampet(Uzhavar Sandhai),Ridgeguard(Tori),Ridgeguard(Tori),Local,26/08/2026,3000,3600,3300
Tamil Nadu,Vellore,Perampet(Uzhavar Sandhai),Guava,Guava Allahabad,Local,26/08/2026,3500,4000,3750
Tamil Nadu,Vellore,Perampet(Uzhavar Sandhai),Lemon,Lemon,Local,26/08/2026,8000,9000,8500
Tamil Nadu,Vellore,Perampet(Uzhavar Sandhai),Amla(Nelli Kai),Amla,Local,26/08/2026,10000,10000,10000
Maharashtra,Pune,Pune(Pimpri) APMC,Beetroot,Other,Local,26/08/2026,2500,2500,2500
Maharashtra,Pune,Pune(Pimpri) APMC,Bottle gourd,Other,Local,26/08/2026,1000,3000,2000
Tamil Nadu,Karur,Kulithalai(Uzhavar Sandhai ),Papaya,Papaya,Local,26/08/2026,2500,3000,2750
Tamil Nadu,Karur,Kulithalai(Uzhavar Sandhai ),Tomato,Deshi,Local,26/08/2026,1600,2000,1800
Tamil Nadu,Karur,Kulithalai(Uzhavar Sandhai ),Bitter gourd,Other,Local,26/08/2026,5000,6000,5500
Tamil Nadu,Karur,Kulithalai(Uzhavar Sandhai ),Ashgourd,Gouard,Local,26/08/2026,2500,3000,2750
Tamil Nadu,Karur,Kulithalai(Uzhavar Sandhai ),Pumpkin,Pumpkin,Local,26/08/2026,2500,3000,2750
Tamil Nadu,Karur,Kulithalai(Uzhavar Sandhai ),Cabbage,Cabbage,Local,26/08/2026,3000,3200,3100
Tamil Nadu,Karur,Kulithalai(Uzhavar Sandhai ),Snakeguard,Snakeguard,Local,26/08/2026,3000,3600,3300
Tamil Nadu,Karur,Kulithalai(Uzhavar Sandhai ),Green Avare(W),Other,Local,26/08/2026,5500,6000,5750
Tamil Nadu,Karur,Kulithalai(Uzhavar Sandhai ),Knool Khol,Knool Khol,Local,26/08/2026,4500,5000,4750
Tamil Nadu,Karur,Kulithalai(Uzhavar Sandhai ),Onion Green,Onion Green,Local,26/08/2026,7500,8000,7750
Andhra Pradesh,East Godavari,Mandapeta APMC,Paddy(Common),1001,FAQ,26/08/2026,2369,2400,2389
Tamil Nadu,Chengalpattu,Guduvancheri(Uzhavar Sandhai ),Orange,Darjeeling,Local,26/08/2026,12000,13000,12500
Tamil Nadu,Chengalpattu,Guduvancheri(Uzhavar Sandhai ),Onion,Bellary,Local,26/08/2026,5000,6000,5500
Tamil Nadu,Chengalpattu,Guduvancheri(Uzhavar Sandhai ),Tomato,Other,Local,26/08/2026,2000,2500,2250
Tamil Nadu,Chengalpattu,Guduvancheri(Uzhavar Sandhai ),Bhindi(Ladies Finger),Bhindi,Local,26/08/2026,4000,5000,4500
Tamil Nadu,Chengalpattu,Guduvancheri(Uzhavar Sandhai ),Snakeguard,Snakeguard,Local,26/08/2026,3500,4000,3750
Tamil Nadu,Chengalpattu,Guduvancheri(Uzhavar Sandhai ),Cucumbar(Kheera),Cucumbar,Local,26/08/2026,4000,5000,4500
Tamil Nadu,Chengalpattu,Guduvancheri(Uzhavar Sandhai ),Pomegranate,Pomogranate,Local,26/08/2026,14000,15000,14500
Tamil Nadu,Thirupathur,Vaniyampadi(Uzhavar Sandhai ),Cluster beans,Cluster Beans,Local,26/08/2026,6000,6000,6000
Tamil Nadu,Thirupathur,Vaniyampadi(Uzhavar Sandhai ),Amaranthus,Amaranthus,Local,26/08/2026,4000,4000,4000
Tamil Nadu,Thirupathur,Vaniyampadi(Uzhavar Sandhai ),Tapioca,Tapioca,Local,26/08/2026,3000,3000,3000
Tamil Nadu,Thirupathur,Vaniyampadi(Uzhavar Sandhai ),Ridgeguard(Tori),Ridgeguard(Tori),Local,26/08/2026,3000,3000,3000
Tamil Nadu,Thirupathur,Vaniyampadi(Uzhavar Sandhai ),Green Avare(W),Green Avare (W),Local,26/08/2026,4000,4000,4000
Tamil Nadu,Thirupathur,Vaniyampadi(Uzhavar Sandhai ),Tamarind Fruit,Tamarind Fruit,Local,26/08/2026,7000,7000,7000
Tamil Nadu,Thirupathur,Vaniyampadi(Uzhavar Sandhai ),Mint(Pudina),Mint(Pudina),Local,26/08/2026,4000,4000,4000
Tamil Nadu,Thirupathur,Vaniyampadi(Uzhavar Sandhai ),Sweet Corn ,Sweet Corn ,Local,26/08/2026,3000,3000,3000
Tamil Nadu,Thirupur,Dharapuram(Uzhavar Sandhai ),Elephant Yam(Suran)/Amorphophallus,Elephant Yam (Suran),Local,26/08/2026,4500,5000,4750
Tamil Nadu,Thirupur,Dharapuram(Uzhavar Sandhai ),Potato,Other,Local,26/08/2026,5000,5500,5250
Tamil Nadu,Thirupur,Dharapuram(Uzhavar Sandhai ),Cauliflower,Ranchi,Local,26/08/2026,3000,3500,3250
Tamil Nadu,Thirupur,Dharapuram(Uzhavar Sandhai ),Brinjal,Round,Local,26/08/2026,5500,6000,5750
Tamil Nadu,Thirupur,Dharapuram(Uzhavar Sandhai ),Bottle gourd,Bottle Gourd,Local,26/08/2026,1500,2000,1750
Tamil Nadu,Thirupur,Dharapuram(Uzhavar Sandhai ),Banana - Green,Banana - Green,Local,26/08/2026,2500,3000,2750
Tamil Nadu,Thirupur,Dharapuram(Uzhavar Sandhai ),Cabbage,Cabbage,Local,26/08/2026,3000,3500,3250
Tamil Nadu,Thirupur,Dharapuram(Uzhavar Sandhai ),Green Avare(W),Green Avare (W),Local,26/08/2026,5500,6000,5750
Tamil Nadu,Thirupur,Dharapuram(Uzhavar Sandhai ),Drumstick,Drumstick,Local,26/08/2026,3000,3500,3250
Tamil Nadu,Thirupur,Dharapuram(Uzhavar Sandhai ),Lemon,Lemon,Local,26/08/2026,14000,15000,14500
Tamil Nadu,Thirupur,Palladam(Uzhavar Sandhai ),Coriander(Leaves),I Sort,Local,26/08/2026,3500,4000,3750
Tamil Nadu,Thirupur,Palladam(Uzhavar Sandhai ),Tomato,Local,Local,26/08/2026,1200,1600,1400
Tamil Nadu,Thirupur,Palladam(Uzhavar Sandhai ),Bitter gourd,Other,Local,26/08/2026,5000,6000,5500
Tamil Nadu,Thirupur,Palladam(Uzhavar Sandhai ),Thondekai,Thondekai,Local,26/08/2026,3500,4000,3750
Tamil Nadu,Thirupur,Palladam(Uzhavar Sandhai ),Mint(Pudina),Mint(Pudina),Local,26/08/2026,2500,3000,2750
Telangana,Ranga Reddy,"Saroornagar,RBZ",Banana - Green,Banana - Green,Medium,26/08/2026,4000,4000,4000
Telangana,Ranga Reddy,"Saroornagar,RBZ",Field Bean(Anumulu),Field Bean(Anumulu),Grade B,26/08/2026,3500,3500,3500
Telangana,Ranga Reddy,"Saroornagar,RBZ",Ridgeguard(Tori),Other,Medium,26/08/2026,3500,3500,3500
Uttar Pradesh,Amethi,Jafarganj APMC,Wheat,Dara,FAQ,26/08/2026,2500,2520,2510.29
Uttar Pradesh,Bulandshahar,Jahangirabad APMC,Maize,Other,FAQ,26/08/2026,2001,2250,2176.76
Uttar Pradesh,Raebarelli,Jayas APMC,Garlic,Other,FAQ,26/08/2026,5000,5000,5000
Uttar Pradesh,Ghazipur,Jangipura APMC,Onion,Other,FAQ,26/08/2026,4913.66,4913.66,4913.66
Uttar Pradesh,Ghazipur,Jangipura APMC,Potato,Other,FAQ,26/08/2026,860.23,1131.04,1038.48
Uttar Pradesh,Ghazipur,Jangipura APMC,Green Chilli,Other,FAQ,26/08/2026,1500,5908.7,2034.62
Uttar Pradesh,Mathura,Kosikalan APMC,Wheat,Medium,FAQ,26/08/2026,2550,2550,2550
Tamil Nadu,Kallakuruchi,Kallakurichi(Uzhavar Sandhai ),Banana,Red Banana,Local,26/08/2026,7000,7000,7000
Tamil Nadu,Kallakuruchi,Kallakurichi(Uzhavar Sandhai ),Onion,Bellary,Local,26/08/2026,6000,6000,6000
Tamil Nadu,Kallakuruchi,Kallakurichi(Uzhavar Sandhai ),Brinjal,Other,Local,26/08/2026,6000,6000,6000
Tamil Nadu,Kallakuruchi,Kallakurichi(Uzhavar Sandhai ),Water Melon,Water Melon,Local,26/08/2026,1000,1000,1000
Tamil Nadu,Kallakuruchi,Kallakurichi(Uzhavar Sandhai ),Beetroot,Beetroot,Local,26/08/2026,6000,6000,6000
Tamil Nadu,Kallakuruchi,Kallakurichi(Uzhavar Sandhai ),Chow Chow,Chow Chow,Local,26/08/2026,5000,5000,5000
Tamil Nadu,Kallakuruchi,Kallakurichi(Uzhavar Sandhai ),Guava,Guava Allahabad,Local,26/08/2026,5000,5000,5000
Tamil Nadu,Kallakuruchi,Kallakurichi(Uzhavar Sandhai ),Marigold(Calcutta),Marigold(Calcutta),Local,26/08/2026,45000,45000,45000
Tamil Nadu,Kallakuruchi,Kallakurichi(Uzhavar Sandhai ),Yam(Ratalu),Yam (Ratalu),Local,26/08/2026,3000,3000,3000
Tamil Nadu,Kallakuruchi,Kallakurichi(Uzhavar Sandhai ),Colacasia,Colacasia,Local,26/08/2026,4000,4000,4000
Tamil Nadu,Kallakuruchi,Kallakurichi(Uzhavar Sandhai ),Mint(Pudina),Mint(Pudina),Local,26/08/2026,3000,3000,3000
Uttar Pradesh,Jalaun (Orai),Konch APMC,Cucumbar(Kheera),Cucumbar,FAQ,26/08/2026,1100,1250,1200
Uttar Pradesh,Hardoi,Madhoganj APMC,Wheat,Dara,FAQ,26/08/2026,2500,2500,2500
Uttar Pradesh,Sitapur,Mehmoodabad APMC,Mentha Oil,Other,FAQ,26/08/2026,132000,132000,132000
Uttar Pradesh,Mahoba,Mahoba APMC,Peas(Dry),Other,FAQ,26/08/2026,3970,4010,3990.45
Uttar Pradesh,Mathura,Mathura APMC,Ginger(Green),Other,FAQ,26/08/2026,12000,12000,12000
Tamil Nadu,Thirupathur,Natrampalli(Uzhavar Sandhai ),Banana,Besrai,Local,26/08/2026,5000,6000,5500
Tamil Nadu,Thirupathur,Natrampalli(Uzhavar Sandhai ),Banana - Green,Banana - Green,Local,26/08/2026,2500,3000,2750
Punjab,Pathankot,Pathankot APMC,Onion,Onion,Medium,26/08/2026,4000,4000,4000
Punjab,Pathankot,Pathankot APMC,Bottle gourd,Bottle Gourd,Medium,26/08/2026,2000,2000,2000
Punjab,Pathankot,Pathankot APMC,Cabbage,Cabbage,Medium,26/08/2026,2500,2500,2500
Punjab,Pathankot,Pathankot APMC,Cauliflower,Cauliflower,Medium,26/08/2026,3800,3800,3800
Punjab,Pathankot,Pathankot APMC,Tomato,Tomato,Medium,26/08/2026,2000,2000,2000
Madhya Pradesh,Sagar,Devri(F&V) APMC,Brinjal,Brinjal,Grade B,26/08/2026,673,673,673
Madhya Pradesh,Sagar,Devri(F&V) APMC,Bottle gourd,Bottle Gourd,Grade B,26/08/2026,820,820,820
Andhra Pradesh,Srikakulam,Hiramandalam APMC,Paddy(Common),Masuri,Local,26/08/2026,2400,2400,2400
Andhra Pradesh,Bapatla,Chirala APMC,Paddy(Common),B P T,Local,26/08/2026,2400,2500,2450
Uttar Pradesh,Maharajganj,Nautnava APMC,Wheat,Dara,FAQ,26/08/2026,2400,2400,2400
Andhra Pradesh,Markapuram,Kanigiri APMC,Red gram/Arhar/Tur(whole),(Whole),Local,26/08/2026,8600,8800,8700
Andhra Pradesh,Dr.B.R.A.Konaseema,Razole APMC,Coconut,Medium,FAQ,26/08/2026,15600,16600,15600
Andhra Pradesh,Kakinada,Tuni APMC,Cashewnuts,Local(Raw),FAQ,26/08/2026,13000,13000,13000
Andhra Pradesh,Krishna,Vuyyur APMC,Black Gram Dal(Urd Dal),Local,FAQ,26/08/2026,8400,8500,8450
Tamil Nadu,Salem,Athur(Uzhavar Sandhai ),Garlic,Garlic,Local,26/08/2026,22000,26000,24000
Tamil Nadu,Salem,Athur(Uzhavar Sandhai ),Cauliflower,Ranchi,Local,26/08/2026,2500,3000,2750
Tamil Nadu,Salem,Athur(Uzhavar Sandhai ),Cluster beans,Cluster Beans,Local,26/08/2026,3000,3500,3250
Tamil Nadu,Salem,Athur(Uzhavar Sandhai ),Bottle gourd,Bottle Gourd,Local,26/08/2026,2000,2500,2250
Tamil Nadu,Salem,Athur(Uzhavar Sandhai ),Bhindi(Ladies Finger),Bhindi,Local,26/08/2026,3000,3500,3250
Tamil Nadu,Salem,Athur(Uzhavar Sandhai ),Raddish,Raddish,Local,26/08/2026,2000,2500,2250
Tamil Nadu,Salem,Athur(Uzhavar Sandhai ),Drumstick,Drumstick,Local,26/08/2026,1500,2000,1750
Tamil Nadu,Salem,Athur(Uzhavar Sandhai ),Mango(Raw-Ripe),Mango - Raw-Ripe,Local,26/08/2026,3000,4000,3500
Tamil Nadu,Salem,Athur(Uzhavar Sandhai ),Knool Khol,Knool Khol,Local,26/08/2026,4500,5000,4750
Tamil Nadu,Salem,Athur(Uzhavar Sandhai ),Guava,Guava Allahabad,Local,26/08/2026,5500,6000,5750
Uttar Pradesh,Pratapgarh,Pratapgarh APMC,Wheat,Dara,FAQ,26/08/2026,2400,2400,2400
Punjab,Ludhiana,Machhiwara APMC,Brinjal,Other,FAQ,26/08/2026,1000,1500,1200
Tamil Nadu,Theni,Periyakulam(Uzhavar Sandhai ),Potato,Other,Local,26/08/2026,2600,2600,2600
Tamil Nadu,Theni,Periyakulam(Uzhavar Sandhai ),Tomato,Other,Local,26/08/2026,1800,2000,1900
Tamil Nadu,Theni,Periyakulam(Uzhavar Sandhai ),Cluster beans,Cluster Beans,Local,26/08/2026,2400,2400,2400
Tamil Nadu,Theni,Periyakulam(Uzhavar Sandhai ),Bottle gourd,Bottle Gourd,Local,26/08/2026,1500,2000,1750
Tamil Nadu,Theni,Periyakulam(Uzhavar Sandhai ),Beans,Beans (Whole),Local,26/08/2026,10000,10000,10000
Tamil Nadu,Theni,Periyakulam(Uzhavar Sandhai ),Coconut,Coconut,Local,26/08/2026,5600,5600,5600
Tamil Nadu,Theni,Periyakulam(Uzhavar Sandhai ),Knool Khol,Knool Khol,Local,26/08/2026,3500,3500,3500
Tamil Nadu,Theni,Periyakulam(Uzhavar Sandhai ),Yam(Ratalu),Yam (Ratalu),Local,26/08/2026,8000,8000,8000
Tamil Nadu,Theni,Periyakulam(Uzhavar Sandhai ),Mint(Pudina),Mint(Pudina),Local,26/08/2026,5000,5000,5000
Tamil Nadu,Virudhunagar,Srivilliputhur(Uzhavar Sandhai ),Banana,Besrai,Local,26/08/2026,3500,4000,3750
Tamil Nadu,Virudhunagar,Srivilliputhur(Uzhavar Sandhai ),Brinjal,Round,Local,26/08/2026,3000,3500,3250
Tamil Nadu,Virudhunagar,Srivilliputhur(Uzhavar Sandhai ),Cluster beans,Cluster Beans,Local,26/08/2026,3500,4000,3750
Tamil Nadu,Virudhunagar,Srivilliputhur(Uzhavar Sandhai ),Ashgourd,Gouard,Local,26/08/2026,2500,3000,2750
Tamil Nadu,Virudhunagar,Srivilliputhur(Uzhavar Sandhai ),Coconut,Coconut,Local,26/08/2026,5000,6000,5500
Tamil Nadu,Virudhunagar,Srivilliputhur(Uzhavar Sandhai ),Carrot,Pusakesar,Local,26/08/2026,5000,6000,5500
Tamil Nadu,Virudhunagar,Srivilliputhur(Uzhavar Sandhai ),Beetroot,Beetroot,Local,26/08/2026,4500,5000,4750
Tamil Nadu,Virudhunagar,Srivilliputhur(Uzhavar Sandhai ),Thondekai,Thondekai,Local,26/08/2026,5000,6000,5500
Tamil Nadu,Virudhunagar,Srivilliputhur(Uzhavar Sandhai ),Drumstick,Drumstick,Local,26/08/2026,3500,4000,3750
Tamil Nadu,Virudhunagar,Srivilliputhur(Uzhavar Sandhai ),Yam(Ratalu),Yam (Ratalu),Local,26/08/2026,8000,9000,8500
Tamil Nadu,Virudhunagar,Srivilliputhur(Uzhavar Sandhai ),Lemon,Lemon,Local,26/08/2026,15000,16000,15500
Uttar Pradesh,Kanpur Dehat,Rura APMC,Wheat,Dara,FAQ,26/08/2026,2550,2555,2551.11
Uttar Pradesh,Prayagraj,Prayagraj APMC,Potato,Other,FAQ,26/08/2026,700,700,700
Uttar Pradesh,Prayagraj,Prayagraj APMC,Fish,Other,FAQ,26/08/2026,4000,4000,4000
Uttar Pradesh,Raebarelli,Raibareilly APMC,Wood,Other,FAQ,26/08/2026,450,450,450
Uttar Pradesh,Rampur,Rampur APMC,Potato,Other,FAQ,26/08/2026,500,500,500
Uttar Pradesh,Rampur,Rampur APMC,Tomato,Other,FAQ,26/08/2026,800,800,800
Uttar Pradesh,Badaun,Shahaswan APMC,Wood,Other,FAQ,26/08/2026,1200,1200,1200
Uttar Pradesh,Hathras,Shadabad APMC,Bottle gourd,Bottle Gourd,Small,26/08/2026,800,900,850
Uttar Pradesh,Siddharth Nagar,Sahiyapur APMC,Rice,Common,FAQ,26/08/2026,2550,2550,2550
Uttar Pradesh,Shamli,Shamli APMC,Onion,Other,FAQ,26/08/2026,4000,4200,4047.62
Uttar Pradesh,Firozabad,Sirsaganj APMC,Maize,Other,FAQ,26/08/2026,2250,2350,2310.86
Punjab,Ludhiana,Sahnewal APMC,Cucumbar(Kheera),Cucumbar,FAQ,26/08/2026,2100,2100,2100
Uttar Pradesh,Unnao,Unnao APMC,Wheat,Dara Mill Quality,FAQ,26/08/2026,2550,2550,2550
Punjab,Ferozpur,Zira APMC,Apple,Other,Local,26/08/2026,9000,9000,9000
Punjab,Ferozpur,Zira APMC,Cauliflower,Other,Local,26/08/2026,5100,5100,5100
Punjab,Ferozpur,Zira APMC,Onion,Other,Local,26/08/2026,4600,4600,4600
Uttar Pradesh,Sambhal,Bhehjoi APMC,Maize,Other,FAQ,26/08/2026,1900,1900,1900
Punjab,Sangrur,Bhawanigarh APMC,Pomegranate,Other,Medium,26/08/2026,10000,11000,10500
Punjab,Sangrur,Bhawanigarh APMC,Pear(Marasebu),Other,Local,26/08/2026,5000,5200,5100
Punjab,Sangrur,Bhawanigarh APMC,Papaya,Other,Local,26/08/2026,3000,3500,3250
Punjab,Sangrur,Bhawanigarh APMC,Bottle gourd,Other,Local,26/08/2026,1900,2100,2000
Punjab,Sangrur,Bhawanigarh APMC,Mousambi(Sweet Lime),Other,Medium,26/08/2026,5000,5200,5150
Punjab,Sangrur,Bhawanigarh APMC,Cabbage,Other,Medium,26/08/2026,2600,3000,2800
Punjab,Sangrur,Bhawanigarh APMC,Cucumbar(Kheera),Other,Local,26/08/2026,2300,2900,2600
Punjab,Sangrur,Bhawanigarh APMC,Garlic,Other,Grade Range-2,26/08/2026,12000,13000,12500
Punjab,Sangrur,Bhawanigarh APMC,Ginger(Green),Green Ginger,Medium,26/08/2026,8000,8400,8200
Punjab,Sangrur,Bhawanigarh APMC,Tapioca,Other,Local,26/08/2026,3000,3000,3000
Odisha,Kalahandi,Mukhiguda APMC,Tomato,Tomato,Grade B,26/08/2026,1500,3000,2250
Odisha,Kalahandi,Mukhiguda APMC,Bhindi(Ladies Finger),Bhindi,Grade B,26/08/2026,2000,2400,2200
West Bengal,North 24 Parganas,Habra APMC,Brinjal,Brinjal,FAQ,26/08/2026,3000,3000,3000
Punjab,Amritsar,Mehta APMC,Brinjal,Arkasheela Mattigulla,FAQ,26/08/2026,2000,2000,2000
West Bengal,Bankura,Khatra APMC,Rice,Common,FAQ,26/08/2026,3600,3800,3700
Tripura,North Tripura,Dasda APMC,Rice,Other,FAQ,26/08/2026,3300,3300,3300
Uttar Pradesh,Kanpur,Baripaal APMC,Tomato,Other,FAQ,26/08/2026,2000,2000,2000
Tamil Nadu,Coimbatore,Vadavalli(Uzhavar Sandhai ),Onion,Bellary,Local,26/08/2026,4800,5200,5000
Tamil Nadu,Coimbatore,Vadavalli(Uzhavar Sandhai ),Coriander(Leaves),I Sort,Local,26/08/2026,3500,4000,3750
Tamil Nadu,Coimbatore,Vadavalli(Uzhavar Sandhai ),Mousambi(Sweet Lime),Mousambi,Local,26/08/2026,4000,5000,4500
Tamil Nadu,Coimbatore,Vadavalli(Uzhavar Sandhai ),Tomato,Deshi,Local,26/08/2026,1600,1900,1750
Tamil Nadu,Coimbatore,Vadavalli(Uzhavar Sandhai ),Amaranthus,Amaranthus,Local,26/08/2026,5400,6200,5800
Tamil Nadu,Coimbatore,Vadavalli(Uzhavar Sandhai ),Banana - Green,Banana - Green,Local,26/08/2026,4000,4400,4200
Tamil Nadu,Coimbatore,Vadavalli(Uzhavar Sandhai ),Beans,Beans (Whole),Local,26/08/2026,8000,8500,8250
Tamil Nadu,Coimbatore,Vadavalli(Uzhavar Sandhai ),Cucumbar(Kheera),Cucumbar,Local,26/08/2026,3600,4200,3900
Tamil Nadu,Coimbatore,Vadavalli(Uzhavar Sandhai ),Ridgeguard(Tori),Ridgeguard(Tori),Local,26/08/2026,3500,4000,3750
Tamil Nadu,Coimbatore,Vadavalli(Uzhavar Sandhai ),Capsicum,Capsicum,Local,26/08/2026,5000,5600,5300
Tamil Nadu,Coimbatore,Vadavalli(Uzhavar Sandhai ),Green Avare(W),Other,Local,26/08/2026,4000,4600,4300
Tamil Nadu,Coimbatore,Vadavalli(Uzhavar Sandhai ),Knool Khol,Knool Khol,Local,26/08/2026,5000,5500,5250
Tamil Nadu,Coimbatore,Vadavalli(Uzhavar Sandhai ),Karbuja(Musk Melon),Karbhuja,Local,26/08/2026,2600,3000,2800
West Bengal,Darjeeling,Darjeeling APMC,Cabbage,Other,FAQ,26/08/2026,2800,3000,2900
West Bengal,Darjeeling,Darjeeling APMC,Ginger(Green),Other,FAQ,26/08/2026,9000,9200,9100
West Bengal,Darjeeling,Darjeeling APMC,Raddish,Raddish,FAQ,26/08/2026,3100,3300,3200
Tamil Nadu,Dindigul,Vedasanthur(Uzhavar Sandhai ),Onion,Bellary,Local,26/08/2026,5000,6000,5500
Tamil Nadu,Dindigul,Vedasanthur(Uzhavar Sandhai ),Tomato,Deshi,Local,26/08/2026,1000,1200,1100
Tamil Nadu,Dindigul,Vedasanthur(Uzhavar Sandhai ),Bhindi(Ladies Finger),Bhindi,Local,26/08/2026,2500,3000,2750
Tamil Nadu,Dindigul,Vedasanthur(Uzhavar Sandhai ),Coconut,Coconut,Local,26/08/2026,5000,5500,5250
Himachal Pradesh,Mandi,PMY Kangni Mandi,Banana,Banana - Ripe,Grade B,26/08/2026,4000,4800,4500
Himachal Pradesh,Mandi,PMY Kangni Mandi,Persimon(Japani Fal),Persimon(Japani Fal),Grade B,26/08/2026,4500,5000,5000
Himachal Pradesh,Mandi,PMY Kangni Mandi,Bhindi(Ladies Finger),Bhindi,Grade B,26/08/2026,1500,2500,2000
Himachal Pradesh,Mandi,PMY Kangni Mandi,Ginger(Green),Green Ginger,Grade B,26/08/2026,4500,13000,8500
Gujarat,Vadodara(Baroda),Padra APMC,Bottle gourd,Other,FAQ,26/08/2026,1250,1750,1500
Gujarat,Vadodara(Baroda),Padra APMC,Bhindi(Ladies Finger),Other,FAQ,26/08/2026,2500,3500,3000
Gujarat,Vadodara(Baroda),Padra APMC,Colacasia,Other,FAQ,26/08/2026,3000,3500,3250
Gujarat,Vadodara(Baroda),Padra APMC,Ginger(Green),Other,FAQ,26/08/2026,7500,8000,7750
Gujarat,Vadodara(Baroda),Padra APMC,Sponge gourd,Other,FAQ,26/08/2026,1250,2000,1650
Uttar Pradesh,Bulandshahar,Gulavati APMC,Lemon,Other,FAQ,26/08/2026,9100,9300,9200
Haryana,Hissar,Barwala(Hisar) APMC,Onion,Onion,Local,26/08/2026,4000,4400,4200
Haryana,Hissar,Barwala(Hisar) APMC,Cabbage,Cabbage,Local,26/08/2026,2000,2500,2250
Punjab,Fazilka,Jalalabad APMC,Papaya,Papaya,Medium,26/08/2026,3600,3800,3700
Punjab,Fazilka,Jalalabad APMC,Onion,Other,Medium,26/08/2026,2600,3000,2800
Punjab,Fazilka,Jalalabad APMC,Sweet Pumpkin,Other,Medium,26/08/2026,1300,1400,1350
Uttar Pradesh,Sitapur,Maholi APMC,Wheat,Dara,FAQ,26/08/2026,2600,2600,2600
West Bengal,Medinipur(E),Egra/contai APMC,Brinjal,Brinjal,FAQ,26/08/2026,3200,3400,3300
West Bengal,Medinipur(E),Egra/contai APMC,Tomato,Tomato,FAQ,26/08/2026,2000,2150,2100
Punjab,Jalandhar,Jalandhar City(Jalandhar) APMC,Brinjal,Other,FAQ,26/08/2026,1000,2000,1500
Punjab,Jalandhar,Jalandhar City(Jalandhar) APMC,Onion,Other,FAQ,26/08/2026,1200,4000,2400
Punjab,Jalandhar,Jalandhar City(Jalandhar) APMC,Pumpkin,Other,FAQ,26/08/2026,400,600,500
Punjab,Jalandhar,Jalandhar City(Jalandhar) APMC,Raddish,Raddish,FAQ,26/08/2026,500,1400,900
Punjab,Jalandhar,Jalandhar City(Jalandhar) APMC,French Beans(Frasbean),French Beans (Frasbean),FAQ,26/08/2026,2000,4000,3000
Punjab,Jalandhar,Jalandhar City(Jalandhar) APMC,Peas Wet,Peas Wet,FAQ,26/08/2026,4000,7000,5500
Punjab,Jalandhar,Jalandhar City(Jalandhar) APMC,Green Chilli,Green Chilly,FAQ,26/08/2026,1000,2000,1500
Punjab,Jalandhar,Jalandhar City(Jalandhar) APMC,Tinda,Tinda,FAQ,26/08/2026,1500,2800,2100
Punjab,Jalandhar,Jalandhar City(Jalandhar) APMC,Tomato,Tomato,FAQ,26/08/2026,800,2200,1500
Himachal Pradesh,Solan,SMY Parwanoo,Apple,Other,Local,26/08/2026,3000,20500,13000
Tamil Nadu,Coimbatore,Udumalpet APMC,Banana,Red Banana,Local,26/08/2026,7500,8000,7750
Tamil Nadu,Coimbatore,Udumalpet APMC,Brinjal,Other,Local,26/08/2026,4500,5000,4750
Tamil Nadu,Coimbatore,Udumalpet APMC,Ashgourd,Gouard,Local,26/08/2026,1500,2000,1750
Tamil Nadu,Coimbatore,Udumalpet APMC,Beans,Beans (Whole),Local,26/08/2026,8000,9000,8500
Tamil Nadu,Coimbatore,Udumalpet APMC,Ginger(Green),Green Ginger,Local,26/08/2026,17000,17500,17250
Tamil Nadu,Coimbatore,Udumalpet APMC,Coconut,Coconut,Local,26/08/2026,5500,6000,5750
Tamil Nadu,Coimbatore,Udumalpet APMC,Cucumbar(Kheera),Cucumbar,Local,26/08/2026,5000,5500,5250
Himachal Pradesh,Kangra,SMY Nagrota Bagwan,Banana,Other,Medium,26/08/2026,4000,4800,4400
Himachal Pradesh,Kangra,SMY Nagrota Bagwan,Guava,Guava,Medium,26/08/2026,8500,9500,9000
Himachal Pradesh,Kangra,SMY Nagrota Bagwan,Pumpkin,Pumpkin,FAQ,26/08/2026,1400,1700,1600
Himachal Pradesh,Kullu,SMY Chauri Bihal,Tomato,Other,Grade Range-1,26/08/2026,1000,1600,1200
Himachal Pradesh,Shimla,SMY Rampur,Capsicum,Capsicum,Local,26/08/2026,3000,3000,3000
Himachal Pradesh,Shimla,SMY Rampur,Brinjal,Other,Local,26/08/2026,2500,3000,2800
Himachal Pradesh,Shimla,SMY Rampur,Peas Wet,Other,Local,26/08/2026,8000,8000,8000
West Bengal,Darjeeling,Siliguri APMC,Rice,Fine(Basmati),FAQ,26/08/2026,5100,5300,5200
West Bengal,Darjeeling,Siliguri APMC,Ginger(Green),Green Ginger,FAQ,26/08/2026,10000,11000,10500
West Bengal,Darjeeling,Siliguri APMC,Masur Dal,Masur Dal,FAQ,26/08/2026,12300,12700,12500
West Bengal,Darjeeling,Siliguri APMC,Green Chilli,Green Chilly,FAQ,26/08/2026,4500,4800,4700
Uttar Pradesh,Maharajganj,Anandnagar APMC,Wheat,Dara,FAQ,26/08/2026,2400,2400,2400
Tamil Nadu,Erode,Gobichettipalayam(Uzhavar Sandhai ),Brinjal,Round,Local,26/08/2026,5000,5400,5200
Tamil Nadu,Erode,Gobichettipalayam(Uzhavar Sandhai ),Coriander(Leaves),I Sort,Local,26/08/2026,6000,6400,6200
Tamil Nadu,Erode,Gobichettipalayam(Uzhavar Sandhai ),Chikoos(Sapota),Sapota,Local,26/08/2026,3600,4000,3800
Tamil Nadu,Erode,Gobichettipalayam(Uzhavar Sandhai ),Papaya,Papaya,Local,26/08/2026,3000,3400,3200
Tamil Nadu,Erode,Gobichettipalayam(Uzhavar Sandhai ),Bottle gourd,Bottle Gourd,Local,26/08/2026,1500,1800,1650
Tamil Nadu,Erode,Gobichettipalayam(Uzhavar Sandhai ),Pumpkin,Pumpkin,Local,26/08/2026,3000,3400,3200
Tamil Nadu,Erode,Gobichettipalayam(Uzhavar Sandhai ),Bhindi(Ladies Finger),Bhindi,Local,26/08/2026,3500,3800,3650
Tamil Nadu,Erode,Gobichettipalayam(Uzhavar Sandhai ),Green Chilli,Green Chilly,Local,26/08/2026,4500,4800,4650
Tamil Nadu,Erode,Gobichettipalayam(Uzhavar Sandhai ),Carrot,Pusakesar,Local,26/08/2026,7500,8000,7750
Tamil Nadu,Erode,Gobichettipalayam(Uzhavar Sandhai ),Snakeguard,Snakeguard,Local,26/08/2026,4000,4400,4200
Tamil Nadu,Erode,Gobichettipalayam(Uzhavar Sandhai ),Chow Chow,Chow Chow,Local,26/08/2026,3400,3600,3500
Tamil Nadu,Erode,Gobichettipalayam(Uzhavar Sandhai ),Drumstick,Drumstick,Local,26/08/2026,2500,3000,2750
Uttar Pradesh,Gorakhpur,Gorakhpur APMC,Wheat,Medium,FAQ,26/08/2026,2500,2500,2500
Tamil Nadu,Erode,Sampath Nagar(Uzhavar Sandhai ),Grapes,Annabesahai,Local,26/08/2026,10500,11000,10750
Tamil Nadu,Erode,Sampath Nagar(Uzhavar Sandhai ),Potato,Other,Local,26/08/2026,4600,5000,4800
Tamil Nadu,Erode,Sampath Nagar(Uzhavar Sandhai ),Bottle gourd,Bottle Gourd,Local,26/08/2026,1500,2000,1750
Tamil Nadu,Erode,Sampath Nagar(Uzhavar Sandhai ),Ashgourd,Gouard,Local,26/08/2026,2000,2400,2200
Tamil Nadu,Erode,Sampath Nagar(Uzhavar Sandhai ),Ginger(Green),Green Ginger,Local,26/08/2026,15500,16000,15750
Tamil Nadu,Erode,Sampath Nagar(Uzhavar Sandhai ),Chow Chow,Chow Chow,Local,26/08/2026,3000,3500,3250
Tamil Nadu,Erode,Sampath Nagar(Uzhavar Sandhai ),Lemon,Lemon,Local,26/08/2026,16000,17000,16500
Tamil Nadu,Erode,Sampath Nagar(Uzhavar Sandhai ),Mint(Pudina),Mint(Pudina),Local,26/08/2026,3500,4000,3750
Madhya Pradesh,Datia,Datia APMC,Wheat,Mill Quality,FAQ,26/08/2026,2550,2550,2550
Himachal Pradesh,Shimla,SMY Rohroo,Cabbage,Other,Grade B,26/08/2026,2200,2400,2300
Himachal Pradesh,Shimla,SMY Rohroo,Lemon,Lemon,Grade B,26/08/2026,13000,14000,13500
Himachal Pradesh,Shimla,SMY Rohroo,Potato,Other,Grade B,26/08/2026,2000,2200,2100
Punjab,Jalandhar,Phillaur(Apra Mandi) APMC,Brinjal,Other,FAQ,26/08/2026,1500,1500,1500
Punjab,Jalandhar,Phillaur(Apra Mandi) APMC,Bottle gourd,Other,FAQ,26/08/2026,2000,2000,2000
West Bengal,Jhargram,Jhargram APMC,Carrot,Other,FAQ,26/08/2026,2600,3000,2800
West Bengal,Jhargram,Jhargram APMC,Cucumbar(Kheera),Other,FAQ,26/08/2026,2500,3000,2600
West Bengal,Jhargram,Jhargram APMC,Ladies Finger,Other,FAQ,26/08/2026,2200,2600,2400
West Bengal,Jhargram,Jhargram APMC,Green Chilli,Other,FAQ,26/08/2026,6000,7000,6500
West Bengal,Jhargram,Jhargram APMC,Pointed gourd(Parval),Other,FAQ,26/08/2026,2600,3000,2800
West Bengal,Jhargram,Jhargram APMC,Potato,Jyoti,FAQ,26/08/2026,760,800,780
Punjab,Jalandhar,Mehatpur APMC,Bitter gourd,Bitter Gourd,Local,26/08/2026,1800,2000,1900
Tamil Nadu,Vellore,Pallikonda(Uzhavar Sandhai),Brinjal,Round,Local,26/08/2026,3500,4000,3750
Tamil Nadu,Vellore,Pallikonda(Uzhavar Sandhai),Bottle gourd,Bottle Gourd,Local,26/08/2026,2000,2500,2250
Tamil Nadu,Vellore,Pallikonda(Uzhavar Sandhai),Bhindi(Ladies Finger),Bhindi,Local,26/08/2026,2500,3000,2750
Tamil Nadu,Vellore,Pallikonda(Uzhavar Sandhai),Colacasia,Colacasia,Local,26/08/2026,4000,4500,4250
Tamil Nadu,Vellore,Pallikonda(Uzhavar Sandhai),Custard Apple(Sharifa),Custard Apple(Sharifa),Local,26/08/2026,4500,5000,4750
Tamil Nadu,Pudukkottai,Ponnamaravathi(Uzhavar Sandhai),Tomato,Deshi,Local,26/08/2026,1500,2000,1750
Tamil Nadu,Pudukkottai,Ponnamaravathi(Uzhavar Sandhai),Cluster beans,Cluster Beans,Local,26/08/2026,4500,5000,4750
Tamil Nadu,Pudukkottai,Ponnamaravathi(Uzhavar Sandhai),Ashgourd,Gouard,Local,26/08/2026,1000,1500,1250
Tamil Nadu,Pudukkottai,Ponnamaravathi(Uzhavar Sandhai),Bhindi(Ladies Finger),Bhindi,Local,26/08/2026,4500,5000,4750
Tamil Nadu,Pudukkottai,Ponnamaravathi(Uzhavar Sandhai),Green Avare(W),Green Avare (W),Local,26/08/2026,5500,6000,5750
Tamil Nadu,Pudukkottai,Ponnamaravathi(Uzhavar Sandhai),Mint(Pudina),Mint(Pudina),Local,26/08/2026,4500,5000,4750
Tamil Nadu,Nagapattinam,Mayiladuthurai(Uzhavar Sandhai ),Potato,Red Nanital,Local,26/08/2026,3000,3000,3000
Tamil Nadu,Nagapattinam,Mayiladuthurai(Uzhavar Sandhai ),Cluster beans,Cluster Beans,Local,26/08/2026,4500,5000,4750
Tamil Nadu,Nagapattinam,Mayiladuthurai(Uzhavar Sandhai ),Bitter gourd,Bitter Gourd,Local,26/08/2026,6000,7000,6500
Tamil Nadu,Nagapattinam,Mayiladuthurai(Uzhavar Sandhai ),Bhindi(Ladies Finger),Bhindi,Local,26/08/2026,4500,5000,4750
Tamil Nadu,Nagapattinam,Mayiladuthurai(Uzhavar Sandhai ),Amaranthus,Amaranthus,Local,26/08/2026,1500,2000,1750
Tamil Nadu,Nagapattinam,Mayiladuthurai(Uzhavar Sandhai ),Coconut,Coconut,Local,26/08/2026,3500,4000,3750
Tamil Nadu,Nagapattinam,Mayiladuthurai(Uzhavar Sandhai ),Beetroot,Beetroot,Local,26/08/2026,6000,6000,6000
Tamil Nadu,Nagapattinam,Mayiladuthurai(Uzhavar Sandhai ),Yam(Ratalu),Yam (Ratalu),Local,26/08/2026,8000,9000,8500
Uttar Pradesh,Hardoi,Hardoi APMC,Wood,Other,FAQ,26/08/2026,400,400,400
Uttar Pradesh,Lucknow,Lucknow APMC,Onion,Other,FAQ,26/08/2026,3000,3000,3000
Tamil Nadu,Pudukkottai,Viralimalai(Uzhavar Sandhai ),Onion,Bellary,Local,26/08/2026,6500,7000,6750
Tamil Nadu,Pudukkottai,Viralimalai(Uzhavar Sandhai ),Coriander(Leaves),I Sort,Local,26/08/2026,4500,5000,4750
Tamil Nadu,Pudukkottai,Viralimalai(Uzhavar Sandhai ),Banana - Green,Banana - Green,Local,26/08/2026,2500,3000,2750
Tamil Nadu,Ramanathapuram,Kamuthi(Uzhavar Sandhai ),Bhindi(Ladies Finger),Bhindi,Local,26/08/2026,5000,5000,5000
Tamil Nadu,Ramanathapuram,Kamuthi(Uzhavar Sandhai ),Amaranthus,Amaranthus,Local,26/08/2026,4000,4000,4000
Tamil Nadu,Ramanathapuram,Paramakudi(Uzhavar Sandhai ),Soyabean,Local,Local,26/08/2026,9000,10000,9500
Tamil Nadu,Ramanathapuram,Paramakudi(Uzhavar Sandhai ),Brinjal,Round,Local,26/08/2026,5500,6000,5750
Tamil Nadu,Ramanathapuram,Paramakudi(Uzhavar Sandhai ),Cluster beans,Cluster Beans,Local,26/08/2026,3800,4000,3900
Tamil Nadu,Ramanathapuram,Paramakudi(Uzhavar Sandhai ),Bitter gourd,Bitter Gourd,Local,26/08/2026,5500,6000,5750
Tamil Nadu,Ramanathapuram,Paramakudi(Uzhavar Sandhai ),Bottle gourd,Bottle Gourd,Local,26/08/2026,2200,2500,2350
Tamil Nadu,Ramanathapuram,Paramakudi(Uzhavar Sandhai ),Amaranthus,Amaranthus,Local,26/08/2026,3800,4000,3900
Tamil Nadu,Ramanathapuram,Paramakudi(Uzhavar Sandhai ),Cabbage,Cabbage,Local,26/08/2026,4000,4500,4250
Tamil Nadu,Ramanathapuram,Paramakudi(Uzhavar Sandhai ),Ridgeguard(Tori),Ridgeguard(Tori),Local,26/08/2026,5000,5500,5250
Tamil Nadu,Ramanathapuram,Paramakudi(Uzhavar Sandhai ),Tube Flower,Tube Flower,Local,26/08/2026,70000,80000,75000
Tamil Nadu,Ramanathapuram,Ramanathapuram(Uzhavar Sandhai ),Soyabean,Local,Local,26/08/2026,9000,9500,9250
Tamil Nadu,Ramanathapuram,Ramanathapuram(Uzhavar Sandhai ),Pumpkin,Pumpkin,Local,26/08/2026,2400,2600,2500
Tamil Nadu,Ramanathapuram,Ramanathapuram(Uzhavar Sandhai ),Amaranthus,Amaranthus,Local,26/08/2026,3500,4000,3750
Tamil Nadu,Ramanathapuram,Ramanathapuram(Uzhavar Sandhai ),Banana - Green,Banana - Green,Local,26/08/2026,3500,4000,3750
Tamil Nadu,Ramanathapuram,Ramanathapuram(Uzhavar Sandhai ),Cabbage,Cabbage,Local,26/08/2026,4200,4500,4350
Tamil Nadu,Ramanathapuram,Ramanathapuram(Uzhavar Sandhai ),Beetroot,Beetroot,Local,26/08/2026,5000,5500,5250
Tamil Nadu,Ramanathapuram,Ramanathapuram(Uzhavar Sandhai ),Ridgeguard(Tori),Ridgeguard(Tori),Local,26/08/2026,6000,6500,6250
Tamil Nadu,Ramanathapuram,Ramanathapuram(Uzhavar Sandhai ),Lime,Lime,Local,26/08/2026,13000,13500,13250
Tamil Nadu,Ramanathapuram,Ramanathapuram(Uzhavar Sandhai ),Elephant Yam(Suran)/Amorphophallus,Elephant Yam (Suran),Local,26/08/2026,7000,7500,7250
Tamil Nadu,Ramanathapuram,Ramanathapuram(Uzhavar Sandhai ),Yam(Ratalu),Yam (Ratalu),Local,26/08/2026,7200,7500,7350
Tamil Nadu,Ramanathapuram,Ramanathapuram(Uzhavar Sandhai ),Colacasia,Colacasia,Local,26/08/2026,7000,7500,7250
Tamil Nadu,Pudukkottai,Alangudi(Uzhavar Sandhai ),Bitter gourd,Other,Local,26/08/2026,7000,8000,7500
Tamil Nadu,Pudukkottai,Alangudi(Uzhavar Sandhai ),Ashgourd,Gouard,Local,26/08/2026,1000,1500,1250
Tamil Nadu,Pudukkottai,Alangudi(Uzhavar Sandhai ),Pumpkin,Pumpkin,Local,26/08/2026,1000,1500,1250
Tamil Nadu,Pudukkottai,Alangudi(Uzhavar Sandhai ),Bhindi(Ladies Finger),Bhindi,Local,26/08/2026,3500,4000,3750
Tamil Nadu,Pudukkottai,Alangudi(Uzhavar Sandhai ),Amaranthus,Amaranthus,Local,26/08/2026,1500,2000,1750
Tamil Nadu,Pudukkottai,Alangudi(Uzhavar Sandhai ),Green Avare(W),Other,Local,26/08/2026,5000,6000,5500
Tamil Nadu,Thiruvannamalai,Arani(Uzhavar Sandhai ),Onion,Bellary,Local,26/08/2026,4500,5000,4750
Tamil Nadu,Thiruvannamalai,Arani(Uzhavar Sandhai ),Sweet Potato,Hosur Red,Local,26/08/2026,3500,4000,3750
Tamil Nadu,Thiruvannamalai,Arani(Uzhavar Sandhai ),Cabbage,Cabbage,Local,26/08/2026,2000,2400,2200
Tamil Nadu,Thiruvannamalai,Arani(Uzhavar Sandhai ),Green Avare(W),Green Avare (W),Local,26/08/2026,5000,6000,5500
Tamil Nadu,Thiruvannamalai,Arani(Uzhavar Sandhai ),Mango(Raw-Ripe),Mango - Raw-Ripe,Local,26/08/2026,7000,8000,7500
Tamil Nadu,Thiruvannamalai,Arani(Uzhavar Sandhai ),Yam(Ratalu),Yam (Ratalu),Local,26/08/2026,4000,4800,4400
Tamil Nadu,Thiruvannamalai,Arani(Uzhavar Sandhai ),Mint(Pudina),Mint(Pudina),Local,26/08/2026,3500,4000,3750
Tamil Nadu,Thiruvannamalai,Polur(Uzhavar Sandhai ),Groundnut,Big (With Shell),Local,26/08/2026,5000,6000,5500
Tamil Nadu,Thiruvannamalai,Polur(Uzhavar Sandhai ),Cauliflower,Ranchi,Local,26/08/2026,2500,3000,2750
Tamil Nadu,Thiruvannamalai,Polur(Uzhavar Sandhai ),Bitter gourd,Bitter Gourd,Local,26/08/2026,4000,4800,4400
Tamil Nadu,Thiruvannamalai,Polur(Uzhavar Sandhai ),Beans,Beans (Whole),Local,26/08/2026,6000,7200,6600
Tamil Nadu,Thiruvannamalai,Polur(Uzhavar Sandhai ),Carrot,Pusakesar,Local,26/08/2026,5000,6000,5500
Tamil Nadu,Thiruvannamalai,Polur(Uzhavar Sandhai ),Thondekai,Thondekai,Local,26/08/2026,3300,4000,3650
Tamil Nadu,Thiruvannamalai,Polur(Uzhavar Sandhai ),Onion Green,Onion Green,Local,26/08/2026,5000,6000,5500
Tamil Nadu,Thiruvannamalai,Tiruvannamalai(Uzhavar Sandhai ),Chikoos(Sapota),Sapota,Local,26/08/2026,4000,5000,4500
Tamil Nadu,Thiruvannamalai,Tiruvannamalai(Uzhavar Sandhai ),Water Melon,Water Melon,Local,26/08/2026,2000,2500,2250
Tamil Nadu,Thiruvannamalai,Tiruvannamalai(Uzhavar Sandhai ),Pumpkin,Pumpkin,Local,26/08/2026,2000,2500,2250
Tamil Nadu,Thiruvannamalai,Tiruvannamalai(Uzhavar Sandhai ),Bhindi(Ladies Finger),Bhindi,Local,26/08/2026,2400,3000,2700
Tamil Nadu,Thiruvannamalai,Tiruvannamalai(Uzhavar Sandhai ),Tapioca,Tapioca,Local,26/08/2026,3000,3500,3250
Tamil Nadu,Thiruvannamalai,Tiruvannamalai(Uzhavar Sandhai ),Ginger(Green),Green Ginger,Local,26/08/2026,18000,20000,19000
Tamil Nadu,Thiruvannamalai,Tiruvannamalai(Uzhavar Sandhai ),Carrot,Pusakesar,Local,26/08/2026,6400,7200,6800
Tamil Nadu,Thiruvannamalai,Tiruvannamalai(Uzhavar Sandhai ),Thondekai,Thondekai,Local,26/08/2026,3600,4000,3800
Tamil Nadu,Thiruvannamalai,Tiruvannamalai(Uzhavar Sandhai ),Drumstick,Drumstick,Local,26/08/2026,3600,4000,3800
Tamil Nadu,Thiruvannamalai,Tiruvannamalai(Uzhavar Sandhai ),Lime,Lime,Local,26/08/2026,3500,4000,3750
Tamil Nadu,Thiruvannamalai,Tiruvannamalai(Uzhavar Sandhai ),Guava,Guava Allahabad,Local,26/08/2026,5000,6000,5500
Tamil Nadu,Thiruvannamalai,Tiruvannamalai(Uzhavar Sandhai ),Onion Green,Onion Green,Local,26/08/2026,7000,8000,7500
Tamil Nadu,Thiruvannamalai,Tiruvannamalai(Uzhavar Sandhai ),Mint(Pudina),Mint(Pudina),Local,26/08/2026,4000,5000,4500
Tamil Nadu,Thiruvarur,Mannargudi I(Uzhavar Sandhai ),Banana,Other,Local,26/08/2026,6000,6000,6000
Tamil Nadu,Thiruvarur,Mannargudi I(Uzhavar Sandhai ),Potato,Other,Local,26/08/2026,3000,3000,3000
Tamil Nadu,Thiruvarur,Mannargudi I(Uzhavar Sandhai ),Coriander(Leaves),I Sort,Local,26/08/2026,3500,3500,3500
Tamil Nadu,Thiruvarur,Mannargudi I(Uzhavar Sandhai ),Mousambi(Sweet Lime),Mousambi,Local,26/08/2026,5000,5000,5000
Tamil Nadu,Thiruvarur,Mannargudi I(Uzhavar Sandhai ),Ashgourd,Gouard,Local,26/08/2026,3000,3000,3000
Tamil Nadu,Thiruvarur,Mannargudi I(Uzhavar Sandhai ),Pumpkin,Pumpkin,Local,26/08/2026,2800,2800,2800
Tamil Nadu,Thiruvarur,Mannargudi I(Uzhavar Sandhai ),Snakeguard,Snakeguard,Local,26/08/2026,3600,4200,3900
Tamil Nadu,Thiruvarur,Mannargudi I(Uzhavar Sandhai ),Drumstick,Drumstick,Local,26/08/2026,3600,3600,3600
Tamil Nadu,Thiruvarur,Mannargudi I(Uzhavar Sandhai ),Elephant Yam(Suran)/Amorphophallus,Elephant Yam (Suran),Local,26/08/2026,6000,6000,6000
Tamil Nadu,Thiruvarur,Mannargudi I(Uzhavar Sandhai ),Onion Green,Onion Green,Local,26/08/2026,8000,8400,8200
Tamil Nadu,Thiruvarur,Mannargudi II(Uzhavar Sandhai ),Onion,Bellary,Local,26/08/2026,5000,6400,5700
Tamil Nadu,Thiruvarur,Mannargudi II(Uzhavar Sandhai ),Potato,Other,Local,26/08/2026,3000,3000,3000
Tamil Nadu,Thiruvarur,Mannargudi II(Uzhavar Sandhai ),Tomato,Other,Local,26/08/2026,2000,2000,2000
Tamil Nadu,Thiruvarur,Mannargudi II(Uzhavar Sandhai ),Bitter gourd,Other,Local,26/08/2026,5600,5600,5600
Tamil Nadu,Thiruvarur,Mannargudi II(Uzhavar Sandhai ),Bottle gourd,Bottle Gourd,Local,26/08/2026,3000,3000,3000
Tamil Nadu,Thiruvarur,Mannargudi II(Uzhavar Sandhai ),Pumpkin,Pumpkin,Local,26/08/2026,2800,2800,2800
Tamil Nadu,Thiruvarur,Mannargudi II(Uzhavar Sandhai ),Ginger(Green),Green Ginger,Local,26/08/2026,10000,18000,14000
Tamil Nadu,Thiruvarur,Mannargudi II(Uzhavar Sandhai ),Carrot,Pusakesar,Local,26/08/2026,6600,6600,6600
Tamil Nadu,Thiruvarur,Mannargudi II(Uzhavar Sandhai ),Green Avare(W),Other,Local,26/08/2026,4000,4000,4000
Tamil Nadu,Thiruvarur,Mannargudi II(Uzhavar Sandhai ),Lemon,Lemon,Local,26/08/2026,14000,14000,14000
Tamil Nadu,Thiruvarur,Mannargudi II(Uzhavar Sandhai ),Onion Green,Onion Green,Local,26/08/2026,8000,8400,8200
Tamil Nadu,Thiruvarur,Tiruthuraipoondi(Uzhavar Sandhai ),Pumpkin,Pumpkin,Local,26/08/2026,2500,2500,2500
Tamil Nadu,Thiruvarur,Tiruthuraipoondi(Uzhavar Sandhai ),Amaranthus,Amaranthus,Local,26/08/2026,1000,3000,2000
Tamil Nadu,Thiruvarur,Tiruthuraipoondi(Uzhavar Sandhai ),Tamarind Fruit,Tamarind Fruit,Local,26/08/2026,16000,16000,16000
Tamil Nadu,Thiruvellore,Ambattur(Uzhavar Sandhai ),Onion,Bellary,Local,26/08/2026,3000,3000,3000
Tamil Nadu,Thiruvellore,Naravarikuppam(Uzhavar Sandhai ),Onion,Bellary,Local,26/08/2026,4500,4500,4500
Tamil Nadu,Thiruvellore,Naravarikuppam(Uzhavar Sandhai ),Brinjal,Round,Local,26/08/2026,4000,4000,4000
Tamil Nadu,Thiruvellore,Paruthipattu(Uzhavar Sandhai ),Ridgeguard(Tori),Ridgeguard(Tori),Local,26/08/2026,5000,5000,5000
Tamil Nadu,Thiruvellore,Perambakkam(Uzhavar Sandhai ),Jasmine,Jasmine,Local,26/08/2026,50000,50000,50000
Tamil Nadu,Tuticorin,Kovilpatti(Uzhavar Sandhai ),Onion,Bellary,Local,26/08/2026,5500,6000,5750
Tamil Nadu,Tuticorin,Kovilpatti(Uzhavar Sandhai ),Brinjal,Other,Local,26/08/2026,4000,4500,4250
Tamil Nadu,Tuticorin,Kovilpatti(Uzhavar Sandhai ),Coriander(Leaves),I Sort,Local,26/08/2026,4000,4500,4250
Tamil Nadu,Tuticorin,Kovilpatti(Uzhavar Sandhai ),Bitter gourd,Other,Local,26/08/2026,11000,12000,11500
Tamil Nadu,Tuticorin,Kovilpatti(Uzhavar Sandhai ),Ashgourd,Gouard,Local,26/08/2026,2000,2500,2250
Tamil Nadu,Tuticorin,Kovilpatti(Uzhavar Sandhai ),Green Chilli,Green Chilly,Local,26/08/2026,4000,4500,4250
Tamil Nadu,Tuticorin,Kovilpatti(Uzhavar Sandhai ),Cabbage,Cabbage,Local,26/08/2026,3500,4000,3750
Tamil Nadu,Tuticorin,Kovilpatti(Uzhavar Sandhai ),Raddish,Raddish,Local,26/08/2026,3000,3500,3250
Tamil Nadu,Vellore,Gudiyatham(Uzhavar Sandhai ),Groundnut,Big (With Shell),Local,26/08/2026,7600,7600,7600
Tamil Nadu,Vellore,Gudiyatham(Uzhavar Sandhai ),Cluster beans,Cluster Beans,Local,26/08/2026,3000,3000,3000
Tamil Nadu,Vellore,Gudiyatham(Uzhavar Sandhai ),Ashgourd,Gouard,Local,26/08/2026,2400,2400,2400
Tamil Nadu,Vellore,Gudiyatham(Uzhavar Sandhai ),Cowpea(Veg),Cowpea (Veg),Local,26/08/2026,5600,5600,5600
Tamil Nadu,Vellore,Gudiyatham(Uzhavar Sandhai ),Cabbage,Cabbage,Local,26/08/2026,3000,3000,3000
Tamil Nadu,Vellore,Gudiyatham(Uzhavar Sandhai ),Snakeguard,Snakeguard,Local,26/08/2026,3000,3000,3000
Tamil Nadu,Vellore,Gudiyatham(Uzhavar Sandhai ),Guava,Guava Allahabad,Local,26/08/2026,4500,4500,4500
Tamil Nadu,Vellore,Gudiyatham(Uzhavar Sandhai ),Jasmine,Jasmine,Local,26/08/2026,50000,50000,50000
Tamil Nadu,Vellore,Gudiyatham(Uzhavar Sandhai ),Indian Beans(Seam),Indian Beans (Seam),Local,26/08/2026,5600,5600,5600
Tamil Nadu,Vellore,Gudiyatham(Uzhavar Sandhai ),Amla(Nelli Kai),Amla,Local,26/08/2026,11000,11000,11000
Tamil Nadu,Vellore,Gudiyatham(Uzhavar Sandhai ),Mint(Pudina),Mint(Pudina),Local,26/08/2026,3500,3500,3500
Tamil Nadu,Vellore,Kahithapattarai(Uzhavar Sandhai ),Garlic,Garlic,Local,26/08/2026,21000,21000,21000
Tamil Nadu,Vellore,Kahithapattarai(Uzhavar Sandhai ),Cauliflower,Ranchi,Local,26/08/2026,2000,2000,2000
Tamil Nadu,Vellore,Kahithapattarai(Uzhavar Sandhai ),Brinjal,Other,Local,26/08/2026,3600,3600,3600
Tamil Nadu,Vellore,Kahithapattarai(Uzhavar Sandhai ),Cluster beans,Cluster Beans,Local,26/08/2026,2500,2500,2500
Tamil Nadu,Vellore,Kahithapattarai(Uzhavar Sandhai ),Bottle gourd,Bottle Gourd,Local,26/08/2026,2000,2000,2000
Tamil Nadu,Vellore,Kahithapattarai(Uzhavar Sandhai ),Ashgourd,Gouard,Local,26/08/2026,2000,2000,2000
Tamil Nadu,Vellore,Kahithapattarai(Uzhavar Sandhai ),Amaranthus,Amaranthus,Local,26/08/2026,3000,3600,3300
Tamil Nadu,Vellore,Kahithapattarai(Uzhavar Sandhai ),Cowpea(Veg),Cowpea (Veg),Local,26/08/2026,2500,2500,2500
Tamil Nadu,Vellore,Kahithapattarai(Uzhavar Sandhai ),Sweet Potato,Hosur Red,Local,26/08/2026,3500,3500,3500
Tamil Nadu,Vellore,Kahithapattarai(Uzhavar Sandhai ),Carrot,Pusakesar,Local,26/08/2026,4500,4500,4500
Tamil Nadu,Vellore,Kahithapattarai(Uzhavar Sandhai ),Cabbage,Cabbage,Local,26/08/2026,2500,2500,2500
Tamil Nadu,Vellore,Kahithapattarai(Uzhavar Sandhai ),Beetroot,Beetroot,Local,26/08/2026,3500,3500,3500
Tamil Nadu,Vellore,Kahithapattarai(Uzhavar Sandhai ),Cucumbar(Kheera),Cucumbar,Local,26/08/2026,4000,4000,4000
Tamil Nadu,Vellore,Kahithapattarai(Uzhavar Sandhai ),Green Avare(W),Other,Local,26/08/2026,3600,3600,3600
Tamil Nadu,Vellore,Kahithapattarai(Uzhavar Sandhai ),Knool Khol,Knool Khol,Local,26/08/2026,2500,2500,2500
Tamil Nadu,Vellore,Kahithapattarai(Uzhavar Sandhai ),Pomegranate,Pomogranate,Local,26/08/2026,14000,14000,14000
Tamil Nadu,Vellore,Kahithapattarai(Uzhavar Sandhai ),Yam(Ratalu),Yam (Ratalu),Local,26/08/2026,6000,6000,6000
Tamil Nadu,Vellore,Kahithapattarai(Uzhavar Sandhai ),Lemon,Lemon,Local,26/08/2026,10000,10000,10000
Tamil Nadu,Vellore,Kahithapattarai(Uzhavar Sandhai ),Rose(Local),Rose (Local),Local,26/08/2026,10000,13000,11500
Tamil Nadu,Vellore,Kahithapattarai(Uzhavar Sandhai ),Sweet Corn ,Sweet Corn ,Local,26/08/2026,3500,3500,3500
Haryana,Rewari,Rewari APMC,Apple,Apple,Medium,26/08/2026,4000,25000,15000
Himachal Pradesh,Solan,PMY Kather Solan,Pea Pod/Pea Cod/à¤¹à¤°à¥€ à¤®à¤Ÿà¤°,Other,Medium,26/08/2026,9000,12500,12000
Himachal Pradesh,Solan,PMY Kather Solan,Cauliflower,Other,Medium,26/08/2026,1000,6000,4000
Himachal Pradesh,Solan,PMY Kather Solan,Capsicum,Other,Medium,26/08/2026,500,3500,2400
Himachal Pradesh,Solan,PMY Kather Solan,Banana,Other,Medium,26/08/2026,3600,6100,5400
Himachal Pradesh,Solan,PMY Kather Solan,Lemon,Other,Medium,26/08/2026,7000,12500,12000
Himachal Pradesh,Solan,PMY Kather Solan,Green Chilli,Other,Medium,26/08/2026,2500,4500,4000
Himachal Pradesh,Solan,PMY Kather Solan,Bitter gourd,Other,Medium,26/08/2026,2000,3200,2800
Himachal Pradesh,Solan,PMY Kather Solan,Pear(Marasebu),Other,Medium,26/08/2026,3400,5000,3400
Himachal Pradesh,Solan,PMY Kather Solan,Mousambi(Sweet Lime),Other,Medium,26/08/2026,4800,5500,5000
Punjab,Hoshiarpur,Mukerian APMC,Cauliflower,Cauliflower,Grade B,26/08/2026,3500,5500,4500
Punjab,Hoshiarpur,Mukerian APMC,Cabbage,Cabbage,Grade B,26/08/2026,1500,2500,2000
Punjab,Ludhiana,Samrala APMC,Potato,Other,Local,26/08/2026,450,600,500
Punjab,Ludhiana,Samrala APMC,Bhindi(Ladies Finger),Other,Local,26/08/2026,2200,3000,2500
Tripura,Sepahijala,Melaghar APMC,Fish,Rahu(Local),Local,26/08/2026,31000,33000,32000
Tripura,Sepahijala,Melaghar APMC,Banana,Banana - Ripe,Local,26/08/2026,2500,3000,2800
Punjab,Ludhiana,Ludhiana APMC,Cauliflower,Other,FAQ,26/08/2026,1200,3800,2000
Punjab,Ludhiana,Ludhiana APMC,Cucumbar(Kheera),Other,FAQ,26/08/2026,700,2300,1500
Uttar Pradesh,Baghpat,Baraut APMC,Wheat,Local,FAQ,26/08/2026,2600,2600,2600
Uttar Pradesh,Badaun,Badayoun APMC,Masur Dal,Other,FAQ,26/08/2026,9000,9000,9000
Uttar Pradesh,Badaun,Badayoun APMC,Makhana(Foxnut),Other,FAQ,26/08/2026,70000,70000,70000
Uttar Pradesh,Badaun,Badayoun APMC,Potato,Other,FAQ,26/08/2026,550,550,550
Uttar Pradesh,Badaun,Badayoun APMC,Wheat,Other,FAQ,26/08/2026,2500,2500,2500
Uttar Pradesh,Badaun,Badayoun APMC,Rice,Other,FAQ,26/08/2026,9910,10000,9926.79
Uttar Pradesh,Badaun,Badayoun APMC,Green Gram Dal(Moong Dal),Other,FAQ,26/08/2026,10000,10000,10000
Odisha,Dhenkanal,Hindol APMC,Onion,Other,Grade B,26/08/2026,4500,5000,4800
Odisha,Dhenkanal,Hindol APMC,Pumpkin,Pumpkin,Grade B,26/08/2026,1500,1800,1700
Tamil Nadu,Thiruvannamalai,Cheyyar(Uzhavar Sandhai ),Papaya,Papaya,Local,26/08/2026,3200,4000,3600
Tamil Nadu,Thiruvannamalai,Cheyyar(Uzhavar Sandhai ),Bottle gourd,Bottle Gourd,Local,26/08/2026,1500,2000,1750
Tamil Nadu,Thiruvannamalai,Cheyyar(Uzhavar Sandhai ),Pumpkin,Pumpkin,Local,26/08/2026,2500,3000,2750
Tamil Nadu,Thiruvannamalai,Cheyyar(Uzhavar Sandhai ),Beans,Beans (Whole),Local,26/08/2026,8000,9600,8800
Tamil Nadu,Thiruvannamalai,Cheyyar(Uzhavar Sandhai ),Beetroot,Beetroot,Local,26/08/2026,4000,4800,4400
Tamil Nadu,Thiruvannamalai,Cheyyar(Uzhavar Sandhai ),Raddish,Raddish,Local,26/08/2026,2500,3000,2750
Haryana,Ambala,Naraingarh APMC,Bottle gourd,Bottle Gourd,Medium,26/08/2026,600,1500,1300
Haryana,Ambala,Naraingarh APMC,Cucumbar(Kheera),Cucumbar,Medium,26/08/2026,1400,2500,2000
Haryana,Ambala,Naraingarh APMC,Bhindi(Ladies Finger),Bhindi,Medium,26/08/2026,700,1800,1200
Haryana,Ambala,Naraingarh APMC,Potato,Potato,Medium,26/08/2026,400,900,700
Andhra Pradesh,Vijayanagaram,Rajam APMC,Maize,Local,FAQ,26/08/2026,4800,4800,4800
Punjab,Fatehgarh,Sirhind APMC,Bitter gourd,Other,Local,26/08/2026,2300,2500,2400
Punjab,Fatehgarh,Sirhind APMC,Coriander(Leaves),Other,FAQ,26/08/2026,7500,8500,8000
Punjab,Fatehgarh,Sirhind APMC,Pumpkin,Other,FAQ,26/08/2026,1000,1400,1200
Odisha,Sundergarh,Panposh APMC,Bitter gourd,Other,FAQ,26/08/2026,4000,5000,4500
Odisha,Sundergarh,Panposh APMC,Tomato,Hybrid,FAQ,26/08/2026,3000,4000,3500
Tamil Nadu,Ariyalur,Ariyalur(Uzhavar Sandhai),Onion,Bellary,Local,26/08/2026,4000,4500,4250
Odisha,Nayagarh,Bahadajholla APMC,Cauliflower,Other,Grade B,26/08/2026,2500,2600,2600
Odisha,Nayagarh,Bahadajholla APMC,Brinjal,Other,Grade B,26/08/2026,2600,3000,2800
Rajasthan,Pali,Sumerpur APMC,Wheat,Other,Non-FAQ,26/08/2026,2500,2775,2638
Gujarat,Mehsana,Visnagar APMC,Mustard,Other,Local,26/08/2026,7255,7700,7477
Haryana,Mahendragarh-Narnaul,Narnaul APMC,Capsicum,Capsicum,Medium,26/08/2026,4000,6000,5000
Haryana,Mahendragarh-Narnaul,Narnaul APMC,Pomegranate,Pomogranate,Medium,26/08/2026,8000,10000,9000
Odisha,Cuttack,Banki APMC,Brinjal,Other,Medium,26/08/2026,5000,6000,5500
Odisha,Cuttack,Banki APMC,Ridgeguard(Tori),Other,Medium,26/08/2026,3500,4500,4000
Himachal Pradesh,Kangra,PMY Kangra,Ginger(Green),Green Ginger,FAQ,26/08/2026,12000,13000,13000
Himachal Pradesh,Kangra,PMY Kangra,Cucumbar(Kheera),Cucumbar,FAQ,26/08/2026,2500,3500,3000
Himachal Pradesh,Kangra,PMY Kangra,Pea Pod/Pea Cod/à¤¹à¤°à¥€ à¤®à¤Ÿà¤°,Other,FAQ,26/08/2026,12000,15000,13000
Himachal Pradesh,Kangra,PMY Kangra,Bhindi(Ladies Finger),Bhindi,FAQ,26/08/2026,3000,3200,3100
Himachal Pradesh,Kangra,PMY Kangra,Bitter gourd,Bitter Gourd,FAQ,26/08/2026,1800,2500,2000
Himachal Pradesh,Kangra,PMY Kangra,French Beans(Frasbean),Other,FAQ,26/08/2026,6500,7000,6700
Uttar Pradesh,Amroha,Amroha APMC,Potato,Other,FAQ,26/08/2026,700,700,700
Haryana,Mewat,Punhana APMC,Pomegranate,Other,Medium,26/08/2026,8000,10000,9000
Uttar Pradesh,Kasganj,Ganj Dundwara APMC,Chicory(Chikori/Kasni),Other,FAQ,26/08/2026,3000,3000,3000
Uttarakhand,Haridwar,Haridwar Union APMC,Banana,Other,Medium,26/08/2026,1200,1600,1400
Uttarakhand,Haridwar,Haridwar Union APMC,Apple,Other,Medium,26/08/2026,7500,10000,8500
Uttarakhand,Haridwar,Haridwar Union APMC,Onion,Other,Medium,26/08/2026,2800,4500,3600
Uttar Pradesh,Amroha,Hasanpur APMC,Wood,Other,FAQ,26/08/2026,400,400,400
Uttar Pradesh,Amroha,Hasanpur APMC,Brinjal,Round/Long,FAQ,26/08/2026,1450,1520,1500
Uttar Pradesh,Amroha,Hasanpur APMC,Colacasia,Colacasia,FAQ,26/08/2026,1450,1520,1500
Uttar Pradesh,Amroha,Hasanpur APMC,Ridgeguard(Tori),Ridgeguard(Tori),FAQ,26/08/2026,1450,1520,1500
Rajasthan,Bharatpur,Bayana APMC,Tomato,Other,Local,26/08/2026,2200,2200,2200
Punjab,Hoshiarpur,Garh Shankar APMC,Pomegranate,Other,Medium,26/08/2026,7000,7000,7000
Punjab,Hoshiarpur,Tanda Urmur APMC,Bottle gourd,Other,Grade A,26/08/2026,1500,2000,1800
Punjab,Hoshiarpur,Tanda Urmur APMC,Pineapple,Other,Grade A,26/08/2026,5000,6000,5500
Punjab,Hoshiarpur,Tanda Urmur APMC,Lemon,Other,Grade A,26/08/2026,6000,7000,6500
Punjab,Jalandhar,Adampur APMC,Capsicum,Capsicum,FAQ,26/08/2026,3500,4000,4000
Punjab,Jalandhar,Lohian Khas APMC,Green Chilli,Other,Local,26/08/2026,3000,3400,3200
Punjab,Ludhiana,Doraha APMC,French Beans(Frasbean),French Beans (Frasbean),Local,26/08/2026,6000,6000,6000
Punjab,Ludhiana,Doraha APMC,Bhindi(Ladies Finger),Other,Local,26/08/2026,1500,2500,2000
Punjab,Ludhiana,Doraha APMC,Tomato,Deshi,Local,26/08/2026,1800,2500,2200
Haryana,Panchkula,Barwala APMC,Tomato,Local,FAQ,26/08/2026,1600,2000,1800
Punjab,Nawanshahr,Banga APMC,Cucumbar(Kheera),Other,FAQ,26/08/2026,3300,4000,3900
Punjab,Nawanshahr,Banga APMC,Raddish,Other,FAQ,26/08/2026,1000,2700,2400
Punjab,Nawanshahr,Banga APMC,Pumpkin,Pumpkin,FAQ,26/08/2026,800,1300,1200
Punjab,Nawanshahr,Banga APMC,Bhindi(Ladies Finger),Other,FAQ,26/08/2026,1750,2300,2200
Punjab,Nawanshahr,Banga APMC,Bottle gourd,Other,FAQ,26/08/2026,1000,1700,1500
Punjab,Nawanshahr,Banga APMC,Carrot,Carrot,FAQ,26/08/2026,1700,3000,3000
Odisha,Mayurbhanja,Betnoti APMC,Pointed gourd(Parval),Other,FAQ,26/08/2026,3300,3700,3500
Haryana,Jhajar,Bahadurgarh APMC,Pea Pod/Pea Cod/à¤¹à¤°à¥€ à¤®à¤Ÿà¤°,Other,Medium,26/08/2026,11000,12000,11500
Haryana,Jhajar,Bahadurgarh APMC,Carrot,Other,Medium,26/08/2026,5000,6000,5500
Haryana,Jhajar,Bahadurgarh APMC,Brinjal,Other,Medium,26/08/2026,1200,1600,1400
Haryana,Jhajar,Bahadurgarh APMC,Cluster beans,Other,Medium,26/08/2026,5500,6000,5800
Haryana,Jhajar,Bahadurgarh APMC,Tinda,Other,Medium,26/08/2026,3500,5000,4000
Haryana,Jhajar,Bahadurgarh APMC,Lemon,Other,Medium,26/08/2026,6000,7000,6500
Tamil Nadu,Coimbatore,Sundarapuram(Uzhavar Sandhai ),Banana,Red Banana,Local,26/08/2026,7000,8000,7500
Tamil Nadu,Coimbatore,Sundarapuram(Uzhavar Sandhai ),Garlic,Garlic,Local,26/08/2026,20000,23000,21500
Tamil Nadu,Coimbatore,Sundarapuram(Uzhavar Sandhai ),Cauliflower,Ranchi,Local,26/08/2026,4500,5000,4750
Tamil Nadu,Coimbatore,Sundarapuram(Uzhavar Sandhai ),Brinjal,Other,Local,26/08/2026,4200,4500,4350
Tamil Nadu,Coimbatore,Sundarapuram(Uzhavar Sandhai ),Amaranthus,Amaranthus,Local,26/08/2026,5000,6500,5750
Tamil Nadu,Coimbatore,Sundarapuram(Uzhavar Sandhai ),Ginger(Green),Green Ginger,Local,26/08/2026,16000,17000,16500
Tamil Nadu,Coimbatore,Sundarapuram(Uzhavar Sandhai ),Cucumbar(Kheera),Cucumbar,Local,26/08/2026,4000,4500,4250
Tamil Nadu,Coimbatore,Sundarapuram(Uzhavar Sandhai ),Thondekai,Thondekai,Local,26/08/2026,4000,4500,4250
Tamil Nadu,Coimbatore,Sundarapuram(Uzhavar Sandhai ),Green Avare(W),Green Avare (W),Local,26/08/2026,5400,5800,5600
Tamil Nadu,Coimbatore,Sundarapuram(Uzhavar Sandhai ),Chow Chow,Chow Chow,Local,26/08/2026,3500,3800,3650
Haryana,Rohtak,Meham,Guava,Guava,Medium,26/08/2026,3000,3000,3000
Haryana,Rohtak,Meham,Bhindi(Ladies Finger),Bhindi,Medium,26/08/2026,3000,3000,3000
Haryana,Rohtak,Meham,Brinjal,Brinjal,Medium,26/08/2026,1500,1500,1500
Odisha,Kalahandi,Kalahandi(Dharamagarh) APMC,Tomato,Other,Grade B,26/08/2026,2600,3000,2800
Odisha,Kalahandi,Kalahandi(Dharamagarh) APMC,Brinjal,Other,Grade B,26/08/2026,2800,3200,3000
Punjab,Amritsar,Majitha APMC,Ridgeguard(Tori),Ridgeguard(Tori),Local,26/08/2026,1200,1200,1200
Uttar Pradesh,Banda,Atarra APMC,Rice,Broken Rice(Kanki),FAQ,26/08/2026,2400,2405,2401.68
Uttar Pradesh,Banda,Atarra APMC,Broken Rice,Broken Rice,FAQ,26/08/2026,2200,2210,2203.81
Uttar Pradesh,Khiri (Lakhimpur),Maigalganj APMC,Wheat,Dara,FAQ,26/08/2026,2550,2550,2550
Rajasthan,Baran,Anta APMC,Wheat,Other,Local,26/08/2026,2300,2487,2393
Himachal Pradesh,Solan,SMY Nalagarh,Tomato,Other,Grade A,26/08/2026,1500,2500,2000
Himachal Pradesh,Solan,SMY Nalagarh,Cauliflower,Other,Grade A,26/08/2026,4000,4500,4300
Himachal Pradesh,Solan,SMY Nalagarh,Coriander(Leaves),Other,Grade A,26/08/2026,4000,5000,4500
Punjab,Bhatinda,Rampuraphul(Nabha Mandi) APMC,Cabbage,Other,Grade A,26/08/2026,1000,2000,1500
Punjab,Bhatinda,Rampuraphul(Nabha Mandi) APMC,Bhindi(Ladies Finger),Bhindi,Grade A,26/08/2026,2000,3000,2500
Punjab,Bhatinda,Rampuraphul(Nabha Mandi) APMC,Green Chilli,Green Chilly,Grade A,26/08/2026,2500,4500,3500
Punjab,Bhatinda,Rampuraphul(Nabha Mandi) APMC,Potato,Other,Grade A,26/08/2026,600,800,700
Punjab,Bhatinda,Rampuraphul(Nabha Mandi) APMC,Pumpkin,Other,Grade A,26/08/2026,1000,1500,1200
Punjab,Bhatinda,Rampuraphul(Nabha Mandi) APMC,Lemon,Lemon,Grade A,26/08/2026,6000,8000,7000
Punjab,Bhatinda,Rampuraphul(Nabha Mandi) APMC,Cauliflower,Cauliflower,Grade A,26/08/2026,2500,4000,3000
Punjab,Bhatinda,Rampuraphul(Nabha Mandi) APMC,Cucumbar(Kheera),Cucumbar,Grade A,26/08/2026,2000,3000,2500
Punjab,Bhatinda,Rampuraphul(Nabha Mandi) APMC,Tomato,Other,Grade A,26/08/2026,1500,2500,2000
Punjab,Hoshiarpur,Mukerian(Talwara) APMC,Brinjal,Brinjal,FAQ,26/08/2026,1500,2500,2000
Himachal Pradesh,Kangra,SMY Baijnath,Capsicum,Capsicum,Grade A,26/08/2026,5500,5600,5600
Himachal Pradesh,Kangra,SMY Baijnath,Cabbage,Cabbage,Grade A,26/08/2026,2400,2500,2500
Himachal Pradesh,Kangra,SMY Baijnath,Green Chilli,Green Chilly,Grade A,26/08/2026,4200,4400,4300
Himachal Pradesh,Kangra,SMY Jaisinghpur,Garlic,Average,FAQ,26/08/2026,18500,21000,19500
Himachal Pradesh,Kangra,SMY Jaisinghpur,Onion,Other,FAQ,26/08/2026,5200,5600,5400
Himachal Pradesh,Kangra,SMY Jaisinghpur,Bottle gourd,Bottle Gourd,FAQ,26/08/2026,2800,5000,4000
Odisha,Angul,Angul(Atthamallick) APMC,Onion,Onion,Grade B,26/08/2026,4500,6000,5000
Tamil Nadu,Erode,Sathiyamagalam(Uzhavar Sandhai ),Potato,Other,Local,26/08/2026,3500,4000,3750
Tamil Nadu,Erode,Sathiyamagalam(Uzhavar Sandhai ),Brinjal,Other,Local,26/08/2026,4000,4500,4250
Tamil Nadu,Erode,Sathiyamagalam(Uzhavar Sandhai ),Cluster beans,Cluster Beans,Local,26/08/2026,3400,3800,3600
Tamil Nadu,Erode,Sathiyamagalam(Uzhavar Sandhai ),Bhindi(Ladies Finger),Bhindi,Local,26/08/2026,3500,4000,3750
Tamil Nadu,Erode,Sathiyamagalam(Uzhavar Sandhai ),Green Avare(W),Other,Local,26/08/2026,5500,6000,5750
Tamil Nadu,Erode,Sathiyamagalam(Uzhavar Sandhai ),Lemon,Lemon,Local,26/08/2026,7500,8000,7750
Tamil Nadu,Coimbatore,Mettupalayam(Uzhavar Sandhai ),Garlic,Garlic,Local,26/08/2026,16000,18000,17000
Tamil Nadu,Coimbatore,Mettupalayam(Uzhavar Sandhai ),Cluster beans,Cluster Beans,Local,26/08/2026,3000,3500,3250
Tamil Nadu,Coimbatore,Mettupalayam(Uzhavar Sandhai ),Bitter gourd,Bitter Gourd,Local,26/08/2026,4500,5500,5000
Tamil Nadu,Coimbatore,Mettupalayam(Uzhavar Sandhai ),Cowpea(Veg),Cowpea (Veg),Local,26/08/2026,3000,3500,3250
Tamil Nadu,Coimbatore,Mettupalayam(Uzhavar Sandhai ),Snakeguard,Snakeguard,Local,26/08/2026,3000,3500,3250
Tamil Nadu,Coimbatore,Mettupalayam(Uzhavar Sandhai ),Ridgeguard(Tori),Ridgeguard(Tori),Local,26/08/2026,3500,4500,4000
Tamil Nadu,Coimbatore,Mettupalayam(Uzhavar Sandhai ),Green Avare(W),Green Avare (W),Local,26/08/2026,3000,3500,3250
Tamil Nadu,Coimbatore,Mettupalayam(Uzhavar Sandhai ),Chow Chow,Chow Chow,Local,26/08/2026,3500,4000,3750
Tamil Nadu,Coimbatore,Mettupalayam(Uzhavar Sandhai ),Elephant Yam(Suran)/Amorphophallus,Elephant Yam (Suran),Local,26/08/2026,3500,4000,3750
Tamil Nadu,Coimbatore,Mettupalayam(Uzhavar Sandhai ),Mashrooms,Mashrooms,Local,26/08/2026,16000,20000,18000
Tamil Nadu,Coimbatore,Mettupalayam(Uzhavar Sandhai ),Baby Corn,Baby Corn,Grade A,26/08/2026,2500,3000,2750
Telangana,Hyderabad,RYTHU BAZAR MEHDIPATNAM,Banana - Green,Banana - Green,Grade A,26/08/2026,1100,1100,1100
Telangana,Hyderabad,RYTHU BAZAR MEHDIPATNAM,Beetroot,Beetroot,Grade A,26/08/2026,3200,3200,3200
Uttar Pradesh,Sant Kabir Nagar,Khalilabad APMC,Green Chilli,Other,FAQ,26/08/2026,2500,2500,2500
Punjab,Ludhiana,Raikot APMC,Apple,Apple,Grade A,26/08/2026,7650,7650,7650
Haryana,Panipat,Samalkha APMC,Lemon,Lemon,FAQ,26/08/2026,10000,10000,10000
Haryana,Panipat,Samalkha APMC,Carrot,Carrot,FAQ,26/08/2026,4000,4000,4000
Haryana,Panipat,Samalkha APMC,Tomato,Other,FAQ,26/08/2026,2000,2000,2000
Haryana,Panipat,Samalkha APMC,Bottle gourd,Bottle Gourd,FAQ,26/08/2026,1000,1000,1000
Haryana,Panipat,Samalkha APMC,Brinjal,Brinjal,FAQ,26/08/2026,1500,2000,1800
Haryana,Panipat,Samalkha APMC,Cauliflower,Cauliflower,FAQ,26/08/2026,2500,4000,3000
Tamil Nadu,Namakkal,Tiruchengode APMC,Potato,Other,Local,26/08/2026,2600,3000,2800
Tamil Nadu,Namakkal,Tiruchengode APMC,Chikoos(Sapota),Sapota,Local,26/08/2026,4000,4500,4250
Tamil Nadu,Namakkal,Tiruchengode APMC,Pumpkin,Pumpkin,Local,26/08/2026,2000,2200,2100
Tamil Nadu,Namakkal,Tiruchengode APMC,Bhindi(Ladies Finger),Bhindi,Local,26/08/2026,4000,4400,4200
Tamil Nadu,Namakkal,Tiruchengode APMC,Coconut,Coconut,Local,26/08/2026,5400,6000,5700
Tamil Nadu,Namakkal,Tiruchengode APMC,Green Avare(W),Other,Local,26/08/2026,5400,6000,5700
Tamil Nadu,Namakkal,Tiruchengode APMC,Drumstick,Drumstick,Local,26/08/2026,1800,2000,1900
Tamil Nadu,Namakkal,Tiruchengode APMC,Elephant Yam(Suran)/Amorphophallus,Elephant Yam (Suran),Local,26/08/2026,3500,4000,3750
Tamil Nadu,Namakkal,Tiruchengode APMC,Lemon,Lemon,Local,26/08/2026,8000,9000,8500
Telangana,Karimnagar,"Weekly Market Area,RBZ APMC",Brinjal,Other,Local,26/08/2026,2000,3500,2000
Tamil Nadu,Ariyalur,Jeyankondam (Uzhavar Sandhai ),Onion,Bellary,Local,26/08/2026,3800,4400,4100
Uttar Pradesh,Rampur,Bilaspur APMC,Wood,Other,FAQ,26/08/2026,9959.49,9959.49,9959.49
Andhra Pradesh,Kakinada,Sampara (Kakinada Rural) APMC,Paddy(Common),1001,FAQ,26/08/2026,2369,2389,2379
Uttar Pradesh,Siddharth Nagar,Naugarh APMC,Bottle gourd,Bottle Gourd,Grade A,26/08/2026,1620,1650,1630
Telangana,Hyderabad,RYTHU BAZAR ERRAGADDA,Cabbage,Cabbage,Grade A,26/08/2026,1500,1500,1500
Telangana,Hyderabad,RYTHU BAZAR ERRAGADDA,Ridgeguard(Tori),Ridgeguard(Tori),Grade A,26/08/2026,35,35,35
Telangana,Hyderabad,RYTHU BAZAR ERRAGADDA,Colacasia,Colacasia,Grade A,26/08/2026,2500,2500,2500
Telangana,Hyderabad,RYTHU BAZAR ERRAGADDA,Cucumbar(Kheera),Cucumbar,Grade A,26/08/2026,1800,1800,1800
Telangana,Hyderabad,RYTHU BAZAR ERRAGADDA,Other green and fresh vegetables,Other,Grade A,26/08/2026,1500,1500,1500
Tamil Nadu,Coimbatore,RSPuram(Uzhavar Sandhai ),Mango,Neelam,Local,26/08/2026,8000,9000,8500
Tamil Nadu,Coimbatore,RSPuram(Uzhavar Sandhai ),Water Melon,Water Melon,Local,26/08/2026,1500,2000,1750
Tamil Nadu,Coimbatore,RSPuram(Uzhavar Sandhai ),Bottle gourd,Bottle Gourd,Local,26/08/2026,2600,3000,2800
Tamil Nadu,Coimbatore,RSPuram(Uzhavar Sandhai ),Cowpea(Veg),Cowpea (Veg),Local,26/08/2026,4000,4500,4250
Tamil Nadu,Coimbatore,RSPuram(Uzhavar Sandhai ),Lime,Lime,Local,26/08/2026,12000,13000,12500
Tamil Nadu,Coimbatore,RSPuram(Uzhavar Sandhai ),Guava,Guava Allahabad,Local,26/08/2026,4500,5500,5000
Tamil Nadu,Coimbatore,RSPuram(Uzhavar Sandhai ),Elephant Yam(Suran)/Amorphophallus,Elephant Yam (Suran),Local,26/08/2026,3600,4000,3800
Tamil Nadu,Coimbatore,RSPuram(Uzhavar Sandhai ),Yam(Ratalu),Yam (Ratalu),Local,26/08/2026,7500,8000,7750
Tamil Nadu,Coimbatore,RSPuram(Uzhavar Sandhai ),Indian Beans(Seam),Indian Beans (Seam),Local,26/08/2026,6000,6500,6250
Tamil Nadu,Coimbatore,RSPuram(Uzhavar Sandhai ),Pear(Marasebu),Pears,Local,26/08/2026,14000,15000,14500
Tamil Nadu,Coimbatore,RSPuram(Uzhavar Sandhai ),Baby Corn,Baby Corn,Grade A,26/08/2026,2200,2600,2400
Tamil Nadu,Coimbatore,Singanallur(Uzhavar Sandhai ),Banana,Red Banana,Local,26/08/2026,8000,8600,8300
Tamil Nadu,Coimbatore,Singanallur(Uzhavar Sandhai ),Onion,Bellary,Local,26/08/2026,4800,5200,5000
Tamil Nadu,Coimbatore,Singanallur(Uzhavar Sandhai ),Brinjal,Other,Local,26/08/2026,4000,4500,4250
Tamil Nadu,Coimbatore,Singanallur(Uzhavar Sandhai ),Chikoos(Sapota),Sapota,Local,26/08/2026,4500,5000,4750
Tamil Nadu,Coimbatore,Singanallur(Uzhavar Sandhai ),Tapioca,Tapioca,Local,26/08/2026,3000,3600,3300
Tamil Nadu,Coimbatore,Singanallur(Uzhavar Sandhai ),Coconut,Coconut,Local,26/08/2026,5500,5800,5650
Tamil Nadu,Coimbatore,Singanallur(Uzhavar Sandhai ),Carrot,Pusakesar,Local,26/08/2026,5500,6200,5850
Tamil Nadu,Coimbatore,Singanallur(Uzhavar Sandhai ),Raddish,Raddish,Local,26/08/2026,3000,3500,3250
Tamil Nadu,Coimbatore,Singanallur(Uzhavar Sandhai ),Elephant Yam(Suran)/Amorphophallus,Elephant Yam (Suran),Local,26/08/2026,3500,4000,3750
Tamil Nadu,Coimbatore,Singanallur(Uzhavar Sandhai ),Colacasia,Colacasia,Local,26/08/2026,4500,5000,4750
Gujarat,Banaskanth,Dhanera APMC,Suva(Dill Seed),Suva,Local,26/08/2026,6960,8855,7950
Gujarat,Banaskanth,Deesa APMC,Cummin Seed(Jeera),Bold,FAQ,26/08/2026,16755,18805,18500
Odisha,Mayurbhanja,Narasinghpur APMC,"Spiny Gourd / Kartali(Kantola)
",Kartali (Kantola),Large,26/08/2026,6000,12000,9000
Gujarat,Rajkot,Rajkot(Veg.Sub Yard) APMC,Tomato,Tomato,FAQ,26/08/2026,1025,2095,1560
Gujarat,Rajkot,Rajkot(Veg.Sub Yard) APMC,Onion,Onion,FAQ,26/08/2026,1705,3955,3105
Gujarat,Rajkot,Rajkot(Veg.Sub Yard) APMC,Bottle gourd,Bottle Gourd,FAQ,26/08/2026,1410,2295,1850
Tamil Nadu,Coimbatore,Pollachi(Uzhavar Sandhai ),Onion,Bellary,Local,26/08/2026,5000,5800,5400
Tamil Nadu,Coimbatore,Pollachi(Uzhavar Sandhai ),Bottle gourd,Bottle Gourd,Local,26/08/2026,3000,3500,3250
Tamil Nadu,Coimbatore,Pollachi(Uzhavar Sandhai ),Amaranthus,Amaranthus,Local,26/08/2026,3000,4000,3500
Tamil Nadu,Coimbatore,Pollachi(Uzhavar Sandhai ),Carrot,Pusakesar,Local,26/08/2026,7000,7500,7250
Tamil Nadu,Coimbatore,Pollachi(Uzhavar Sandhai ),Cabbage,Cabbage,Local,26/08/2026,3500,4000,3750
Tamil Nadu,Coimbatore,Pollachi(Uzhavar Sandhai ),Snakeguard,Snakeguard,Local,26/08/2026,3500,4000,3750
Tamil Nadu,Coimbatore,Pollachi(Uzhavar Sandhai ),Green Avare(W),Green Avare (W),Local,26/08/2026,5500,6000,5750
Tamil Nadu,Coimbatore,Pollachi(Uzhavar Sandhai ),Drumstick,Drumstick,Local,26/08/2026,3500,4000,3750
Tamil Nadu,Coimbatore,Pollachi(Uzhavar Sandhai ),Mashrooms,Mashrooms,Local,26/08/2026,18000,20000,19000
Uttar Pradesh,Lucknow,Banthara APMC,Wheat,Dara,FAQ,26/08/2026,2540,2560,2546.21
Uttar Pradesh,Shamli,Kairana APMC,Potato,Other,FAQ,26/08/2026,800,800,800
Uttar Pradesh,Farukhabad,Kamlaganj APMC,Maize,Other,FAQ,26/08/2026,2300,2300,2300
Chandigarh,Chandigarh,Chandigarh (Grain/F&V) APMC,Pomegranate,Pomogranate,Medium,26/08/2026,4000,11000,8000
Chandigarh,Chandigarh,Chandigarh (Grain/F&V) APMC,Mousambi(Sweet Lime),Mousambi,Medium,26/08/2026,2000,4000,3500
Chandigarh,Chandigarh,Chandigarh (Grain/F&V) APMC,Cabbage,Cabbage,FAQ,26/08/2026,300,1600,1500
Chandigarh,Chandigarh,Chandigarh (Grain/F&V) APMC,Bottle gourd,Bottle Gourd,FAQ,26/08/2026,1000,1300,1200
Telangana,Ranga Reddy,"Vanasthalipuram,RBZ ",Field Bean(Anumulu),Field Bean(Anumulu),Grade A,26/08/2026,3500,3500,3500
Telangana,Ranga Reddy,"Vanasthalipuram,RBZ ",Ridgeguard(Tori),Ridgeguard(Tori),Grade A,26/08/2026,3500,3500,3500
Telangana,Ranga Reddy,"Vanasthalipuram,RBZ ",Onion,Onion,Grade A,26/08/2026,4000,4000,4000
Telangana,Ranga Reddy,"Vanasthalipuram,RBZ ",Elephant Yam(Suran)/Amorphophallus,Elephant Yam (Suran),Grade A,26/08/2026,3500,3500,3500
Tamil Nadu,Karur,Karur(Uzhavar Sandhai ),Brinjal,Other,Local,26/08/2026,4000,5000,4500
Tamil Nadu,Karur,Karur(Uzhavar Sandhai ),Bitter gourd,Other,Local,26/08/2026,5500,6000,5750
Tamil Nadu,Karur,Karur(Uzhavar Sandhai ),Ashgourd,Gouard,Local,26/08/2026,2500,3000,2750
Tamil Nadu,Karur,Karur(Uzhavar Sandhai ),Ginger(Green),Green Ginger,Local,26/08/2026,18500,19000,18750
Tamil Nadu,Karur,Karur(Uzhavar Sandhai ),Yam(Ratalu),Yam (Ratalu),Local,26/08/2026,9000,10000,9500
Tamil Nadu,Karur,Karur(Uzhavar Sandhai ),Sweet Corn ,Sweet Corn ,Local,26/08/2026,3500,4000,3750
Tamil Nadu,Coimbatore,Kurichi(Uzhavar Sandhai ),Bottle gourd,Bottle Gourd,Local,26/08/2026,2800,3200,3000
Tamil Nadu,Coimbatore,Kurichi(Uzhavar Sandhai ),Cowpea(Veg),Cowpea (Veg),Local,26/08/2026,4000,4500,4250
Tamil Nadu,Coimbatore,Kurichi(Uzhavar Sandhai ),Elephant Yam(Suran)/Amorphophallus,Elephant Yam (Suran),Local,26/08/2026,3800,4200,4000
Assam,Kamrup,Pamohi(Garchuk) APMC,Bottle gourd,Bottle Gourd,FAQ,26/08/2026,2500,3000,2700
Assam,Kamrup,Pamohi(Garchuk) APMC,Brinjal,Round,FAQ,26/08/2026,3000,3500,3200
Assam,Kamrup,Pamohi(Garchuk) APMC,Little gourd(Kundru),Little gourd (Kundru),FAQ,26/08/2026,2000,2500,2200
Assam,Kamrup,Pamohi(Garchuk) APMC,Bhindi(Ladies Finger),Bhindi,FAQ,26/08/2026,3000,3500,3200
Assam,Kamrup,Pamohi(Garchuk) APMC,Lemon,Lemon-Organic,FAQ,26/08/2026,1.87,2.12,2
Assam,Kamrup,Pamohi(Garchuk) APMC,Taro (Arvi) Stem,Taro (Arvi) Stem,Grade A,26/08/2026,1800,2500,2000
Assam,Kamrup,Pamohi(Garchuk) APMC,Cowpea(Veg),Bean Barbati,FAQ,26/08/2026,4500,5500,5000
Tamil Nadu,Cuddalore,Chidambaram(Uzhavar Sandhai ),Banana,Besrai,Local,26/08/2026,4000,4000,4000
Tamil Nadu,Cuddalore,Chidambaram(Uzhavar Sandhai ),Mango(Raw-Ripe),Mango - Raw-Ripe,Local,26/08/2026,8000,8000,8000
Tamil Nadu,Cuddalore,Cuddalore(Uzhavar Sandhai ),Bottle gourd,Bottle Gourd,Local,26/08/2026,2000,2000,2000
Tamil Nadu,Cuddalore,Cuddalore(Uzhavar Sandhai ),Ashgourd,Gouard,Local,26/08/2026,3000,3000,3000
Tamil Nadu,Chengalpattu,Thirukalukundram(Uzhavar Sandhai ),Banana,Besrai,Local,26/08/2026,5000,6000,5500
Tamil Nadu,Chengalpattu,Thirukalukundram(Uzhavar Sandhai ),Tomato,Deshi,Local,26/08/2026,2200,2500,2350
Tamil Nadu,Chengalpattu,Thirukalukundram(Uzhavar Sandhai ),Bitter gourd,Bitter Gourd,Local,26/08/2026,6000,6500,6250
Tamil Nadu,Chengalpattu,Thirukalukundram(Uzhavar Sandhai ),Bottle gourd,Bottle Gourd,Local,26/08/2026,4000,4500,4250
Tamil Nadu,Chengalpattu,Thirukalukundram(Uzhavar Sandhai ),Coconut,Coconut,Local,26/08/2026,6000,7000,6500
Rajasthan,Jaipur,Bassi APMC,Wheat,Other,Local,26/08/2026,2470,2607,2538
Rajasthan,Jaipur,Bassi APMC,Barley(Jau),Other,Local,26/08/2026,2534,2607,2570
Tamil Nadu,Tuticorin,Tuticorin(Uzhavar Sandhai ),Coriander(Leaves),I Sort,Local,26/08/2026,4500,5000,4750
Tamil Nadu,Tuticorin,Tuticorin(Uzhavar Sandhai ),Cluster beans,Cluster Beans,Local,26/08/2026,5000,6000,5500
Tamil Nadu,Tuticorin,Tuticorin(Uzhavar Sandhai ),Cowpea(Veg),Cowpea (Veg),Local,26/08/2026,3500,4000,3750
Tamil Nadu,Tuticorin,Tuticorin(Uzhavar Sandhai ),Capsicum,Capsicum,Local,26/08/2026,7000,8000,7500
Tamil Nadu,Tuticorin,Tuticorin(Uzhavar Sandhai ),Green Avare(W),Other,Local,26/08/2026,7500,8000,7750
Tamil Nadu,Tuticorin,Tuticorin(Uzhavar Sandhai ),Chow Chow,Chow Chow,Local,26/08/2026,3500,4000,3750
Tamil Nadu,Tuticorin,Tuticorin(Uzhavar Sandhai ),Yam(Ratalu),Yam (Ratalu),Local,26/08/2026,9000,10000,9500
Tamil Nadu,Tuticorin,Tuticorin(Uzhavar Sandhai ),Amla(Nelli Kai),Amla,Local,26/08/2026,7000,7500,7250
Tamil Nadu,Tuticorin,Tuticorin(Uzhavar Sandhai ),Sweet Corn ,Sweet Corn ,Local,26/08/2026,5000,6000,5500
Madhya Pradesh,Indore,Indore APMC,Kabuli Chana(Chickpeas-White),Dollar Gram,FAQ,26/08/2026,7280,8190,8190
Madhya Pradesh,Bhopal,Bhopal APMC,Onion,Onion,FAQ,26/08/2026,2700,3400,3300
Bihar,Khagaria,Khagaria APMC,Little gourd(Kundru),Little gourd (Kundru),Grade A,26/08/2026,999.9999,1166.66655,1066.66656
Bihar,Khagaria,Khagaria APMC,Cabbage,Cabbage,Grade A,26/08/2026,2199.99978,2649.999735,2466.66642
Madhya Pradesh,Khargone,Khargone APMC,Cotton,Without Ginned Cotton,FAQ,26/08/2026,9125,9125,9125
Tamil Nadu,Nagercoil (Kannyiakumari),Vadaseri APMC,Pumpkin,Pumpkin,Local,26/08/2026,1900,2200,2050
Tamil Nadu,Nagercoil (Kannyiakumari),Vadaseri APMC,Banana - Green,Banana - Green,Local,26/08/2026,7500,8000,7750
Tamil Nadu,Nagercoil (Kannyiakumari),Vadaseri APMC,Chow Chow,Chow Chow,Local,26/08/2026,4000,4500,4250
Tamil Nadu,Nagercoil (Kannyiakumari),Vadaseri APMC,Mint(Pudina),Mint(Pudina),Local,26/08/2026,6500,7000,6750
Tamil Nadu,Pudukkottai,Karambakkudi(Uzhavar Sandhai ),Tomato,Deshi,Local,26/08/2026,2000,2500,2250
Tamil Nadu,Pudukkottai,Karambakkudi(Uzhavar Sandhai ),Amaranthus,Amaranthus,Local,26/08/2026,1500,2000,1750
Tamil Nadu,Pudukkottai,Karambakkudi(Uzhavar Sandhai ),Raddish,Raddish,Local,26/08/2026,3500,4000,3750
Tamil Nadu,Pudukkottai,Karambakkudi(Uzhavar Sandhai ),Lemon,Lemon,Local,26/08/2026,10000,12000,11000
Meghalaya,East Khasi Hills,Shillong APMC,Green Chilli,Local,FAQ,26/08/2026,6000,7000,6500
Meghalaya,East Khasi Hills,Shillong APMC,Arecanut(Betelnut/Supari),Other,FAQ,26/08/2026,15000,25000,20000
Meghalaya,East Khasi Hills,Shillong APMC,Carrot,New Kuroda,FAQ,26/08/2026,6500,8500,7500
Meghalaya,East Khasi Hills,Shillong APMC,French Beans(Frasbean),Selection-9-Manipur,FAQ,26/08/2026,6000,8000,7000
Meghalaya,East Khasi Hills,Shillong APMC,Ginger(Dry),Nadia,FAQ,26/08/2026,11000,13000,12000
Maharashtra,Raigad,Mangaon APMC,Rice,Other,Local,26/08/2026,2000,4800,3800
Maharashtra,Ahilyanagar,Rahata APMC,Ginger(Green),Other,Local,26/08/2026,8000,13000,10500
Maharashtra,Ahilyanagar,Rahata APMC,Beetroot,Other,Local,26/08/2026,2000,2500,2250
Maharashtra,Ahilyanagar,Rahata APMC,Cucumbar(Kheera),Other,Local,26/08/2026,500,1500,1000
Maharashtra,Ahilyanagar,Rahata APMC,Bitter gourd,Other,Local,26/08/2026,3000,3000,3000
Maharashtra,Ahilyanagar,Rahata APMC,Green Chilli,Other,Local,26/08/2026,1000,2500,1750
Madhya Pradesh,Morena,Kailaras APMC,Chili Red,Geeli Mirchi,FAQ,26/08/2026,2000,2500,2500
Madhya Pradesh,Morena,Kailaras APMC,Ginger(Dry),Other,FAQ,26/08/2026,7100,8000,8000
Madhya Pradesh,Morena,Kailaras APMC,Lemon,Lemon,Medium,26/08/2026,2500,2500,2500
Madhya Pradesh,Morena,Kailaras APMC,Garlic,Garlic,FAQ,26/08/2026,15000,15000,15000
Madhya Pradesh,Morena,Kailaras APMC,Cabbage,Cabbage,FAQ,26/08/2026,1500,1500,1500
Madhya Pradesh,Morena,Kailaras APMC,Brinjal,Other,FAQ,26/08/2026,1000,1000,1000
Madhya Pradesh,Morena,Kailaras APMC,Bottle gourd,Other,FAQ,26/08/2026,400,800,800
Madhya Pradesh,Morena,Kailaras APMC,Seetapal,Seethaphal,Medium,26/08/2026,1000,1000,1000
Madhya Pradesh,Dhar,Kukshi APMC,Soyabean,Soyabeen,FAQ,26/08/2026,5000,5000,5000
Tamil Nadu,Vellore,Thirupathur APMC,Potato,Red Nanital,Local,26/08/2026,3000,3000,3000
Tamil Nadu,Vellore,Thirupathur APMC,Garlic,Garlic,Local,26/08/2026,24000,24000,24000
Tamil Nadu,Vellore,Thirupathur APMC,Bottle gourd,Bottle Gourd,Local,26/08/2026,2000,2000,2000
Tamil Nadu,Vellore,Thirupathur APMC,Pumpkin,Pumpkin,Local,26/08/2026,2000,2000,2000
Tamil Nadu,Vellore,Thirupathur APMC,Ginger(Green),Green Ginger,Local,26/08/2026,20000,20000,20000
Tamil Nadu,Vellore,Thirupathur APMC,Cabbage,Cabbage,Local,26/08/2026,3400,3400,3400
Tamil Nadu,Vellore,Thirupathur APMC,Capsicum,Capsicum,Local,26/08/2026,5000,5000,5000
Tamil Nadu,Vellore,Thirupathur APMC,Green Avare(W),Green Avare (W),Local,26/08/2026,4600,4600,4600
Tamil Nadu,Vellore,Thirupathur APMC,Chow Chow,Chow Chow,Local,26/08/2026,3000,3000,3000
Tamil Nadu,Vellore,Thirupathur APMC,Jack Fruit(Ripe),Jack Fruit,Local,26/08/2026,3000,3000,3000
Tamil Nadu,Vellore,Vellore APMC,Brinjal,Round,Local,26/08/2026,3500,4000,3750
Tamil Nadu,Vellore,Vellore APMC,Mousambi(Sweet Lime),Mousambi,Local,26/08/2026,7000,7000,7000
Tamil Nadu,Vellore,Vellore APMC,Bitter gourd,Bitter Gourd,Local,26/08/2026,4000,4500,4250
Tamil Nadu,Vellore,Vellore APMC,Ashgourd,Gouard,Local,26/08/2026,2000,2000,2000
Tamil Nadu,Vellore,Vellore APMC,Beans,Beans (Whole),Local,26/08/2026,4000,4500,4250
Tamil Nadu,Vellore,Vellore APMC,Green Avare(W),Green Avare (W),Local,26/08/2026,3000,3500,3250
Tamil Nadu,Vellore,Vellore APMC,Chow Chow,Chow Chow,Local,26/08/2026,3000,3500,3250
Tamil Nadu,Vellore,Vellore APMC,Drumstick,Drumstick,Local,26/08/2026,2500,2500,2500
Tamil Nadu,Vellore,Vellore APMC,Guava,Guava Allahabad,Local,26/08/2026,4000,4500,4250
Tamil Nadu,Vellore,Vellore APMC,Rose(Local),Rose (Local),Local,26/08/2026,14000,16000,15000
Tamil Nadu,Dharmapuri,Harur(Uzhavar Sandhai ),Cluster beans,Cluster Beans,Local,26/08/2026,3500,4000,3750
Tamil Nadu,Dharmapuri,Harur(Uzhavar Sandhai ),Bitter gourd,Bitter Gourd,Local,26/08/2026,4000,5000,4500
Tamil Nadu,Dharmapuri,Harur(Uzhavar Sandhai ),Bhindi(Ladies Finger),Bhindi,Local,26/08/2026,2500,3000,2750
Tamil Nadu,Dharmapuri,Harur(Uzhavar Sandhai ),Banana - Green,Banana - Green,Local,26/08/2026,2000,2500,2250
Tamil Nadu,Dharmapuri,Harur(Uzhavar Sandhai ),Coconut,Coconut,Local,26/08/2026,6000,7000,6500
Tamil Nadu,Dharmapuri,Harur(Uzhavar Sandhai ),Amla(Nelli Kai),Amla,Local,26/08/2026,6000,7000,6500
Tamil Nadu,The Nilgiris,Coonoor(Uzhavar Sandhai ),Garlic,Garlic,Local,26/08/2026,20000,21000,20500
Tamil Nadu,The Nilgiris,Coonoor(Uzhavar Sandhai ),Green Chilli,Green Chilly,Local,26/08/2026,5000,5500,5250
Tamil Nadu,The Nilgiris,Coonoor(Uzhavar Sandhai ),Coconut,Coconut,Local,26/08/2026,6000,6400,6200
Tamil Nadu,The Nilgiris,Coonoor(Uzhavar Sandhai ),Beetroot,Beetroot,Local,26/08/2026,5000,5500,5250
Tamil Nadu,The Nilgiris,Coonoor(Uzhavar Sandhai ),Ridgeguard(Tori),Ridgeguard(Tori),Local,26/08/2026,4500,5000,4750
Tamil Nadu,The Nilgiris,Coonoor(Uzhavar Sandhai ),Turnip,Turnip,Local,26/08/2026,3500,4000,3750
Tamil Nadu,The Nilgiris,Gudalur(Uzhavar Sandhai ),Onion,Bellary,Local,26/08/2026,5500,6000,5750
Tamil Nadu,The Nilgiris,Gudalur(Uzhavar Sandhai ),Potato,Red Nanital,Local,26/08/2026,5000,5500,5250
Tamil Nadu,The Nilgiris,Gudalur(Uzhavar Sandhai ),Coriander(Leaves),I Sort,Local,26/08/2026,6000,7000,6500
Tamil Nadu,The Nilgiris,Gudalur(Uzhavar Sandhai ),Tomato,Deshi,Local,26/08/2026,1500,2000,1750
Tamil Nadu,The Nilgiris,Gudalur(Uzhavar Sandhai ),Bhindi(Ladies Finger),Bhindi,Local,26/08/2026,4500,5000,4750
Tamil Nadu,The Nilgiris,Gudalur(Uzhavar Sandhai ),Amaranthus,Amaranthus,Local,26/08/2026,5000,6000,5500
Tamil Nadu,The Nilgiris,Gudalur(Uzhavar Sandhai ),Cowpea(Veg),Cowpea (Veg),Local,26/08/2026,3500,4000,3750
Tamil Nadu,The Nilgiris,Gudalur(Uzhavar Sandhai ),Beans,Beans (Whole),Local,26/08/2026,8000,9000,8500
Tamil Nadu,The Nilgiris,Gudalur(Uzhavar Sandhai ),Snakeguard,Snakeguard,Local,26/08/2026,3500,4000,3750
Tamil Nadu,The Nilgiris,Gudalur(Uzhavar Sandhai ),Thondekai,Thondekai,Local,26/08/2026,4000,4500,4250
Tamil Nadu,The Nilgiris,Gudalur(Uzhavar Sandhai ),Capsicum,Capsicum,Local,26/08/2026,6000,7000,6500
Himachal Pradesh,Chamba,PMY Chamba,Guava,Guava,Medium,26/08/2026,9000,10000,9500
Himachal Pradesh,Chamba,PMY Chamba,Brinjal,Brinjal,Medium,26/08/2026,2500,3000,2750
Himachal Pradesh,Chamba,PMY Chamba,Ginger(Green),Other,Medium,26/08/2026,10000,12000,11000
Himachal Pradesh,Chamba,PMY Chamba,Capsicum,Capsicum,Medium,26/08/2026,4000,4500,4250
Himachal Pradesh,Kullu,SMY Bhuntar,Cauliflower,Other,FAQ,26/08/2026,2500,4000,3500
Himachal Pradesh,Kullu,SMY Bhuntar,Cucumbar(Kheera),Other,FAQ,26/08/2026,2000,4500,3500
Himachal Pradesh,Kullu,SMY Bhuntar,Carrot,Other,FAQ,26/08/2026,2000,3000,2500
Himachal Pradesh,Kullu,SMY Bhuntar,Karbuja(Musk Melon),Other,Medium,26/08/2026,8000,9000,8500
Himachal Pradesh,Mandi,SMY Dhanotu,Bitter gourd,Bitter Gourd,FAQ,26/08/2026,1000,1500,1250
Himachal Pradesh,Mandi,SMY Dhanotu,Cauliflower,Cauliflower,FAQ,26/08/2026,4500,5000,4750
Himachal Pradesh,Mandi,SMY Dhanotu,Ginger(Green),Green Ginger,FAQ,26/08/2026,12000,15000,13500
Himachal Pradesh,Mandi,SMY Dhanotu,Onion,Onion,FAQ,26/08/2026,3500,4500,4000
Himachal Pradesh,Mandi,SMY Dhanotu,Tomato,Tomato,FAQ,26/08/2026,1500,2400,1950
Himachal Pradesh,Mandi,SMY Dhanotu,Pomegranate,Pomogranate,Medium,26/08/2026,10000,15000,12500
Himachal Pradesh,Mandi,SMY Dhanotu,Banana,Other,Medium,26/08/2026,4000,4200,4100
Himachal Pradesh,Sirmore,SMY Nahan,Bottle gourd,Bottle Gourd,FAQ,26/08/2026,2000,2200,2100
Himachal Pradesh,Sirmore,SMY Nahan,Capsicum,Capsicum,FAQ,26/08/2026,4500,5000,4800
Himachal Pradesh,Sirmore,SMY Nahan,Brinjal,Other,FAQ,26/08/2026,2000,2500,2200
Himachal Pradesh,Sirmore,SMY Nahan,Cabbage,Cabbage,FAQ,26/08/2026,2000,2500,2200
Himachal Pradesh,Sirmore,SMY Nahan,Pumpkin,Other,FAQ,26/08/2026,1500,1800,1600
Himachal Pradesh,Sirmore,SMY Nahan,Potato,Other,FAQ,26/08/2026,1400,1600,1500
Himachal Pradesh,Kangra,SMY Palampur,Pomegranate,Pomogranate,Medium,26/08/2026,7000,15000,11000
Himachal Pradesh,Kangra,SMY Palampur,Apple,Kullu Delicious,Medium,26/08/2026,3000,15000,10000
Himachal Pradesh,Kangra,SMY Palampur,Cucumbar(Kheera),Cucumbar,FAQ,26/08/2026,2800,4000,3200
Himachal Pradesh,Kangra,SMY Palampur,Coriander(Leaves),Coriander,FAQ,26/08/2026,10000,15000,12500
Haryana,Kurukshetra,Thanesar APMC,Pomegranate,Pomogranate,Medium,26/08/2026,6000,10000,8000
Haryana,Kurukshetra,Thanesar APMC,Guava,Guava,Medium,26/08/2026,1000,3000,2000
Haryana,Kurukshetra,Thanesar APMC,Capsicum,Capsicum,Local,26/08/2026,4000,6000,5000
Haryana,Kurukshetra,Thanesar APMC,Cauliflower,Cauliflower,Local,26/08/2026,3000,5000,4000
Haryana,Kurukshetra,Thanesar APMC,Cluster beans,Cluster Beans,Medium,26/08/2026,4000,6000,5000
Haryana,Kurukshetra,Thanesar APMC,Green Chilli,Green Chilly,Local,26/08/2026,3000,4000,3500
Haryana,Kurukshetra,Thanesar APMC,Coriander(Leaves),Coriander,Local,26/08/2026,4000,6000,5000
Gujarat,Ahmedabad,Sanad APMC,Wheat,Sharbati,FAQ,26/08/2026,2575,2575,2575
Punjab,Tarntaran,Patti APMC,Potato,Potato,Local,26/08/2026,0.24,0.24,0.24
Punjab,Tarntaran,Patti APMC,Apple,Other,Grade B,26/08/2026,2600,2600,2600
Uttarakhand,Dehradoon,Vikasnagar APMC,Banana,Other,Medium,26/08/2026,700,700,700
Uttarakhand,Dehradoon,Vikasnagar APMC,Pomegranate,Other,Medium,26/08/2026,4500,4500,4500
Uttarakhand,Dehradoon,Vikasnagar APMC,Papaya,Papaya,Medium,26/08/2026,1500,1600,1600
Uttarakhand,Dehradoon,Vikasnagar APMC,Bhindi(Ladies Finger),Other,Medium,26/08/2026,800,1200,1200
Uttarakhand,Dehradoon,Vikasnagar APMC,Cabbage,Cabbage,Medium,26/08/2026,1200,1500,1500
Uttarakhand,Dehradoon,Vikasnagar APMC,Brinjal,Other,Medium,26/08/2026,800,800,800
Punjab,Mohali,Lalru APMC,Cucumbar(Kheera),Other,Local,26/08/2026,2500,2500,2500
Telangana,Nalgonda,Venkateswarnagar APMC,Bitter gourd,Bitter Gourd,Local,26/08/2026,2000,2500,2300
Telangana,Nalgonda,Venkateswarnagar APMC,Cabbage,Cabbage,Grade A,26/08/2026,1000,1200,1100
Telangana,Hyderabad,Gudimalkapur APMC,Banana - Green,Banana - Green,Grade B,26/08/2026,2000,3000,2500
Telangana,Hyderabad,Gudimalkapur APMC,Raddish,Raddish,Grade B,26/08/2026,1000,1500,1200
Haryana,Hissar,Hansi APMC,Bhindi(Ladies Finger),Other,FAQ,26/08/2026,1500,2000,1750
Haryana,Hissar,Hansi APMC,Tomato,Other,FAQ,26/08/2026,2500,3500,3000
Haryana,Hissar,Hansi APMC,Beetroot,Other,FAQ,26/08/2026,4000,5000,4500
Haryana,Hissar,Hansi APMC,Colacasia,Other,FAQ,26/08/2026,2500,3000,2750
Haryana,Hissar,Hansi APMC,Pineapple,Other,Grade B,26/08/2026,5000,8000,6500
Haryana,Hissar,Hansi APMC,Spinach,Other,FAQ,26/08/2026,2500,3000,2750
Uttar Pradesh,Maharajganj,Partaval APMC,Rice,Common,FAQ,26/08/2026,2200,2200,2200
Gujarat,Amreli,APMC Bagasara,Wheat,Lokwan Gujrat,Local,26/08/2026,2350,2420,2385
Gujarat,Amreli,APMC Bagasara,Corriander seed,"A-1, Green",Local,26/08/2026,9000,12500,10750
Uttarakhand,Haridwar,Lakshar APMC,Wheat,Other,Local,26/08/2026,2585,2600,2590
Nagaland,Mon,Mon APMC,Hen,Local,Local,26/08/2026,560,580,570
Himachal Pradesh,Kangra,SMY Dharamshala,Apple,Apple,Medium,26/08/2026,5000,10000,7500
Himachal Pradesh,Kangra,SMY Dharamshala,Mousambi(Sweet Lime),Mousambi,Medium,26/08/2026,5000,5500,5250
Himachal Pradesh,Kangra,SMY Dharamshala,Bitter gourd,Bitter Gourd,FAQ,26/08/2026,3500,4000,3750
Himachal Pradesh,Kangra,SMY Dharamshala,Pineapple,Pine Apple,Medium,26/08/2026,4500,8500,6500
Himachal Pradesh,Kangra,SMY Dharamshala,Cabbage,Cabbage,FAQ,26/08/2026,2400,2800,2600
Himachal Pradesh,Kangra,SMY Dharamshala,Cauliflower,Cauliflower,FAQ,26/08/2026,6000,6500,6250
Himachal Pradesh,Kangra,SMY Dharamshala,French Beans(Frasbean),French Beans (Frasbean),FAQ,26/08/2026,6000,6500,6250
Himachal Pradesh,Kangra,SMY Dharamshala,Lemon,Lemon,FAQ,26/08/2026,4500,5000,4750
Himachal Pradesh,Mandi,SMY Jogindernagar,Tomato,Other,Grade B,26/08/2026,1600,2800,2200
Himachal Pradesh,Mandi,SMY Jogindernagar,Banana,Other,Grade B,26/08/2026,3000,4000,3500
Himachal Pradesh,Mandi,SMY Jogindernagar,Pomegranate,Pomogranate,Grade B,26/08/2026,5000,13000,9000
Andhra Pradesh,Prakasam,Santhamaguluru APMC,Maize,Hybrid,FAQ,26/08/2026,2400,2480,2450
Telangana,Hyderabad,RYTHU BAZAR FALAKNUMA,Ridgeguard(Tori),Ridgeguard(Tori),Grade A,26/08/2026,3500,3500,3500
Telangana,Hyderabad,RYTHU BAZAR FALAKNUMA,Tomato,Tomato,Local,26/08/2026,1900,1900,1900
Telangana,Hyderabad,RYTHU BAZAR FALAKNUMA,Ladies Finger,Ladies Finger,Grade A,26/08/2026,3500,3500,3500
Telangana,Hyderabad,RYTHU BAZAR FALAKNUMA,Green Chilli,Green Chilly,Grade A,26/08/2026,3700,3700,3700
Telangana,Hyderabad,RYTHU BAZAR FALAKNUMA,Cauliflower,Cauliflower,Grade A,26/08/2026,2300,2300,2300
Telangana,Hyderabad,RYTHU BAZAR FALAKNUMA,Leafy Vegetable,Leafy Vegetables,Grade A,26/08/2026,3000,3000,3000
Telangana,Hyderabad,RYTHU BAZAR FALAKNUMA,Beetroot,Beetroot,Grade A,26/08/2026,3200,3200,3200
Telangana,Hyderabad,RYTHU BAZAR FALAKNUMA,Drumstick,Drumstick,Grade A,26/08/2026,4000,4000,4000
Odisha,Rayagada,Gunpur APMC,Brinjal,Round,Local,26/08/2026,6240,6600,6480
Punjab,Bhatinda,Bhagta Bhai Ka APMC,Onion,Other,Medium,26/08/2026,4500,4500,4500
Punjab,Bhatinda,Bhagta Bhai Ka APMC,Potato,Other,Medium,26/08/2026,900,900,900
Punjab,Bhatinda,Bhagta Bhai Ka APMC,Green Chilli,Other,Medium,26/08/2026,4100,4100,4100
Punjab,Fazilka,Fazilka APMC,Tomato,Tomato,FAQ,26/08/2026,2000,2000,2000
Punjab,Fazilka,Fazilka APMC,Cucumbar(Kheera),Cucumbar,FAQ,26/08/2026,4000,4000,4000
Punjab,Fazilka,Fazilka APMC,Bhindi(Ladies Finger),Bhindi,FAQ,26/08/2026,4000,4000,4000
Haryana,Kurukshetra,Shahabad APMC,Water Melon,Water Melon,Medium,26/08/2026,1500,3230,1600
Haryana,Kurukshetra,Shahabad APMC,Tomato,Tomato,Medium,26/08/2026,1400,2000,1800
Haryana,Kurukshetra,Shahabad APMC,Mango,Other,Medium,26/08/2026,7000,8000,7500
Haryana,Kurukshetra,Shahabad APMC,Mousambi(Sweet Lime),Mousambi,Medium,26/08/2026,2500,3000,2800
Haryana,Kurukshetra,Shahabad APMC,Green Chilli,Green Chilly,Medium,26/08/2026,2000,3000,2500
Haryana,Kurukshetra,Shahabad APMC,Tinda,Tinda,Medium,26/08/2026,4000,4000,4000
Haryana,Kurukshetra,Shahabad APMC,Cauliflower,Cauliflower,Medium,26/08/2026,3500,5500,4500
Haryana,Kurukshetra,Shahabad APMC,Capsicum,Capsicum,Medium,26/08/2026,3000,3500,3200
Haryana,Kurukshetra,Shahabad APMC,Cucumbar(Kheera),Cucumbar,Medium,26/08/2026,1200,3000,2500
Haryana,Rewari,Kosli APMC,Cabbage,Other,FAQ,26/08/2026,2000,2000,2000
Haryana,Rewari,Kosli APMC,Potato,Other,FAQ,26/08/2026,1000,1000,1000
Haryana,Rewari,Kosli APMC,Banana,Other,Medium,26/08/2026,2000,2000,2000
Haryana,Rewari,Kosli APMC,Bottle gourd,Bottle Gourd,FAQ,26/08/2026,1000,1500,1200
Haryana,Sirsa,Sirsa APMC,Onion,Other,FAQ,26/08/2026,3000,4400,3400
Haryana,Sirsa,Sirsa APMC,Cucumbar(Kheera),Other,FAQ,26/08/2026,1700,4000,3500
Haryana,Sirsa,Sirsa APMC,Apple,Other,Medium,26/08/2026,4000,12000,8000
Punjab,Gurdaspur,Dera Baba Nanak APMC,Bhindi(Ladies Finger),Bhindi,Grade A,26/08/2026,767,767,767
Punjab,Gurdaspur,Quadian APMC,Mousambi(Sweet Lime),Other,Grade A,26/08/2026,4800,5000,4900
Punjab,Gurdaspur,Quadian APMC,Banana,Other,Grade A,26/08/2026,2800,3000,2900
Punjab,Gurdaspur,Quadian APMC,Carrot,Other,Grade A,26/08/2026,2300,2500,2400
Punjab,Gurdaspur,Quadian APMC,Cabbage,Other,Grade A,26/08/2026,1800,2000,1900
Punjab,Gurdaspur,Quadian APMC,Potato,Other,Grade A,26/08/2026,400,600,500
Punjab,Hoshiarpur,GarhShankar (Kotfatuhi) APMC,Tomato,Other,FAQ,26/08/2026,1800,1800,1800
Punjab,Jalandhar,Noor Mehal APMC,Raddish,Other,Local,26/08/2026,2000,2000,2000
Keralam,Kollam,Anchal Market,Carrot,Carrot,Local,26/08/2026,5400,5400,5400
Keralam,Kollam,Anchal Market,Banana,Nendra Bale,Local,26/08/2026,7800,7800,7800
Keralam,Kollam,Anchal Market,Amaranthus,Amaranthus,Medium,26/08/2026,4700,4700,4700
Keralam,Kollam,Anchal Market,Elephant Yam(Suran)/Amorphophallus,Elephant Yam (Suran),Local,26/08/2026,4800,4800,4800
Keralam,Kollam,Anchal Market,Tomato,Tomato,Local,26/08/2026,4000,4000,4000
Rajasthan,Ganganagar,Sriganganagar (F&V) APMC,Carrot,Carrot,Grade C,26/08/2026,2800,3200,3000
Rajasthan,Ganganagar,Sriganganagar (F&V) APMC,Pointed gourd(Parval),Pointed gourd (Parval),Local,26/08/2026,1300,1700,1500
Rajasthan,Ganganagar,Sriganganagar (F&V) APMC,Cucumbar(Kheera),Cucumbar,Medium,26/08/2026,2100,2500,2300
Rajasthan,Ganganagar,Sriganganagar (F&V) APMC,Brinjal,Brinjal,Local,26/08/2026,1400,1800,1600
Rajasthan,Ganganagar,Sriganganagar (F&V) APMC,Plum,Other,Grade B,26/08/2026,8300,8700,8500
Rajasthan,Ganganagar,Sriganganagar (F&V) APMC,Capsicum,Capsicum,Grade B,26/08/2026,2800,3200,3000
Rajasthan,Ganganagar,Sriganganagar (F&V) APMC,Cauliflower,Cauliflower,Grade A,26/08/2026,4000,4400,4200
Rajasthan,Ganganagar,Sriganganagar (F&V) APMC,Bitter gourd,Bitter Gourd,Grade B,26/08/2026,3800,4200,4000
Rajasthan,Ganganagar,Sriganganagar (F&V) APMC,Beetroot,Beetroot,Grade B,26/08/2026,3000,3400,3200
Rajasthan,Ganganagar,Sriganganagar (F&V) APMC,Tomato,Tomato,Medium,26/08/2026,2800,3200,3000
Rajasthan,Jhunjhunu,Nawalgarh APMC,Onion,Red,Local,26/08/2026,2260,2260,2260
Rajasthan,Jhunjhunu,Surajgarh APMC,Mustard,Other,FAQ,26/08/2026,7500,7500,7500
Rajasthan,Jalore,Jalore APMC,Beetroot,Other,Local,26/08/2026,1800,2200,2000
Rajasthan,Jalore,Jalore APMC,Brinjal,Brinjal,Local,26/08/2026,1500,1800,1600
Rajasthan,Jalore,Jalore APMC,Tomato,Tomato,Local,26/08/2026,2000,2400,2200
Rajasthan,Jalore,Jalore APMC,Ginger(Green),Other,Local,26/08/2026,4500,5000,4800
Rajasthan,Jalore,Jalore APMC,Potato,Potato,Local,26/08/2026,1200,1500,1300
Punjab,Ludhiana,Khanna APMC,Cabbage,Other,Grade A,26/08/2026,800,800,800
Punjab,Ludhiana,Khanna APMC,Cucumbar(Kheera),Cucumbar,Grade A,26/08/2026,1500,1500,1500
Punjab,Ludhiana,Khanna APMC,Bottle gourd,Other,Grade A,26/08/2026,1200,1200,1200
Odisha,Bolangir,Kantabaji APMC,Pumpkin,Other,Grade B,26/08/2026,1100,1500,1300
Odisha,Bolangir,Kantabaji APMC,Cauliflower,Other,Grade B,26/08/2026,4500,5500,5000
Odisha,Bolangir,Kantabaji APMC,Tomato,Other,Grade B,26/08/2026,2500,3500,3000
Andhra Pradesh,Nandyal,Atmakur (Nandyal District) APMC,Paddy(Common),Sona,FAQ,26/08/2026,2580,2580,2580
Punjab,Moga,Baghapurana APMC,Brinjal,Brinjal,Grade B,26/08/2026,1500,2500,2000
Punjab,Moga,Baghapurana APMC,Green Chilli,Green Chilly,Grade B,26/08/2026,2000,3000,2500
Punjab,Moga,Baghapurana APMC,Bottle gourd,Other,Grade B,26/08/2026,2250,3000,2500
Punjab,Moga,Baghapurana APMC,Cucumbar(Kheera),Cucumbar,Grade B,26/08/2026,2000,3000,2500
Punjab,Patiala,Ghanaur APMC,Tomato,Other,FAQ,26/08/2026,1800,2000,1900
Punjab,Patiala,Ghanaur APMC,Potato,Other,FAQ,26/08/2026,800,1000,900
Punjab,Patiala,Nabha APMC,Mousambi(Sweet Lime),Other,Grade B,26/08/2026,2000,3300,2500
Punjab,Patiala,Nabha APMC,Garlic,Other,Grade Range-3,26/08/2026,14000,14000,14000
Punjab,Patiala,Nabha APMC,Papaya,Other,Grade B,26/08/2026,4000,4000,4000
Punjab,Patiala,Nabha APMC,Bhindi(Ladies Finger),Other,Grade C,26/08/2026,2000,3000,2400
Punjab,Patiala,Nabha APMC,Brinjal,Other,Grade C,26/08/2026,800,1300,1000
Punjab,Patiala,Nabha APMC,Ginger(Green),Other,Grade C,26/08/2026,5000,7500,6200
Punjab,Patiala,Nabha APMC,Tomato,Other,Grade C,26/08/2026,1400,2400,1800
Punjab,Patiala,Patiala APMC,Apple,Other,Grade A,26/08/2026,10000,12000,11000
Punjab,Patiala,Patiala APMC,Mousambi(Sweet Lime),Other,Grade A,26/08/2026,3600,4400,4000
Punjab,Ropar (Rupnagar),Chamkaur Sahib APMC,Green Chilli,Green Chilly,Medium,26/08/2026,5000,5000,5000
Punjab,Ropar (Rupnagar),Chamkaur Sahib APMC,Lemon,Lemon,Medium,26/08/2026,7000,7000,7000
Punjab,Ropar (Rupnagar),Chamkaur Sahib APMC,Peas Wet,Other,Medium,26/08/2026,8000,8000,8000
Punjab,Ropar (Rupnagar),Chamkaur Sahib APMC,Banana,Other,Medium,26/08/2026,3000,3000,3000
Punjab,Ropar (Rupnagar),Chamkaur Sahib APMC,Pomegranate,Other,Medium,26/08/2026,9000,9000,9000
Punjab,Ropar (Rupnagar),Ropar APMC,Mango,Other,Medium,26/08/2026,6000,6500,6200
Punjab,Ropar (Rupnagar),Ropar APMC,Garlic,Desi,Local,26/08/2026,12000,13000,12500
Punjab,Ropar (Rupnagar),Ropar APMC,French Beans(Frasbean),French Beans (Frasbean),FAQ,26/08/2026,4000,4400,4200
Punjab,Ropar (Rupnagar),Ropar APMC,Onion,Nasik,Non-FAQ,26/08/2026,3800,4200,4000
Punjab,Sangrur,Ahmedgarh APMC,Tomato,Local,Medium,26/08/2026,2500,2800,2800
Punjab,Sangrur,Ahmedgarh APMC,Green Chilli,Green Chilly,Local,26/08/2026,4500,5000,5000
Karnataka,Chamarajanagar,Chamarajanagar APMC,Knool Khol,Knool Khol,Local,26/08/2026,1800,3000,2400
Karnataka,Chamarajanagar,Chamarajanagar APMC,Beans,Beans (Whole),Local,26/08/2026,3500,4500,4000
Gujarat,Porbandar,Porbandar APMC,"Sesamum(Sesame,Gingelly,Til)",Black,FAQ,26/08/2026,9375,10500,9935
Gujarat,Porbandar,Porbandar APMC,Brinjal,Arkasheela Mattigulla,Local,26/08/2026,1500,3000,2250
Gujarat,Porbandar,Porbandar APMC,Guar,Gwar,Local,26/08/2026,7000,10000,8500
Gujarat,Porbandar,Porbandar APMC,Potato,Red Nanital,Non-FAQ,26/08/2026,1000,1500,1250
Andhra Pradesh,East Godavari,Anaparthy APMC,Paddy(Common),Paddy,FAQ,26/08/2026,2369,2560,2369
Tamil Nadu,Thirupur,Tiruppur (South) (Uzhavar Sandhai ),Banana,Red Banana,Local,26/08/2026,5000,6000,5500
Tamil Nadu,Thirupur,Tiruppur (South) (Uzhavar Sandhai ),Cluster beans,Cluster Beans,Local,26/08/2026,3000,4000,3500
Tamil Nadu,Thirupur,Tiruppur (South) (Uzhavar Sandhai ),Pumpkin,Pumpkin,Local,26/08/2026,1500,2000,1750
Tamil Nadu,Thirupur,Tiruppur (South) (Uzhavar Sandhai ),Bhindi(Ladies Finger),Bhindi,Local,26/08/2026,4000,5000,4500
Tamil Nadu,Thirupur,Tiruppur (South) (Uzhavar Sandhai ),Carrot,Pusakesar,Local,26/08/2026,5000,6000,5500
Tamil Nadu,Thirupur,Tiruppur (South) (Uzhavar Sandhai ),Snakeguard,Snakeguard,Local,26/08/2026,2500,3000,2750
Tamil Nadu,Erode,Perundurai(Uzhavar Sandhai ),Potato,Other,Local,26/08/2026,3200,3500,3350
Tamil Nadu,Erode,Perundurai(Uzhavar Sandhai ),Cauliflower,Ranchi,Local,26/08/2026,3000,3400,3200
Tamil Nadu,Erode,Perundurai(Uzhavar Sandhai ),Bottle gourd,Bottle Gourd,Local,26/08/2026,1500,1800,1650
Tamil Nadu,Erode,Perundurai(Uzhavar Sandhai ),Amaranthus,Amaranthus,Local,26/08/2026,4000,4400,4200
Tamil Nadu,Erode,Perundurai(Uzhavar Sandhai ),Snakeguard,Snakeguard,Local,26/08/2026,3500,4000,3750
Tamil Nadu,Erode,Perundurai(Uzhavar Sandhai ),Raddish,Raddish,Local,26/08/2026,2400,2600,2500
Tamil Nadu,Erode,Perundurai(Uzhavar Sandhai ),Elephant Yam(Suran)/Amorphophallus,Elephant Yam (Suran),Local,26/08/2026,2500,2800,2650
Tamil Nadu,Erode,Perundurai(Uzhavar Sandhai ),Onion Green,Onion Green,Local,26/08/2026,6500,7000,6750
Tamil Nadu,Dharmapuri,Dharmapuri(Uzhavar Sandhai ),Banana,Besrai,Local,26/08/2026,5200,5500,5350
Tamil Nadu,Dharmapuri,Dharmapuri(Uzhavar Sandhai ),Potato,Red Nanital,Local,26/08/2026,2600,2800,2700
Tamil Nadu,Dharmapuri,Dharmapuri(Uzhavar Sandhai ),Cauliflower,Ranchi,Local,26/08/2026,3600,4000,3800
Tamil Nadu,Dharmapuri,Dharmapuri(Uzhavar Sandhai ),Tomato,Local,Local,26/08/2026,1800,2000,1900
Tamil Nadu,Dharmapuri,Dharmapuri(Uzhavar Sandhai ),Bitter gourd,Bitter Gourd,Local,26/08/2026,3600,4000,3800
Tamil Nadu,Dharmapuri,Dharmapuri(Uzhavar Sandhai ),Snakeguard,Snakeguard,Local,26/08/2026,2600,2800,2700
Tamil Nadu,Dharmapuri,Dharmapuri(Uzhavar Sandhai ),Drumstick,Drumstick,Local,26/08/2026,3600,4000,3800
Tamil Nadu,Dharmapuri,Dharmapuri(Uzhavar Sandhai ),Guava,Guava Allahabad,Local,26/08/2026,5500,6000,5750
Tamil Nadu,Dharmapuri,Dharmapuri(Uzhavar Sandhai ),Marigold(Calcutta),Marigold(Calcutta),Local,26/08/2026,12000,13000,12500
Tamil Nadu,Dharmapuri,Dharmapuri(Uzhavar Sandhai ),Elephant Yam(Suran)/Amorphophallus,Elephant Yam (Suran),Local,26/08/2026,6200,6400,6300
Tamil Nadu,Dharmapuri,Dharmapuri(Uzhavar Sandhai ),Yam(Ratalu),Yam (Ratalu),Local,26/08/2026,7500,8000,7750
Tamil Nadu,Dharmapuri,Dharmapuri(Uzhavar Sandhai ),Mashrooms,Mashrooms,Local,26/08/2026,12000,13000,12500
Tamil Nadu,Dharmapuri,Dharmapuri(Uzhavar Sandhai ),Onion Green,Onion Green,Local,26/08/2026,5500,6000,5750
Tamil Nadu,Dharmapuri,Palacode(Uzhavar Sandhai ),Garlic,Garlic,Local,26/08/2026,21600,22000,21800
Tamil Nadu,Dharmapuri,Palacode(Uzhavar Sandhai ),Brinjal,Other,Local,26/08/2026,2600,3000,2800
Tamil Nadu,Dharmapuri,Palacode(Uzhavar Sandhai ),Papaya,Papaya,Local,26/08/2026,3000,3500,3250
Tamil Nadu,Dharmapuri,Palacode(Uzhavar Sandhai ),Green Chilli,Green Chilly,Local,26/08/2026,4600,5000,4800
Tamil Nadu,Dharmapuri,Palacode(Uzhavar Sandhai ),Cucumbar(Kheera),Cucumbar,Local,26/08/2026,4200,4600,4400
Tamil Nadu,Dharmapuri,Palacode(Uzhavar Sandhai ),Capsicum,Capsicum,Local,26/08/2026,7500,8000,7750
Tamil Nadu,Dharmapuri,Palacode(Uzhavar Sandhai ),Guava,Guava Allahabad,Local,26/08/2026,5500,6000,5750
Tamil Nadu,Dharmapuri,Palacode(Uzhavar Sandhai ),Amla(Nelli Kai),Amla,Local,26/08/2026,8500,9000,8750
Tamil Nadu,Dharmapuri,Pennagaram(Uzhavar Sandhai ),Sweet Corn ,Sweet Corn ,Local,26/08/2026,1800,2000,1900
Tamil Nadu,Dharmapuri,Pennagaram(Uzhavar Sandhai ),Garlic,Garlic,Local,26/08/2026,21000,22000,21500
Tamil Nadu,Dharmapuri,Pennagaram(Uzhavar Sandhai ),Brinjal,Round,Local,26/08/2026,3500,3800,3650
Tamil Nadu,Dharmapuri,Pennagaram(Uzhavar Sandhai ),Bottle gourd,Bottle Gourd,Local,26/08/2026,2200,2400,2300
Tamil Nadu,Dharmapuri,Pennagaram(Uzhavar Sandhai ),Cowpea(Veg),Cowpea (Veg),Local,26/08/2026,5500,6000,5750
Tamil Nadu,Dharmapuri,Pennagaram(Uzhavar Sandhai ),Beans,Beans (Whole),Local,26/08/2026,7500,8000,7750
Tamil Nadu,Dharmapuri,Pennagaram(Uzhavar Sandhai ),Green Avare(W),Green Avare (W),Local,26/08/2026,6500,7000,6750
Tamil Nadu,Dindigul,Chinnalapatti(Uzhavar Sandhai ),Potato,Red Nanital,Local,26/08/2026,4000,6000,5000
Tamil Nadu,Dindigul,Chinnalapatti(Uzhavar Sandhai ),Cauliflower,Ranchi,Local,26/08/2026,4000,5000,4500
Tamil Nadu,Dindigul,Chinnalapatti(Uzhavar Sandhai ),Brinjal,Other,Local,26/08/2026,6000,7000,6500
Tamil Nadu,Dindigul,Chinnalapatti(Uzhavar Sandhai ),Coriander(Leaves),I Sort,Local,26/08/2026,3000,3500,3250
Tamil Nadu,Dindigul,Chinnalapatti(Uzhavar Sandhai ),Bottle gourd,Bottle Gourd,Local,26/08/2026,2500,3000,2750
Tamil Nadu,Dindigul,Chinnalapatti(Uzhavar Sandhai ),Cabbage,Cabbage,Local,26/08/2026,3600,4000,3800
Tamil Nadu,Dindigul,Chinnalapatti(Uzhavar Sandhai ),Beetroot,Beetroot,Local,26/08/2026,6000,8000,7000
Tamil Nadu,Dindigul,Chinnalapatti(Uzhavar Sandhai ),Thondekai,Thondekai,Local,26/08/2026,3600,4000,3800
Tamil Nadu,Dindigul,Chinnalapatti(Uzhavar Sandhai ),Drumstick,Drumstick,Local,26/08/2026,2800,3000,2900
Tamil Nadu,Dindigul,Chinnalapatti(Uzhavar Sandhai ),Lemon,Lemon,Local,26/08/2026,6000,10000,8000
Tamil Nadu,Dindigul,Dindigul(Uzhavar Sandhai ),Potato,Other,Local,26/08/2026,4000,5000,4500
Tamil Nadu,Dindigul,Dindigul(Uzhavar Sandhai ),Cauliflower,Ranchi,Local,26/08/2026,4000,5000,4500
Tamil Nadu,Dindigul,Dindigul(Uzhavar Sandhai ),Coriander(Leaves),I Sort,Local,26/08/2026,3000,3500,3250
Tamil Nadu,Dindigul,Dindigul(Uzhavar Sandhai ),Tomato,Deshi,Local,26/08/2026,1500,2000,1750
Tamil Nadu,Dindigul,Dindigul(Uzhavar Sandhai ),Carrot,Pusakesar,Local,26/08/2026,7000,9000,8000
Tamil Nadu,Dindigul,Dindigul(Uzhavar Sandhai ),Beetroot,Beetroot,Local,26/08/2026,6000,8000,7000
Tamil Nadu,Dindigul,Dindigul(Uzhavar Sandhai ),Raddish,Raddish,Local,26/08/2026,3000,4000,3500
Tamil Nadu,Dindigul,Dindigul(Uzhavar Sandhai ),Lime,Lime,Local,26/08/2026,12000,14000,13000
Tamil Nadu,Dindigul,Dindigul(Uzhavar Sandhai ),Guava,Guava Allahabad,Local,26/08/2026,5000,6000,5500
Tamil Nadu,Erode,Periyar Nagar(Uzhavar Sandhai ),Bottle gourd,Bottle Gourd,Local,26/08/2026,1500,2000,1750
Tamil Nadu,Erode,Periyar Nagar(Uzhavar Sandhai ),Ashgourd,Gouard,Local,26/08/2026,2000,2400,2200
Tamil Nadu,Erode,Periyar Nagar(Uzhavar Sandhai ),Bhindi(Ladies Finger),Bhindi,Local,26/08/2026,3500,3800,3650
Tamil Nadu,Erode,Periyar Nagar(Uzhavar Sandhai ),Green Chilli,Green Chilly,Local,26/08/2026,4000,4200,4100
Tamil Nadu,Erode,Periyar Nagar(Uzhavar Sandhai ),Cowpea(Veg),Cowpea (Veg),Local,26/08/2026,3000,3500,3250
Tamil Nadu,Erode,Periyar Nagar(Uzhavar Sandhai ),Banana - Green,Banana - Green,Local,26/08/2026,3000,3500,3250
Tamil Nadu,Erode,Periyar Nagar(Uzhavar Sandhai ),Amla(Nelli Kai),Amla,Local,26/08/2026,9000,9500,9250
Tamil Nadu,Erode,Periyar Nagar(Uzhavar Sandhai ),Mint(Pudina),Mint(Pudina),Local,26/08/2026,3500,4000,3750
Tamil Nadu,Kallakuruchi,Sankarapuram(Uzhavar Sandhai ),Mango,Neelam,Local,26/08/2026,5000,5000,5000
Tamil Nadu,Kallakuruchi,Sankarapuram(Uzhavar Sandhai ),Onion,Bellary,Local,26/08/2026,6000,6000,6000
Tamil Nadu,Kallakuruchi,Sankarapuram(Uzhavar Sandhai ),Chikoos(Sapota),Sapota,Local,26/08/2026,5000,5000,5000
Tamil Nadu,Kallakuruchi,Sankarapuram(Uzhavar Sandhai ),Papaya,Papaya,Local,26/08/2026,3000,3000,3000
Tamil Nadu,Kallakuruchi,Sankarapuram(Uzhavar Sandhai ),Bhindi(Ladies Finger),Bhindi,Local,26/08/2026,3000,3000,3000
Tamil Nadu,Kallakuruchi,Sankarapuram(Uzhavar Sandhai ),Green Chilli,Green Chilly,Local,26/08/2026,6000,6000,6000
Tamil Nadu,Kallakuruchi,Sankarapuram(Uzhavar Sandhai ),Banana - Green,Banana - Green,Local,26/08/2026,3000,3000,3000
Tamil Nadu,Kallakuruchi,Sankarapuram(Uzhavar Sandhai ),Coconut,Coconut,Local,26/08/2026,6000,6000,6000
Tamil Nadu,Kallakuruchi,Sankarapuram(Uzhavar Sandhai ),Mango(Raw-Ripe),Mango - Raw-Ripe,Local,26/08/2026,5000,5000,5000
Tamil Nadu,Kancheepuram,Kancheepuram(Uzhavar Sandhai ),Bhindi(Ladies Finger),Bhindi,Local,26/08/2026,3000,3500,3250
Tamil Nadu,Kancheepuram,Kancheepuram(Uzhavar Sandhai ),Raddish,Raddish,Local,26/08/2026,3000,3500,3250
Tamil Nadu,Kancheepuram,Kundrathur(Uzhavar Sandhai ),Apple,American,Local,26/08/2026,16000,18000,17000
Tamil Nadu,Kancheepuram,Kundrathur(Uzhavar Sandhai ),Tomato,Other,Local,26/08/2026,2400,2400,2400
Tamil Nadu,Kancheepuram,Kundrathur(Uzhavar Sandhai ),Bitter gourd,Bitter Gourd,Local,26/08/2026,4000,4000,4000
Tamil Nadu,Kancheepuram,Kundrathur(Uzhavar Sandhai ),Bottle gourd,Bottle Gourd,Local,26/08/2026,3000,3000,3000
Tamil Nadu,Kancheepuram,Kundrathur(Uzhavar Sandhai ),Green Chilli,Green Chilly,Local,26/08/2026,5000,5000,5000
Tamil Nadu,Kancheepuram,Kundrathur(Uzhavar Sandhai ),Colacasia,Colacasia,Local,26/08/2026,3000,3000,3000
Tamil Nadu,Kancheepuram,Padappai(Uzhavar Sandhai ),Coriander(Leaves),I Sort,Local,26/08/2026,4000,5000,4500
Tamil Nadu,Kancheepuram,Padappai(Uzhavar Sandhai ),Bhindi(Ladies Finger),Bhindi,Local,26/08/2026,2500,3000,2750
Tamil Nadu,Kancheepuram,Padappai(Uzhavar Sandhai ),Banana - Green,Banana - Green,Local,26/08/2026,4000,4500,4250
Tamil Nadu,Kancheepuram,Padappai(Uzhavar Sandhai ),Ridgeguard(Tori),Ridgeguard(Tori),Local,26/08/2026,3500,4500,4000
Tamil Nadu,Kancheepuram,Padappai(Uzhavar Sandhai ),Raddish,Raddish,Local,26/08/2026,3000,3500,3250
Tamil Nadu,Kancheepuram,Padappai(Uzhavar Sandhai ),Sweet Corn ,Sweet Corn ,Local,26/08/2026,3000,4000,3500
Tamil Nadu,Kancheepuram,Sunguvarchatram(Uzhavar Sandhai ),Onion,Bellary,Local,26/08/2026,4000,4000,4000
Tamil Nadu,Kancheepuram,Sunguvarchatram(Uzhavar Sandhai ),Cauliflower,Ranchi,Local,26/08/2026,3000,3000,3000
Tamil Nadu,Kancheepuram,Sunguvarchatram(Uzhavar Sandhai ),Tomato,Other,Local,26/08/2026,2200,2200,2200
Tamil Nadu,Kancheepuram,Sunguvarchatram(Uzhavar Sandhai ),Raddish,Raddish,Local,26/08/2026,3000,3000,3000
Tamil Nadu,Krishnagiri,Avallapalli(Uzhavar Sandhai ),Papaya,Papaya,Local,26/08/2026,3500,4000,3750
Tamil Nadu,Krishnagiri,Avallapalli(Uzhavar Sandhai ),Bitter gourd,Bitter Gourd,Local,26/08/2026,4000,4500,4250
Tamil Nadu,Krishnagiri,Avallapalli(Uzhavar Sandhai ),Ashgourd,Gouard,Local,26/08/2026,2000,2500,2250
Tamil Nadu,Krishnagiri,Avallapalli(Uzhavar Sandhai ),Tapioca,Tapioca,Local,26/08/2026,3500,4000,3750
Tamil Nadu,Krishnagiri,Avallapalli(Uzhavar Sandhai ),Chow Chow,Chow Chow,Local,26/08/2026,2000,2500,2250
Tamil Nadu,Krishnagiri,Avallapalli(Uzhavar Sandhai ),Drumstick,Drumstick,Local,26/08/2026,3500,4000,3750
Tamil Nadu,Krishnagiri,Avallapalli(Uzhavar Sandhai ),Lemon,Lemon,Local,26/08/2026,14000,15000,14500
Tamil Nadu,Krishnagiri,Avallapalli(Uzhavar Sandhai ),Colacasia,Colacasia,Local,26/08/2026,4500,5000,4750
Tamil Nadu,Krishnagiri,Avallapalli(Uzhavar Sandhai ),Onion Green,Onion Green,Local,26/08/2026,7000,8000,7500
Tamil Nadu,Dharmapuri,Karimangalam(Uzhavar Sandhai),Onion,Bellary,Local,26/08/2026,5000,5500,5250
Tamil Nadu,Dharmapuri,Karimangalam(Uzhavar Sandhai),Tomato,Local,Local,26/08/2026,1800,2000,1900
Tamil Nadu,Dharmapuri,Karimangalam(Uzhavar Sandhai),Bottle gourd,Bottle Gourd,Local,26/08/2026,2300,2500,2400
Tamil Nadu,Dharmapuri,Karimangalam(Uzhavar Sandhai),Amaranthus,Amaranthus,Local,26/08/2026,2300,2500,2400
Tamil Nadu,Dharmapuri,Karimangalam(Uzhavar Sandhai),Ginger(Green),Green Ginger,Local,26/08/2026,22000,23000,22500
Tamil Nadu,Dharmapuri,Karimangalam(Uzhavar Sandhai),Carrot,Pusakesar,Local,26/08/2026,6200,7200,6700
Tamil Nadu,Dharmapuri,Karimangalam(Uzhavar Sandhai),Snakeguard,Snakeguard,Local,26/08/2026,2800,3000,2900
Tamil Nadu,Dharmapuri,Karimangalam(Uzhavar Sandhai),Knool Khol,Knool Khol,Local,26/08/2026,5000,5400,5200
Tamil Nadu,Krishnagiri,Denkanikottai(Uzhavar Sandhai ),Papaya,Papaya,Local,26/08/2026,3500,4000,3750
Tamil Nadu,Krishnagiri,Denkanikottai(Uzhavar Sandhai ),Cowpea(Veg),Cowpea (Veg),Local,26/08/2026,5500,6000,5750
Tamil Nadu,Krishnagiri,Denkanikottai(Uzhavar Sandhai ),Ginger(Green),Green Ginger,Local,26/08/2026,12000,15000,13500
Tamil Nadu,Krishnagiri,Denkanikottai(Uzhavar Sandhai ),Sweet Potato,Hosur Red,Local,26/08/2026,3500,4000,3750
Tamil Nadu,Krishnagiri,Denkanikottai(Uzhavar Sandhai ),Cabbage,Cabbage,Local,26/08/2026,1200,1500,1350
Tamil Nadu,Krishnagiri,Denkanikottai(Uzhavar Sandhai ),Ridgeguard(Tori),Ridgeguard(Tori),Local,26/08/2026,3500,4000,3750
Tamil Nadu,Krishnagiri,Denkanikottai(Uzhavar Sandhai ),Elephant Yam(Suran)/Amorphophallus,Elephant Yam (Suran),Local,26/08/2026,4500,5000,4750
Tamil Nadu,Krishnagiri,Hosur(Uzhavar Sandhai ),Potato,Red Nanital,Local,26/08/2026,2000,2500,2250
Tamil Nadu,Krishnagiri,Hosur(Uzhavar Sandhai ),Cauliflower,Ranchi,Local,26/08/2026,3000,3500,3250
Tamil Nadu,Krishnagiri,Hosur(Uzhavar Sandhai ),Green Peas,Green Peas,Local,26/08/2026,14000,16000,15000
Tamil Nadu,Krishnagiri,Hosur(Uzhavar Sandhai ),Tomato,Deshi,Local,26/08/2026,1500,2000,1750
Tamil Nadu,Krishnagiri,Hosur(Uzhavar Sandhai ),Ashgourd,Gouard,Local,26/08/2026,2500,3000,2750
Tamil Nadu,Krishnagiri,Hosur(Uzhavar Sandhai ),Amaranthus,Amaranthus,Local,26/08/2026,5500,6000,5750
Tamil Nadu,Krishnagiri,Hosur(Uzhavar Sandhai ),Betal Leaves,Mysore,Local,26/08/2026,10000,12000,11000
Tamil Nadu,Krishnagiri,Hosur(Uzhavar Sandhai ),Chow Chow,Chow Chow,Local,26/08/2026,2000,2500,2250
Tamil Nadu,Krishnagiri,Hosur(Uzhavar Sandhai ),Tender Coconut,Tender Coconut,Local,26/08/2026,4500,5000,4750
Tamil Nadu,Krishnagiri,Hosur(Uzhavar Sandhai ),Yam(Ratalu),Yam (Ratalu),Local,26/08/2026,4500,5000,4750
Tamil Nadu,Krishnagiri,Hosur(Uzhavar Sandhai ),Amla(Nelli Kai),Amla,Local,26/08/2026,8000,10000,9000
Tamil Nadu,Madurai,Anaiyur(Uzhavar Sandhai ),Potato,Red Nanital,Local,26/08/2026,4500,6000,5250
Tamil Nadu,Madurai,Anaiyur(Uzhavar Sandhai ),Water Melon,Water Melon,Local,26/08/2026,2000,2500,2250
Tamil Nadu,Madurai,Anaiyur(Uzhavar Sandhai ),Mousambi(Sweet Lime),Mousambi,Local,26/08/2026,7000,7500,7250
Tamil Nadu,Madurai,Anaiyur(Uzhavar Sandhai ),Bitter gourd,Bitter Gourd,Local,26/08/2026,6500,7000,6750
Tamil Nadu,Madurai,Anaiyur(Uzhavar Sandhai ),Bottle gourd,Bottle Gourd,Local,26/08/2026,2400,3000,2700
Tamil Nadu,Madurai,Anaiyur(Uzhavar Sandhai ),Banana - Green,Banana - Green,Local,26/08/2026,2000,2400,2200
Tamil Nadu,Madurai,Anaiyur(Uzhavar Sandhai ),Carrot,Pusakesar,Local,26/08/2026,5000,7000,6000
Tamil Nadu,Madurai,Anaiyur(Uzhavar Sandhai ),Cabbage,Cabbage,Local,26/08/2026,2400,2600,2500
Tamil Nadu,Madurai,Anaiyur(Uzhavar Sandhai ),Ridgeguard(Tori),Ridgeguard(Tori),Local,26/08/2026,5000,6500,5750
Tamil Nadu,Madurai,Anaiyur(Uzhavar Sandhai ),Thondekai,Thondekai,Local,26/08/2026,3600,4500,4050
Tamil Nadu,Madurai,Anaiyur(Uzhavar Sandhai ),Chow Chow,Chow Chow,Local,26/08/2026,2400,3000,2700
Tamil Nadu,Madurai,Anaiyur(Uzhavar Sandhai ),Elephant Yam(Suran)/Amorphophallus,Elephant Yam (Suran),Local,26/08/2026,4500,5000,4750
Tamil Nadu,Madurai,Usilampatti(Uzhavar Sandhai ),Onion,Bellary,Local,26/08/2026,6000,6400,6200
Tamil Nadu,Madurai,Usilampatti(Uzhavar Sandhai ),Bitter gourd,Other,Local,26/08/2026,6000,6500,6250
Tamil Nadu,Madurai,Usilampatti(Uzhavar Sandhai ),Bottle gourd,Bottle Gourd,Local,26/08/2026,2800,3000,2900
Tamil Nadu,Madurai,Usilampatti(Uzhavar Sandhai ),Ashgourd,Gouard,Local,26/08/2026,1600,2000,1800
Tamil Nadu,Madurai,Usilampatti(Uzhavar Sandhai ),Tapioca,Tapioca,Local,26/08/2026,3600,4000,3800
Tamil Nadu,Madurai,Usilampatti(Uzhavar Sandhai ),Coconut,Coconut,Local,26/08/2026,6500,6800,6650
Tamil Nadu,Madurai,Usilampatti(Uzhavar Sandhai ),Snakeguard,Snakeguard,Local,26/08/2026,3000,3600,3300
Tamil Nadu,Madurai,Usilampatti(Uzhavar Sandhai ),Ridgeguard(Tori),Ridgeguard(Tori),Local,26/08/2026,6000,6500,6250
Tamil Nadu,Madurai,Usilampatti(Uzhavar Sandhai ),Drumstick,Drumstick,Local,26/08/2026,4000,5000,4500
Tamil Nadu,Madurai,Usilampatti(Uzhavar Sandhai ),Lemon,Lemon,Local,26/08/2026,15000,17000,16000
Tamil Nadu,Nagapattinam,Sirkali(Uzhavar Sandhai ),Pumpkin,Pumpkin,Local,26/08/2026,2500,3000,2750
Tamil Nadu,Nagapattinam,Sirkali(Uzhavar Sandhai ),Ginger(Green),Green Ginger,Local,26/08/2026,18000,20000,19000
Tamil Nadu,Nagapattinam,Sirkali(Uzhavar Sandhai ),Beetroot,Beetroot,Local,26/08/2026,4500,5000,4750
Tamil Nadu,Nagapattinam,Sirkali(Uzhavar Sandhai ),Chow Chow,Chow Chow,Local,26/08/2026,3000,3000,3000
Tamil Nadu,Nagapattinam,Sirkali(Uzhavar Sandhai ),Tender Coconut,Tender Coconut,Local,26/08/2026,2000,2500,2250
Tamil Nadu,Nagapattinam,Sirkali(Uzhavar Sandhai ),Elephant Yam(Suran)/Amorphophallus,Elephant Yam (Suran),Local,26/08/2026,6500,7000,6750
Tamil Nadu,Nagapattinam,Sirkali(Uzhavar Sandhai ),Mint(Pudina),Mint(Pudina),Local,26/08/2026,4000,4500,4250
Tamil Nadu,Namakkal,Kumarapalayam(Uzhavar Sandhai ),Cauliflower,Ranchi,Local,26/08/2026,3000,4000,3500
Tamil Nadu,Namakkal,Kumarapalayam(Uzhavar Sandhai ),Chikoos(Sapota),Sapota,Local,26/08/2026,3500,4000,3750
Tamil Nadu,Namakkal,Kumarapalayam(Uzhavar Sandhai ),Bottle gourd,Bottle Gourd,Local,26/08/2026,1800,2000,1900
Tamil Nadu,Namakkal,Kumarapalayam(Uzhavar Sandhai ),Raddish,Raddish,Local,26/08/2026,2200,3000,2600
Tamil Nadu,Namakkal,Kumarapalayam(Uzhavar Sandhai ),Tender Coconut,Tender Coconut,Local,26/08/2026,3000,3500,3250
Tamil Nadu,Namakkal,Kumarapalayam(Uzhavar Sandhai ),Jasmine,Jasmine,Local,26/08/2026,55000,60000,57500
Tamil Nadu,Namakkal,Kumarapalayam(Uzhavar Sandhai ),Amla(Nelli Kai),Amla,Local,26/08/2026,9000,9500,9250
Tamil Nadu,Namakkal,Mohanur(Uzhavar Sandhai ),Potato,Other,Local,26/08/2026,2800,3500,3150
Tamil Nadu,Namakkal,Mohanur(Uzhavar Sandhai ),Coriander(Leaves),I Sort,Local,26/08/2026,7200,8000,7600
Tamil Nadu,Namakkal,Mohanur(Uzhavar Sandhai ),Bitter gourd,Bitter Gourd,Local,26/08/2026,4800,6800,5800
Tamil Nadu,Namakkal,Mohanur(Uzhavar Sandhai ),Ginger(Green),Green Ginger,Local,26/08/2026,20500,22000,21250
Tamil Nadu,Namakkal,Mohanur(Uzhavar Sandhai ),Coconut,Coconut,Local,26/08/2026,5200,6000,5600
Tamil Nadu,Namakkal,Mohanur(Uzhavar Sandhai ),Cabbage,Cabbage,Local,26/08/2026,3000,3500,3250
Tamil Nadu,Namakkal,Mohanur(Uzhavar Sandhai ),Raddish,Raddish,Local,26/08/2026,3400,4000,3700
Tamil Nadu,Namakkal,Mohanur(Uzhavar Sandhai ),Tender Coconut,Tender Coconut,Local,26/08/2026,2800,4000,3400
Tamil Nadu,Namakkal,Mohanur(Uzhavar Sandhai ),Mint(Pudina),Mint(Pudina),Local,26/08/2026,5500,6000,5750
Tamil Nadu,Namakkal,Namakkal(Uzhavar Sandhai ),Mango,Neelam,Local,26/08/2026,7500,8500,8000
Tamil Nadu,Namakkal,Namakkal(Uzhavar Sandhai ),Pineapple,Pine Apple,Local,26/08/2026,3000,5000,4000
Tamil Nadu,Namakkal,Namakkal(Uzhavar Sandhai ),Brinjal,Other,Local,26/08/2026,5000,5400,5200
Tamil Nadu,Namakkal,Namakkal(Uzhavar Sandhai ),Coriander(Leaves),I Sort,Local,26/08/2026,7000,8000,7500
Tamil Nadu,Namakkal,Namakkal(Uzhavar Sandhai ),Papaya,Papaya,Local,26/08/2026,3000,3500,3250
Tamil Nadu,Namakkal,Namakkal(Uzhavar Sandhai ),Ashgourd,Gouard,Local,26/08/2026,1800,2000,1900
Tamil Nadu,Namakkal,Namakkal(Uzhavar Sandhai ),Bhindi(Ladies Finger),Bhindi,Local,26/08/2026,3500,3800,3650
Tamil Nadu,Namakkal,Namakkal(Uzhavar Sandhai ),Carrot,Pusakesar,Local,26/08/2026,7000,7500,7250
Tamil Nadu,Namakkal,Namakkal(Uzhavar Sandhai ),Snakeguard,Snakeguard,Local,26/08/2026,4500,5000,4750
Tamil Nadu,Namakkal,Namakkal(Uzhavar Sandhai ),Capsicum,Capsicum,Local,26/08/2026,5000,5500,5250
Tamil Nadu,Namakkal,Namakkal(Uzhavar Sandhai ),Green Avare(W),Other,Local,26/08/2026,8000,9000,8500
Tamil Nadu,Namakkal,Namakkal(Uzhavar Sandhai ),Jack Fruit(Ripe),Jack Fruit,Local,26/08/2026,2500,3000,2750
Tamil Nadu,Namakkal,Paramathivelur(Uzhavar Sandhai ),Coriander(Leaves),I Sort,Local,26/08/2026,7200,8000,7600
Tamil Nadu,Namakkal,Paramathivelur(Uzhavar Sandhai ),Banana - Green,Banana - Green,Local,26/08/2026,3500,4000,3750
Tamil Nadu,Namakkal,Paramathivelur(Uzhavar Sandhai ),Onion Green,Onion Green,Local,26/08/2026,6700,7500,7100
Tamil Nadu,Namakkal,Rasipuram(Uzhavar Sandhai ),Onion,Bellary,Local,26/08/2026,5600,6000,5800
Tamil Nadu,Namakkal,Rasipuram(Uzhavar Sandhai ),Coriander(Leaves),I Sort,Local,26/08/2026,7500,8000,7750
Tamil Nadu,Namakkal,Rasipuram(Uzhavar Sandhai ),Cluster beans,Cluster Beans,Local,26/08/2026,3000,3400,3200
Tamil Nadu,Namakkal,Rasipuram(Uzhavar Sandhai ),Bitter gourd,Other,Local,26/08/2026,6000,6500,6250
Tamil Nadu,Namakkal,Rasipuram(Uzhavar Sandhai ),Bottle gourd,Bottle Gourd,Local,26/08/2026,1800,2500,2150
Tamil Nadu,Namakkal,Rasipuram(Uzhavar Sandhai ),Bhindi(Ladies Finger),Bhindi,Local,26/08/2026,3800,4400,4100
Tamil Nadu,Namakkal,Rasipuram(Uzhavar Sandhai ),Beans,Beans (Whole),Local,26/08/2026,8000,9000,8500
Tamil Nadu,Namakkal,Rasipuram(Uzhavar Sandhai ),Ginger(Green),Green Ginger,Local,26/08/2026,18000,19000,18500
Tamil Nadu,Namakkal,Rasipuram(Uzhavar Sandhai ),Ridgeguard(Tori),Ridgeguard(Tori),Local,26/08/2026,5000,5500,5250
Tamil Nadu,Namakkal,Rasipuram(Uzhavar Sandhai ),Green Avare(W),Other,Local,26/08/2026,6000,8000,7000
Tamil Nadu,Namakkal,Rasipuram(Uzhavar Sandhai ),Tender Coconut,Tender Coconut,Local,26/08/2026,3500,4000,3750
Tamil Nadu,Namakkal,Rasipuram(Uzhavar Sandhai ),Elephant Yam(Suran)/Amorphophallus,Elephant Yam (Suran),Local,26/08/2026,3500,4000,3750
Tamil Nadu,Thanjavur,Tirukattupalli(Uzhavar Sandhai ),Potato,Red Nanital,Local,26/08/2026,3000,3000,3000
Tamil Nadu,Thanjavur,Tirukattupalli(Uzhavar Sandhai ),Bhindi(Ladies Finger),Bhindi,Local,26/08/2026,4000,4000,4000
Tamil Nadu,Madurai,Palanganatham(Uzhavar Sandhai ),Banana,Besrai,Local,26/08/2026,3000,4000,3500
Tamil Nadu,Madurai,Palanganatham(Uzhavar Sandhai ),Cauliflower,Ranchi,Local,26/08/2026,3500,4000,3750
Tamil Nadu,Madurai,Palanganatham(Uzhavar Sandhai ),Brinjal,Other,Local,26/08/2026,3600,4000,3800
Tamil Nadu,Madurai,Palanganatham(Uzhavar Sandhai ),Coriander(Leaves),I Sort,Local,26/08/2026,4000,4500,4250
Tamil Nadu,Madurai,Palanganatham(Uzhavar Sandhai ),Mousambi(Sweet Lime),Mousambi,Local,26/08/2026,7000,7500,7250
Tamil Nadu,Madurai,Palanganatham(Uzhavar Sandhai ),Bitter gourd,Bitter Gourd,Local,26/08/2026,6000,6500,6250
Tamil Nadu,Madurai,Palanganatham(Uzhavar Sandhai ),Amaranthus,Amaranthus,Local,26/08/2026,3000,3600,3300
Tamil Nadu,Madurai,Palanganatham(Uzhavar Sandhai ),Banana - Green,Banana - Green,Local,26/08/2026,1500,2000,1750
Tamil Nadu,Madurai,Palanganatham(Uzhavar Sandhai ),Ginger(Green),Green Ginger,Local,26/08/2026,18000,19000,18500
Tamil Nadu,Madurai,Palanganatham(Uzhavar Sandhai ),Beetroot,Beetroot,Local,26/08/2026,5000,5500,5250
Tamil Nadu,Madurai,Palanganatham(Uzhavar Sandhai ),Thondekai,Thondekai,Local,26/08/2026,3600,4500,4050
Tamil Nadu,Madurai,Palanganatham(Uzhavar Sandhai ),Chow Chow,Chow Chow,Local,26/08/2026,2500,3000,2750
Tamil Nadu,Madurai,Palanganatham(Uzhavar Sandhai ),Mango(Raw-Ripe),Mango - Raw-Ripe,Local,26/08/2026,6000,6500,6250
Tamil Nadu,Madurai,Palanganatham(Uzhavar Sandhai ),Pomegranate,Pomogranate,Local,26/08/2026,20000,23000,21500
Tamil Nadu,Madurai,Palanganatham(Uzhavar Sandhai ),Lemon,Lemon,Local,26/08/2026,15000,17000,16000
Tamil Nadu,Madurai,Anna nagar(Uzhavar Sandhai ),Groundnut,Big (With Shell),Local,26/08/2026,6000,7000,6500
Tamil Nadu,Madurai,Anna nagar(Uzhavar Sandhai ),Orange,Darjeeling,Local,26/08/2026,14000,14000,14000
Tamil Nadu,Madurai,Anna nagar(Uzhavar Sandhai ),Pineapple,Pine Apple,Local,26/08/2026,6000,6000,6000
Tamil Nadu,Madurai,Anna nagar(Uzhavar Sandhai ),Chili Red,Bold,Local,26/08/2026,20000,20000,20000
Tamil Nadu,Madurai,Anna nagar(Uzhavar Sandhai ),Papaya,Papaya,Local,26/08/2026,4600,5000,4800
Tamil Nadu,Madurai,Anna nagar(Uzhavar Sandhai ),Mousambi(Sweet Lime),Mousambi,Local,26/08/2026,6500,6500,6500
Tamil Nadu,Madurai,Anna nagar(Uzhavar Sandhai ),Cluster beans,Cluster Beans,Local,26/08/2026,4000,4600,4300
Tamil Nadu,Madurai,Anna nagar(Uzhavar Sandhai ),Bottle gourd,Bottle Gourd,Local,26/08/2026,2600,3000,2800
Tamil Nadu,Madurai,Anna nagar(Uzhavar Sandhai ),Ashgourd,Gouard,Local,26/08/2026,1800,1800,1800
Tamil Nadu,Madurai,Anna nagar(Uzhavar Sandhai ),Carrot,Pusakesar,Local,26/08/2026,7400,7400,7400
Tamil Nadu,Madurai,Anna nagar(Uzhavar Sandhai ),Mango(Raw-Ripe),Mango - Raw-Ripe,Local,26/08/2026,8000,11000,9500
Tamil Nadu,Madurai,Anna nagar(Uzhavar Sandhai ),Yam(Ratalu),Yam (Ratalu),Local,26/08/2026,8000,8000,8000
Tamil Nadu,Madurai,Anna nagar(Uzhavar Sandhai ),Indian Beans(Seam),Indian Beans (Seam),Local,26/08/2026,6600,7000,6800
Tamil Nadu,Madurai,Anna nagar(Uzhavar Sandhai ),Mashrooms,Mashrooms,Local,26/08/2026,22000,22000,22000
Tamil Nadu,Perambalur,Perambalur(Uzhavar Sandhai ),Garlic,Garlic,Local,26/08/2026,18000,20000,19000
Tamil Nadu,Perambalur,Perambalur(Uzhavar Sandhai ),Brinjal,Other,Local,26/08/2026,4600,4800,4700
Tamil Nadu,Perambalur,Perambalur(Uzhavar Sandhai ),Mousambi(Sweet Lime),Mousambi,Local,26/08/2026,8000,9000,8500
Tamil Nadu,Perambalur,Perambalur(Uzhavar Sandhai ),Tomato,Deshi,Local,26/08/2026,2500,3000,2750
Tamil Nadu,Perambalur,Perambalur(Uzhavar Sandhai ),Bhindi(Ladies Finger),Bhindi,Local,26/08/2026,4800,4800,4800
Tamil Nadu,Perambalur,Perambalur(Uzhavar Sandhai ),Sweet Potato,Hosur Red,Local,26/08/2026,6000,6400,6200
Tamil Nadu,Perambalur,Perambalur(Uzhavar Sandhai ),Thondekai,Thondekai,Local,26/08/2026,4400,4400,4400
Tamil Nadu,Perambalur,Perambalur(Uzhavar Sandhai ),Chow Chow,Chow Chow,Local,26/08/2026,4200,4200,4200
Tamil Nadu,Perambalur,Perambalur(Uzhavar Sandhai ),Elephant Yam(Suran)/Amorphophallus,Elephant Yam (Suran),Local,26/08/2026,5200,5200,5200
Tamil Nadu,Perambalur,Perambalur(Uzhavar Sandhai ),Yam(Ratalu),Yam (Ratalu),Local,26/08/2026,6000,7000,6500
Tamil Nadu,Perambalur,Perambalur(Uzhavar Sandhai ),Indian Beans(Seam),Indian Beans (Seam),Local,26/08/2026,8000,8000,8000
Tamil Nadu,Perambalur,Perambalur(Uzhavar Sandhai ),Colacasia,Colacasia,Local,26/08/2026,5600,6000,5800
Tamil Nadu,Salem,Mecheri(Uzhavar Sandhai),Banana,Karpura,Local,26/08/2026,4500,5000,4750
Tamil Nadu,Salem,Mecheri(Uzhavar Sandhai),Bhindi(Ladies Finger),Bhindi,Local,26/08/2026,3200,3500,3350
Tamil Nadu,Salem,Mecheri(Uzhavar Sandhai),Raddish,Raddish,Local,26/08/2026,3000,3000,3000
Tamil Nadu,Salem,Mecheri(Uzhavar Sandhai),Green Avare(W),Other,Local,26/08/2026,7000,7000,7000
Tamil Nadu,Salem,Mecheri(Uzhavar Sandhai),Drumstick,Drumstick,Local,26/08/2026,2000,2500,2250
Tamil Nadu,Ranipet,Arcot(Uzhavar Sandhai ),Sweet Corn ,Sweet Corn ,Local,26/08/2026,4000,4000,4000
Tamil Nadu,Ranipet,Arcot(Uzhavar Sandhai ),Potato,Red Nanital,Local,26/08/2026,3000,3000,3000
Tamil Nadu,Ranipet,Arcot(Uzhavar Sandhai ),Coriander(Leaves),I Sort,Local,26/08/2026,3000,3000,3000
Tamil Nadu,Ranipet,Arcot(Uzhavar Sandhai ),Beans,Beans (Whole),Local,26/08/2026,8000,8000,8000
Tamil Nadu,Ranipet,Arcot(Uzhavar Sandhai ),Beetroot,Beetroot,Local,26/08/2026,5000,5000,5000
Tamil Nadu,Ranipet,Arcot(Uzhavar Sandhai ),Ridgeguard(Tori),Ridgeguard(Tori),Local,26/08/2026,5000,5000,5000
Tamil Nadu,Ranipet,Arcot(Uzhavar Sandhai ),Capsicum,Capsicum,Local,26/08/2026,6000,6000,6000
Tamil Nadu,Ranipet,Arcot(Uzhavar Sandhai ),Green Avare(W),Green Avare (W),Local,26/08/2026,4800,4800,4800
Tamil Nadu,Ranipet,Arcot(Uzhavar Sandhai ),Drumstick,Drumstick,Local,26/08/2026,5000,5000,5000
Tamil Nadu,Ranipet,Arcot(Uzhavar Sandhai ),Elephant Yam(Suran)/Amorphophallus,Elephant Yam (Suran),Local,26/08/2026,6000,6000,6000
Tamil Nadu,Ranipet,Ranipettai(Uzhavar Sandhai ),Coriander(Leaves),I Sort,Local,26/08/2026,3000,3000,3000
Tamil Nadu,Ranipet,Ranipettai(Uzhavar Sandhai ),Amaranthus,Amaranthus,Local,26/08/2026,3000,3000,3000
Tamil Nadu,Ranipet,Ranipettai(Uzhavar Sandhai ),Green Chilli,Green Chilly,Local,26/08/2026,5000,6000,5500
Tamil Nadu,Ranipet,Ranipettai(Uzhavar Sandhai ),Green Avare(W),Other,Local,26/08/2026,4000,4400,4200
Tamil Nadu,Ranipet,Ranipettai(Uzhavar Sandhai ),Guava,Guava Allahabad,Local,26/08/2026,6000,8000,7000
Tamil Nadu,Ranipet,Ranipettai(Uzhavar Sandhai ),Marigold(Calcutta),Marigold(Calcutta),Local,26/08/2026,36000,36000,36000
Tamil Nadu,Ranipet,Ranipettai(Uzhavar Sandhai ),Elephant Yam(Suran)/Amorphophallus,Elephant Yam (Suran),Local,26/08/2026,6000,6000,6000
Tamil Nadu,Ranipet,Ranipettai(Uzhavar Sandhai ),Amla(Nelli Kai),Amla,Local,26/08/2026,12000,14000,13000
Tamil Nadu,Salem,Ammapet(Uzhavar Sandhai ),Onion,Bellary,Local,26/08/2026,5500,6000,5750
Tamil Nadu,Salem,Ammapet(Uzhavar Sandhai ),Brinjal,Other,Local,26/08/2026,3500,3800,3650
Tamil Nadu,Salem,Ammapet(Uzhavar Sandhai ),Ashgourd,Gouard,Local,26/08/2026,2000,2400,2200
Tamil Nadu,Salem,Ammapet(Uzhavar Sandhai ),Snakeguard,Snakeguard,Local,26/08/2026,3500,3800,3650
Tamil Nadu,Salem,Ammapet(Uzhavar Sandhai ),Raddish,Raddish,Local,26/08/2026,2500,2800,2650
Tamil Nadu,Salem,Ammapet(Uzhavar Sandhai ),Onion Green,Onion Green,Local,26/08/2026,5500,6000,5750
Tamil Nadu,Salem,Ammapet(Uzhavar Sandhai ),Rose(Local),Rose (Local),Local,26/08/2026,11000,12000,11500
Tamil Nadu,Salem,Mettur(Uzhavar Sandhai ),Banana,Red Banana,Local,26/08/2026,7000,7500,7250
Tamil Nadu,Salem,Mettur(Uzhavar Sandhai ),Brinjal,Round,Local,26/08/2026,4000,4500,4250
Tamil Nadu,Salem,Mettur(Uzhavar Sandhai ),Water Melon,Water Melon,Local,26/08/2026,1500,2000,1750
Tamil Nadu,Salem,Mettur(Uzhavar Sandhai ),Banana - Green,Banana - Green,Local,26/08/2026,2500,3000,2750
Tamil Nadu,Salem,Mettur(Uzhavar Sandhai ),Beans,Beans (Whole),Local,26/08/2026,8000,9000,8500
Tamil Nadu,Salem,Mettur(Uzhavar Sandhai ),Chow Chow,Chow Chow,Local,26/08/2026,3500,4000,3750
Tamil Nadu,Salem,Mettur(Uzhavar Sandhai ),Knool Khol,Knool Khol,Local,26/08/2026,3500,4000,3750
Tamil Nadu,Salem,Mettur(Uzhavar Sandhai ),Marigold(Calcutta),Marigold(Calcutta),Local,26/08/2026,22000,24000,23000
Tamil Nadu,Salem,Sooramangalam(Uzhavar Sandhai ),Potato,Other,Local,26/08/2026,6000,6400,6200
Tamil Nadu,Salem,Sooramangalam(Uzhavar Sandhai ),Brinjal,Round,Local,26/08/2026,3600,4000,3800
Tamil Nadu,Salem,Sooramangalam(Uzhavar Sandhai ),Coriander(Leaves),I Sort,Local,26/08/2026,3000,3200,3100
Tamil Nadu,Salem,Sooramangalam(Uzhavar Sandhai ),Tomato,Deshi,Local,26/08/2026,1600,2000,1800
Tamil Nadu,Salem,Sooramangalam(Uzhavar Sandhai ),Cabbage,Cabbage,Local,26/08/2026,2500,3000,2750
Tamil Nadu,Salem,Sooramangalam(Uzhavar Sandhai ),Capsicum,Capsicum,Local,26/08/2026,5000,5400,5200
Tamil Nadu,Salem,Sooramangalam(Uzhavar Sandhai ),Green Avare(W),Green Avare (W),Local,26/08/2026,4800,5200,5000
Tamil Nadu,Thiruchirappalli,Thuraiyur APMC,Banana,Besrai,Local,26/08/2026,5000,6000,5500
Tamil Nadu,Thiruchirappalli,Thuraiyur APMC,Onion,Bellary,Local,26/08/2026,5000,6500,5750
Tamil Nadu,Thiruchirappalli,Thuraiyur APMC,Potato,Other,Local,26/08/2026,2500,3000,2750
Tamil Nadu,Thiruchirappalli,Thuraiyur APMC,Coriander(Leaves),I Sort,Local,26/08/2026,2200,2700,2450
Tamil Nadu,Thiruchirappalli,Thuraiyur APMC,Papaya,Papaya,Local,26/08/2026,3000,4000,3500
Tamil Nadu,Thiruchirappalli,Thuraiyur APMC,Bitter gourd,Other,Local,26/08/2026,5000,5600,5300
Tamil Nadu,Thiruchirappalli,Thuraiyur APMC,Banana - Green,Banana - Green,Local,26/08/2026,2000,2500,2250
Tamil Nadu,Thiruchirappalli,Thuraiyur APMC,Beans,Beans (Whole),Local,26/08/2026,6500,7500,7000
Tamil Nadu,Thiruchirappalli,Thuraiyur APMC,Capsicum,Capsicum,Local,26/08/2026,4500,5000,4750
Tamil Nadu,Salem,Thammampatti (Uzhavar Sandhai ),Bitter gourd,Other,Local,26/08/2026,4500,5000,4750
Tamil Nadu,Salem,Thammampatti (Uzhavar Sandhai ),Bottle gourd,Bottle Gourd,Local,26/08/2026,2200,2500,2350
Tamil Nadu,Salem,Thammampatti (Uzhavar Sandhai ),Bhindi(Ladies Finger),Bhindi,Local,26/08/2026,3500,3800,3650
Tamil Nadu,Salem,Thammampatti (Uzhavar Sandhai ),Amaranthus,Amaranthus,Local,26/08/2026,2000,2500,2250
Tamil Nadu,Salem,Thammampatti (Uzhavar Sandhai ),Green Chilli,Green Chilly,Local,26/08/2026,5000,5500,5250
Tamil Nadu,Salem,Thammampatti (Uzhavar Sandhai ),Snakeguard,Snakeguard,Local,26/08/2026,3000,3500,3250
Tamil Nadu,Salem,Thammampatti (Uzhavar Sandhai ),Ridgeguard(Tori),Ridgeguard(Tori),Local,26/08/2026,4000,4500,4250
Tamil Nadu,Salem,Thammampatti (Uzhavar Sandhai ),Knool Khol,Knool Khol,Local,26/08/2026,4500,5000,4750
Tamil Nadu,Salem,Thammampatti (Uzhavar Sandhai ),Elephant Yam(Suran)/Amorphophallus,Elephant Yam (Suran),Local,26/08/2026,2500,2500,2500
Tamil Nadu,Salem,Thammampatti (Uzhavar Sandhai ),Lemon,Lemon,Local,26/08/2026,7500,8000,7750
Tamil Nadu,Salem,Thammampatti (Uzhavar Sandhai ),Amla(Nelli Kai),Amla,Local,26/08/2026,6500,7000,6750
Tamil Nadu,Salem,Thathakapatti(Uzhavar Sandhai ),Cauliflower,Ranchi,Local,26/08/2026,2000,2500,2250
Tamil Nadu,Salem,Thathakapatti(Uzhavar Sandhai ),Bottle gourd,Bottle Gourd,Local,26/08/2026,2500,3000,2750
Tamil Nadu,Salem,Thathakapatti(Uzhavar Sandhai ),Green Chilli,Green Chilly,Local,26/08/2026,5000,5400,5200
Tamil Nadu,Salem,Thathakapatti(Uzhavar Sandhai ),Ginger(Green),Green Ginger,Local,26/08/2026,15000,16000,15500
Tamil Nadu,Salem,Thathakapatti(Uzhavar Sandhai ),Cabbage,Cabbage,Local,26/08/2026,3000,3600,3300
Tamil Nadu,Salem,Thathakapatti(Uzhavar Sandhai ),Capsicum,Capsicum,Local,26/08/2026,5000,5400,5200
Tamil Nadu,Salem,Thathakapatti(Uzhavar Sandhai ),Knool Khol,Knool Khol,Local,26/08/2026,3500,4000,3750
Tamil Nadu,Salem,Thathakapatti(Uzhavar Sandhai ),Kakada,Kakada,Local,26/08/2026,20000,24000,22000
Tamil Nadu,Salem,Thathakapatti(Uzhavar Sandhai ),Yam(Ratalu),Yam (Ratalu),Local,26/08/2026,7000,8000,7500
Tamil Nadu,Salem,Thathakapatti(Uzhavar Sandhai ),Lemon,Lemon,Local,26/08/2026,14000,16000,15000
Tamil Nadu,Theni,Chinnamanur(Uzhavar Sandhai ),Banana - Green,Banana - Green,Local,26/08/2026,3600,3600,3600
Tamil Nadu,Theni,Chinnamanur(Uzhavar Sandhai ),Beans,Beans (Whole),Local,26/08/2026,10800,11000,10900
Tamil Nadu,Theni,Chinnamanur(Uzhavar Sandhai ),Raddish,Raddish,Local,26/08/2026,2200,2200,2200
Tamil Nadu,Theni,Chinnamanur(Uzhavar Sandhai ),Capsicum,Capsicum,Local,26/08/2026,6000,6000,6000
Tamil Nadu,Theni,Chinnamanur(Uzhavar Sandhai ),Green Avare(W),Green Avare (W),Local,26/08/2026,2800,4600,3700
Tamil Nadu,Theni,Chinnamanur(Uzhavar Sandhai ),Lime,Lime,Local,26/08/2026,10500,10500,10500
Tamil Nadu,Theni,Chinnamanur(Uzhavar Sandhai ),Elephant Yam(Suran)/Amorphophallus,Elephant Yam (Suran),Local,26/08/2026,4000,4000,4000
Tamil Nadu,Theni,Kambam(Uzhavar Sandhai ),Potato,Other,Local,26/08/2026,2400,2500,2450
Tamil Nadu,Theni,Kambam(Uzhavar Sandhai ),Cauliflower,Ranchi,Local,26/08/2026,2800,3000,2900
Tamil Nadu,Theni,Kambam(Uzhavar Sandhai ),Bitter gourd,Other,Local,26/08/2026,3500,3500,3500
Tamil Nadu,Theni,Kambam(Uzhavar Sandhai ),Coconut,Coconut,Local,26/08/2026,5000,5400,5200
Tamil Nadu,Theni,Kambam(Uzhavar Sandhai ),Betal Leaves,Mysore,Local,26/08/2026,22000,22000,22000
Tamil Nadu,Theni,Kambam(Uzhavar Sandhai ),Capsicum,Capsicum,Local,26/08/2026,6000,6000,6000
Tamil Nadu,Theni,Kambam(Uzhavar Sandhai ),Drumstick,Drumstick,Local,26/08/2026,1500,2500,2000
Tamil Nadu,Theni,Kambam(Uzhavar Sandhai ),Elephant Yam(Suran)/Amorphophallus,Elephant Yam (Suran),Local,26/08/2026,4000,4000,4000
Tamil Nadu,Theni,Theni(Uzhavar Sandhai ),Cauliflower,Ranchi,Local,26/08/2026,2500,3500,3000
Tamil Nadu,Theni,Theni(Uzhavar Sandhai ),Papaya,Papaya,Local,26/08/2026,2500,3500,3000
Tamil Nadu,Theni,Theni(Uzhavar Sandhai ),Cluster beans,Cluster Beans,Local,26/08/2026,2400,2400,2400
Tamil Nadu,Theni,Theni(Uzhavar Sandhai ),Bhindi(Ladies Finger),Bhindi,Local,26/08/2026,3000,3400,3200
Tamil Nadu,Theni,Theni(Uzhavar Sandhai ),Coconut,Coconut,Local,26/08/2026,5600,5600,5600
Tamil Nadu,Theni,Theni(Uzhavar Sandhai ),Betal Leaves,Mysore,Local,26/08/2026,22000,22000,22000
Tamil Nadu,Theni,Theni(Uzhavar Sandhai ),Cabbage,Cabbage,Local,26/08/2026,3000,3000,3000
Tamil Nadu,Theni,Theni(Uzhavar Sandhai ),Snakeguard,Snakeguard,Local,26/08/2026,2000,4000,3000
Tamil Nadu,Theni,Theni(Uzhavar Sandhai ),Beetroot,Beetroot,Local,26/08/2026,3500,3500,3500
Tamil Nadu,Theni,Theni(Uzhavar Sandhai ),Green Avare(W),Other,Local,26/08/2026,2800,4000,3400
Tamil Nadu,Theni,Theni(Uzhavar Sandhai ),Lime,Lime,Local,26/08/2026,10000,12000,11000
Tamil Nadu,Theni,Theni(Uzhavar Sandhai ),Karbuja(Musk Melon),Karbhuja,Local,26/08/2026,6000,6000,6000
Tamil Nadu,Theni,Theni(Uzhavar Sandhai ),Elephant Yam(Suran)/Amorphophallus,Elephant Yam (Suran),Local,26/08/2026,4000,4000,4000
Tamil Nadu,Theni,Theni(Uzhavar Sandhai ),Yam(Ratalu),Yam (Ratalu),Local,26/08/2026,8000,8000,8000
Tamil Nadu,Theni,Theni(Uzhavar Sandhai ),Mashrooms,Mashrooms,Local,26/08/2026,23000,23000,23000
Tamil Nadu,Thirunelveli,Ambasamudram(Uzhavar Sandhai ),Tomato,Local,Local,26/08/2026,1700,2000,1850
Tamil Nadu,Thirunelveli,Kandiyaperi(Uzhavar Sandhai ),Bhindi(Ladies Finger),Bhindi,Local,26/08/2026,2400,2600,2500
Tamil Nadu,Thirunelveli,Kandiyaperi(Uzhavar Sandhai ),Green Chilli,Green Chilly,Local,26/08/2026,3800,4000,3900
Tamil Nadu,Thirunelveli,Kandiyaperi(Uzhavar Sandhai ),Coconut,Coconut,Local,26/08/2026,5800,6200,6000
Tamil Nadu,Thirunelveli,Melapalayam(Uzhavar Sandhai ),Banana,Red Banana,Local,26/08/2026,9000,10000,9500
Tamil Nadu,Thirunelveli,Melapalayam(Uzhavar Sandhai ),Cauliflower,Ranchi,Local,26/08/2026,5400,5800,5600
Tamil Nadu,Thirunelveli,Melapalayam(Uzhavar Sandhai ),Chikoos(Sapota),Sapota,Local,26/08/2026,4000,5000,4500
Tamil Nadu,Thirunelveli,Melapalayam(Uzhavar Sandhai ),Cluster beans,Cluster Beans,Local,26/08/2026,1800,2000,1900
Tamil Nadu,Thirunelveli,Melapalayam(Uzhavar Sandhai ),Bitter gourd,Other,Local,26/08/2026,4500,5500,5000
Tamil Nadu,Thirunelveli,Melapalayam(Uzhavar Sandhai ),Bottle gourd,Bottle Gourd,Local,26/08/2026,800,1000,900
Tamil Nadu,Thirunelveli,Melapalayam(Uzhavar Sandhai ),Amaranthus,Amaranthus,Local,26/08/2026,1200,1500,1350
Tamil Nadu,Thirunelveli,Melapalayam(Uzhavar Sandhai ),Coconut,Coconut,Local,26/08/2026,5800,6200,6000
Tamil Nadu,Thirunelveli,Melapalayam(Uzhavar Sandhai ),Chow Chow,Chow Chow,Local,26/08/2026,3200,3600,3400
Tamil Nadu,Thirunelveli,NGO Colony(Uzhavar Sandhai ),Onion,Bellary,Local,26/08/2026,4700,5600,5150
Tamil Nadu,Thirunelveli,NGO Colony(Uzhavar Sandhai ),Brinjal,Round,Local,26/08/2026,3000,3600,3300
Tamil Nadu,Thirunelveli,NGO Colony(Uzhavar Sandhai ),Coriander(Leaves),I Sort,Local,26/08/2026,3500,4000,3750
Tamil Nadu,Thirunelveli,NGO Colony(Uzhavar Sandhai ),Bitter gourd,Bitter Gourd,Local,26/08/2026,3500,4000,3750
Tamil Nadu,Thirunelveli,NGO Colony(Uzhavar Sandhai ),Bhindi(Ladies Finger),Bhindi,Local,26/08/2026,2200,2600,2400
Tamil Nadu,Thirunelveli,NGO Colony(Uzhavar Sandhai ),Amaranthus,Amaranthus,Local,26/08/2026,1000,1500,1250
Tamil Nadu,Thirunelveli,NGO Colony(Uzhavar Sandhai ),Banana - Green,Banana - Green,Local,26/08/2026,2200,3000,2600
Tamil Nadu,Thirunelveli,NGO Colony(Uzhavar Sandhai ),Coconut,Coconut,Local,26/08/2026,5500,6200,5850
Tamil Nadu,Thirunelveli,NGO Colony(Uzhavar Sandhai ),Cabbage,Cabbage,Local,26/08/2026,2800,3400,3100
Tamil Nadu,Thirunelveli,NGO Colony(Uzhavar Sandhai ),Snakeguard,Snakeguard,Local,26/08/2026,1500,2000,1750
Tamil Nadu,Thirunelveli,NGO Colony(Uzhavar Sandhai ),Beetroot,Beetroot,Local,26/08/2026,6000,6800,6400
Tamil Nadu,Thirunelveli,NGO Colony(Uzhavar Sandhai ),Capsicum,Capsicum,Local,26/08/2026,6000,6500,6250
Tamil Nadu,Thirunelveli,Palayamkottai(Uzhavar Sandhai ),Banana,Red Banana,Local,26/08/2026,9000,10000,9500
Tamil Nadu,Thirunelveli,Palayamkottai(Uzhavar Sandhai ),Grapes,Annabesahai,Local,26/08/2026,11000,12000,11500
Tamil Nadu,Thirunelveli,Palayamkottai(Uzhavar Sandhai ),Cauliflower,Ranchi,Local,26/08/2026,5400,5800,5600
Tamil Nadu,Thirunelveli,Palayamkottai(Uzhavar Sandhai ),Mousambi(Sweet Lime),Mousambi,Local,26/08/2026,7000,8000,7500
Tamil Nadu,Thirunelveli,Palayamkottai(Uzhavar Sandhai ),Ashgourd,Gouard,Local,26/08/2026,900,1000,950
Tamil Nadu,Thirunelveli,Palayamkottai(Uzhavar Sandhai ),Bhindi(Ladies Finger),Bhindi,Local,26/08/2026,2400,2600,2500
Tamil Nadu,Thirunelveli,Palayamkottai(Uzhavar Sandhai ),Cabbage,Cabbage,Local,26/08/2026,3200,3400,3300
Tamil Nadu,Thirunelveli,Palayamkottai(Uzhavar Sandhai ),Amla(Nelli Kai),Amla,Local,26/08/2026,4000,4500,4250
Tamil Nadu,Thirupur,Kangayam(Uzhavar Sandhai ),Brinjal,Round,Local,26/08/2026,6000,6500,6250
Tamil Nadu,Thirupur,Kangayam(Uzhavar Sandhai ),Banana - Green,Banana - Green,Local,26/08/2026,2500,3000,2750
Tamil Nadu,Thirupur,Kangayam(Uzhavar Sandhai ),Ridgeguard(Tori),Ridgeguard(Tori),Local,26/08/2026,5400,5800,5600
Tamil Nadu,Thirupur,Kangayam(Uzhavar Sandhai ),Green Avare(W),Green Avare (W),Local,26/08/2026,6400,6800,6600
Tamil Nadu,Thirupur,Kangayam(Uzhavar Sandhai ),Onion Green,Onion Green,Local,26/08/2026,6500,7000,6750
Tamil Nadu,Thirupur,Tiruppur (North) (Uzhavar Sandhai ),Groundnut,Big (With Shell),Local,26/08/2026,5500,6000,5750
Tamil Nadu,Thirupur,Tiruppur (North) (Uzhavar Sandhai ),Potato,Other,Local,26/08/2026,5000,6000,5500
Tamil Nadu,Thirupur,Tiruppur (North) (Uzhavar Sandhai ),Cluster beans,Cluster Beans,Local,26/08/2026,3500,4000,3750
Tamil Nadu,Thirupur,Tiruppur (North) (Uzhavar Sandhai ),Bottle gourd,Bottle Gourd,Local,26/08/2026,1200,1500,1350
Tamil Nadu,Thirupur,Tiruppur (North) (Uzhavar Sandhai ),Cowpea(Veg),Cowpea (Veg),Local,26/08/2026,3500,4000,3750
Tamil Nadu,Thirupur,Tiruppur (North) (Uzhavar Sandhai ),Tapioca,Tapioca,Local,26/08/2026,2000,2500,2250
Tamil Nadu,Thirupur,Tiruppur (North) (Uzhavar Sandhai ),Green Avare(W),Other,Local,26/08/2026,6000,7000,6500
Tamil Nadu,Thirupur,Tiruppur (North) (Uzhavar Sandhai ),Chow Chow,Chow Chow,Local,26/08/2026,2500,3000,2750
Tamil Nadu,Thiruvannamalai,Chengam(Uzhavar Sandhai ),Banana,Besrai,Local,26/08/2026,4200,5000,4600
Tamil Nadu,Thiruvannamalai,Chengam(Uzhavar Sandhai ),Cauliflower,Ranchi,Local,26/08/2026,3300,4000,3650
Tamil Nadu,Thiruvannamalai,Chengam(Uzhavar Sandhai ),Cluster beans,Cluster Beans,Local,26/08/2026,4000,4800,4400
Tamil Nadu,Thiruvannamalai,Chengam(Uzhavar Sandhai ),Bhindi(Ladies Finger),Bhindi,Local,26/08/2026,3300,4000,3650
Tamil Nadu,Thiruvannamalai,Chengam(Uzhavar Sandhai ),Tapioca,Tapioca,Local,26/08/2026,1600,2000,1800
Tamil Nadu,Thiruvannamalai,Keelpennathur(Uzhavar Sandhai ),Rose(Local),Rose (Local),Local,26/08/2026,11000,12000,11500
Tamil Nadu,Thiruvannamalai,Tamarainagar(Uzhavar Sandhai ),Papaya,Papaya,Local,26/08/2026,3000,3600,3300
Tamil Nadu,Thiruvannamalai,Tamarainagar(Uzhavar Sandhai ),Ashgourd,Gouard,Local,26/08/2026,1500,2000,1750
Tamil Nadu,Thiruvannamalai,Tamarainagar(Uzhavar Sandhai ),Banana - Green,Banana - Green,Local,26/08/2026,4400,4800,4600
Tamil Nadu,Thiruvannamalai,Tamarainagar(Uzhavar Sandhai ),Thondekai,Thondekai,Local,26/08/2026,3000,3600,3300
Tamil Nadu,Thiruvannamalai,Tamarainagar(Uzhavar Sandhai ),Sweet Corn ,Sweet Corn ,Local,26/08/2026,2500,3000,2750
Tamil Nadu,Thiruvannamalai,Vandavasi(Uzhavar Sandhai ),Brinjal,Other,Local,26/08/2026,4000,4800,4400
Tamil Nadu,Thiruvannamalai,Vandavasi(Uzhavar Sandhai ),Bottle gourd,Bottle Gourd,Local,26/08/2026,1600,2000,1800
Tamil Nadu,Thiruvannamalai,Vandavasi(Uzhavar Sandhai ),Ashgourd,Gouard,Local,26/08/2026,2000,2500,2250
Tamil Nadu,Thiruvannamalai,Vandavasi(Uzhavar Sandhai ),Bhindi(Ladies Finger),Bhindi,Local,26/08/2026,3500,4000,3750
Tamil Nadu,Thiruvannamalai,Vandavasi(Uzhavar Sandhai ),Beans,Beans (Whole),Local,26/08/2026,8000,9600,8800
Tamil Nadu,Thiruvannamalai,Vandavasi(Uzhavar Sandhai ),Snakeguard,Snakeguard,Local,26/08/2026,2500,3000,2750
Tamil Nadu,Thiruvannamalai,Vandavasi(Uzhavar Sandhai ),Guava,Guava Allahabad,Local,26/08/2026,4000,5000,4500
Tamil Nadu,Thiruvarur,Muthupettai(Uzhavar Sandhai ),Green Chilli,Green Chilly,Local,26/08/2026,5000,5000,5000
Tamil Nadu,Thiruvarur,Muthupettai(Uzhavar Sandhai ),Coconut,Coconut,Local,26/08/2026,4000,4000,4000
Tamil Nadu,Thiruvarur,Muthupettai(Uzhavar Sandhai ),Cabbage,Cabbage,Local,26/08/2026,3000,3000,3000
Tamil Nadu,Thiruvarur,Muthupettai(Uzhavar Sandhai ),Lime,Lime,Local,26/08/2026,3000,3000,3000
Tamil Nadu,Thiruvarur,Muthupettai(Uzhavar Sandhai ),Lemon,Lemon,Local,26/08/2026,12000,12000,12000
Maharashtra,Sangli,"Sangli(Phale, Bhajipala Market) APMC",Apple,Other,Local,26/08/2026,7000,15000,11000
Maharashtra,Sangli,"Sangli(Phale, Bhajipala Market) APMC",Garlic,Other,Local,26/08/2026,8000,20000,14000
Tamil Nadu,Coimbatore,Sulur(Uzhavar Sandhai ),Papaya,Papaya,Local,26/08/2026,4400,4800,4600
Tamil Nadu,Coimbatore,Sulur(Uzhavar Sandhai ),Green Chilli,Green Chilly,Local,26/08/2026,4000,4500,4250
Tamil Nadu,Coimbatore,Sulur(Uzhavar Sandhai ),Banana - Green,Banana - Green,Local,26/08/2026,4000,4500,4250
Tamil Nadu,Coimbatore,Sulur(Uzhavar Sandhai ),Beans,Beans (Whole),Local,26/08/2026,7500,8000,7750
Tamil Nadu,Coimbatore,Sulur(Uzhavar Sandhai ),Snakeguard,Snakeguard,Local,26/08/2026,3500,4000,3750
Tamil Nadu,Coimbatore,Sulur(Uzhavar Sandhai ),Mango(Raw-Ripe),Mango - Raw-Ripe,Local,26/08/2026,6000,6500,6250
Tamil Nadu,Pudukkottai,Gandarvakottai(Uzhavar Sandhai ),Mango,Safeda,Local,26/08/2026,7500,8000,7750
Tamil Nadu,Pudukkottai,Gandarvakottai(Uzhavar Sandhai ),Brinjal,Round,Local,26/08/2026,6500,7000,6750
Tamil Nadu,Pudukkottai,Gandarvakottai(Uzhavar Sandhai ),Cluster beans,Cluster Beans,Local,26/08/2026,3500,4000,3750
Tamil Nadu,Pudukkottai,Gandarvakottai(Uzhavar Sandhai ),Bitter gourd,Bitter Gourd,Local,26/08/2026,7500,8000,7750
Tamil Nadu,Pudukkottai,Gandarvakottai(Uzhavar Sandhai ),Coconut,Coconut,Local,26/08/2026,3500,4000,3750
Tamil Nadu,Pudukkottai,Gandarvakottai(Uzhavar Sandhai ),Drumstick,Drumstick,Local,26/08/2026,4500,5000,4750
Tamil Nadu,Pudukkottai,Gandarvakottai(Uzhavar Sandhai ),Lemon,Lemon,Local,26/08/2026,11500,12000,11750
Tamil Nadu,Pudukkottai,Gandarvakottai(Uzhavar Sandhai ),Onion Green,Onion Green,Local,26/08/2026,7500,8000,7750
Tamil Nadu,Cuddalore,Panruti(Uzhavar Sandhai ),Papaya,Papaya,Local,26/08/2026,4000,4000,4000
Tamil Nadu,Cuddalore,Panruti(Uzhavar Sandhai ),Tomato,Deshi,Local,26/08/2026,2000,2000,2000
Tamil Nadu,Cuddalore,Panruti(Uzhavar Sandhai ),Bitter gourd,Bitter Gourd,Local,26/08/2026,6000,6000,6000
Tamil Nadu,Cuddalore,Panruti(Uzhavar Sandhai ),Ridgeguard(Tori),Ridgeguard(Tori),Local,26/08/2026,6000,6000,6000
Tamil Nadu,Cuddalore,Panruti(Uzhavar Sandhai ),Mango(Raw-Ripe),Mango - Raw-Ripe,Local,26/08/2026,9000,9000,9000
Tamil Nadu,Cuddalore,Panruti(Uzhavar Sandhai ),Lemon,Lemon,Local,26/08/2026,7000,7000,7000
Tamil Nadu,Cuddalore,Vadalur(Uzhavar Sandhai ),Banana,Red Banana,Local,26/08/2026,8000,8000,8000
Tamil Nadu,Cuddalore,Vadalur(Uzhavar Sandhai ),Cluster beans,Cluster Beans,Local,26/08/2026,5000,5000,5000
Tamil Nadu,Cuddalore,Vadalur(Uzhavar Sandhai ),Ashgourd,Gouard,Local,26/08/2026,2000,2000,2000
Tamil Nadu,Cuddalore,Vadalur(Uzhavar Sandhai ),Bhindi(Ladies Finger),Bhindi,Local,26/08/2026,3000,3000,3000
Tamil Nadu,Cuddalore,Vadalur(Uzhavar Sandhai ),Green Chilli,Green Chilly,Local,26/08/2026,6000,6000,6000
Tamil Nadu,Cuddalore,Vadalur(Uzhavar Sandhai ),Beetroot,Beetroot,Local,26/08/2026,4000,4000,4000
Tamil Nadu,Cuddalore,Vadalur(Uzhavar Sandhai ),Mango(Raw-Ripe),Mango - Raw-Ripe,Local,26/08/2026,5000,5000,5000
Tamil Nadu,Dharmapuri,AJattihalli(Uzhavar Sandhai ),Banana,Red Banana,Local,26/08/2026,9000,9000,9000
Tamil Nadu,Dharmapuri,AJattihalli(Uzhavar Sandhai ),Brinjal,Other,Local,26/08/2026,2200,2500,2350
Tamil Nadu,Dharmapuri,AJattihalli(Uzhavar Sandhai ),Coriander(Leaves),I Sort,Local,26/08/2026,4000,5000,4500
Tamil Nadu,Dharmapuri,AJattihalli(Uzhavar Sandhai ),Ginger(Green),Green Ginger,Local,26/08/2026,20000,23000,21500
Tamil Nadu,Dharmapuri,AJattihalli(Uzhavar Sandhai ),Drumstick,Drumstick,Local,26/08/2026,3000,4000,3500
Tamil Nadu,Karur,Pallapatti (Uzhavar Sandhai ),Brinjal,Other,Local,26/08/2026,5000,6000,5500
Tamil Nadu,Karur,Pallapatti (Uzhavar Sandhai ),Chikoos(Sapota),Sapota,Local,26/08/2026,3500,4000,3750
Tamil Nadu,Karur,Pallapatti (Uzhavar Sandhai ),Papaya,Papaya,Local,26/08/2026,3000,3500,3250
Tamil Nadu,Karur,Pallapatti (Uzhavar Sandhai ),Tomato,Other,Local,26/08/2026,1500,2000,1750
Tamil Nadu,Karur,Pallapatti (Uzhavar Sandhai ),Cluster beans,Cluster Beans,Local,26/08/2026,3500,4000,3750
Tamil Nadu,Karur,Pallapatti (Uzhavar Sandhai ),Bitter gourd,Other,Local,26/08/2026,5500,6000,5750
Tamil Nadu,Karur,Pallapatti (Uzhavar Sandhai ),Ashgourd,Gouard,Local,26/08/2026,2000,2500,2250
Tamil Nadu,Karur,Pallapatti (Uzhavar Sandhai ),Pumpkin,Pumpkin,Local,26/08/2026,2000,2500,2250
Tamil Nadu,Karur,Pallapatti (Uzhavar Sandhai ),Amaranthus,Amaranthus,Local,26/08/2026,2500,3000,2750
Tamil Nadu,Karur,Pallapatti (Uzhavar Sandhai ),Banana - Green,Banana - Green,Local,26/08/2026,2500,3000,2750
Tamil Nadu,Karur,Pallapatti (Uzhavar Sandhai ),Coconut,Coconut,Local,26/08/2026,5500,6000,5750
Tamil Nadu,Karur,Pallapatti (Uzhavar Sandhai ),Sweet Potato,Hosur Red,Local,26/08/2026,4500,5000,4750
Tamil Nadu,Karur,Pallapatti (Uzhavar Sandhai ),Ridgeguard(Tori),Ridgeguard(Tori),Local,26/08/2026,5500,6000,5750
Tamil Nadu,Karur,Pallapatti (Uzhavar Sandhai ),Mango(Raw-Ripe),Mango - Raw-Ripe,Local,26/08/2026,7500,8000,7750
Tamil Nadu,Karur,Pallapatti (Uzhavar Sandhai ),Guava,Guava Allahabad,Local,26/08/2026,5000,6000,5500
Tamil Nadu,Karur,Pallapatti (Uzhavar Sandhai ),Baby Corn,Baby Corn,Grade A,26/08/2026,4500,5000,4750
Tamil Nadu,Karur,Velayuthampalayam(Uzhavar Sandhai ),Bitter gourd,Bitter Gourd,Local,26/08/2026,5200,6000,5600
Tamil Nadu,Karur,Velayuthampalayam(Uzhavar Sandhai ),Drumstick,Drumstick,Local,26/08/2026,2400,3000,2700
Tamil Nadu,Karur,Vengamedu(Uzhavar Sandhai ),Brinjal,Other,Local,26/08/2026,4000,5000,4500
Tamil Nadu,Karur,Vengamedu(Uzhavar Sandhai ),Tomato,Deshi,Local,26/08/2026,1500,2000,1750
Tamil Nadu,Karur,Vengamedu(Uzhavar Sandhai ),Coconut,Coconut,Local,26/08/2026,5500,6000,5750
Tamil Nadu,Karur,Vengamedu(Uzhavar Sandhai ),Drumstick,Drumstick,Local,26/08/2026,2500,3000,2750
Tamil Nadu,Theni,Devaram(Uzhavar Sandhai ),Potato,Red Nanital,Local,26/08/2026,2600,2600,2600
Tamil Nadu,Theni,Devaram(Uzhavar Sandhai ),Papaya,Papaya,Local,26/08/2026,3000,3000,3000
Tamil Nadu,Theni,Devaram(Uzhavar Sandhai ),Coconut,Coconut,Local,26/08/2026,5400,5400,5400
Tamil Nadu,Theni,Devaram(Uzhavar Sandhai ),Ridgeguard(Tori),Ridgeguard(Tori),Local,26/08/2026,4000,4000,4000
Tamil Nadu,Theni,Devaram(Uzhavar Sandhai ),Mint(Pudina),Mint(Pudina),Local,26/08/2026,5000,5000,5000
Tamil Nadu,Salem,Attayampatti(Uzhavar Sandhai ),Banana,Red Banana,Local,26/08/2026,7500,8000,7750
Tamil Nadu,Salem,Attayampatti(Uzhavar Sandhai ),Bottle gourd,Bottle Gourd,Local,26/08/2026,2600,3000,2800
Tamil Nadu,Salem,Attayampatti(Uzhavar Sandhai ),Banana - Green,Banana - Green,Local,26/08/2026,2600,3000,2800
Tamil Nadu,Salem,Attayampatti(Uzhavar Sandhai ),Ridgeguard(Tori),Ridgeguard(Tori),Local,26/08/2026,4000,4000,4000
Tamil Nadu,Sivaganga,Sivagangai (Uzhavar Sandhai ),Banana,Poovan,Local,26/08/2026,4000,4000,4000
Tamil Nadu,Sivaganga,Sivagangai (Uzhavar Sandhai ),Potato,Red Nanital,Local,26/08/2026,5600,6200,5900
Tamil Nadu,Sivaganga,Sivagangai (Uzhavar Sandhai ),Coriander(Leaves),I Sort,Local,26/08/2026,4200,4600,4400
Tamil Nadu,Sivaganga,Sivagangai (Uzhavar Sandhai ),Papaya,Papaya,Local,26/08/2026,4200,4600,4400
Tamil Nadu,Sivaganga,Sivagangai (Uzhavar Sandhai ),Carrot,Pusakesar,Local,26/08/2026,5200,7200,6200
Tamil Nadu,Sivaganga,Sivagangai (Uzhavar Sandhai ),Chow Chow,Chow Chow,Local,26/08/2026,2600,3200,2900
Tamil Nadu,Sivaganga,Devakottai (Uzhavar Sandhai ),Cauliflower,Ranchi,Local,26/08/2026,3200,4000,3600
Tamil Nadu,Sivaganga,Devakottai (Uzhavar Sandhai ),Tomato,Deshi,Local,26/08/2026,2200,2500,2350
Tamil Nadu,Sivaganga,Devakottai (Uzhavar Sandhai ),Ridgeguard(Tori),Ridgeguard(Tori),Local,26/08/2026,4400,5200,4800
Tamil Nadu,Salem,Edapadi (Uzhavar Sandhai ),Onion,Bellary,Local,26/08/2026,5500,6000,5750
Tamil Nadu,Salem,Edapadi (Uzhavar Sandhai ),Mousambi(Sweet Lime),Mousambi,Local,26/08/2026,2800,3000,2900
Tamil Nadu,Salem,Edapadi (Uzhavar Sandhai ),Pumpkin,Pumpkin,Local,26/08/2026,2200,2500,2350
Tamil Nadu,Salem,Edapadi (Uzhavar Sandhai ),Sweet Potato,Hosur Red,Local,26/08/2026,3500,4000,3750
Tamil Nadu,Salem,Edapadi (Uzhavar Sandhai ),Ridgeguard(Tori),Ridgeguard(Tori),Local,26/08/2026,3500,4000,3750
Tamil Nadu,Salem,Edapadi (Uzhavar Sandhai ),Guava,Guava Allahabad,Local,26/08/2026,4600,5000,4800
Tamil Nadu,Salem,Edapadi (Uzhavar Sandhai ),Onion Green,Onion Green,Local,26/08/2026,5800,6000,5900
Tamil Nadu,Salem,Elampillai(Uzhavar Sandhai ),Potato,Other,Local,26/08/2026,4500,5000,4750
Tamil Nadu,Salem,Elampillai(Uzhavar Sandhai ),Garlic,Garlic,Local,26/08/2026,23000,24000,23500
Tamil Nadu,Salem,Elampillai(Uzhavar Sandhai ),Papaya,Papaya,Local,26/08/2026,2500,3000,2750
Tamil Nadu,Salem,Elampillai(Uzhavar Sandhai ),Mousambi(Sweet Lime),Mousambi,Local,26/08/2026,4000,5000,4500
Tamil Nadu,Salem,Elampillai(Uzhavar Sandhai ),Amaranthus,Amaranthus,Local,26/08/2026,2000,2400,2200
Tamil Nadu,Salem,Elampillai(Uzhavar Sandhai ),Cabbage,Cabbage,Local,26/08/2026,3000,3500,3250
Tamil Nadu,Salem,Elampillai(Uzhavar Sandhai ),Raddish,Raddish,Local,26/08/2026,2500,2800,2650
Tamil Nadu,Salem,Elampillai(Uzhavar Sandhai ),Thondekai,Thondekai,Local,26/08/2026,4500,5000,4750
Tamil Nadu,Salem,Elampillai(Uzhavar Sandhai ),Marigold(Calcutta),Marigold(Calcutta),Local,26/08/2026,15000,16000,15500
Tamil Nadu,Salem,Hasthampatti(Uzhavar Sandhai ),Green Peas,Green Peas,Local,26/08/2026,14000,15000,14500
Tamil Nadu,Salem,Hasthampatti(Uzhavar Sandhai ),Bitter gourd,Other,Local,26/08/2026,4000,4500,4250
Tamil Nadu,Salem,Hasthampatti(Uzhavar Sandhai ),Bottle gourd,Bottle Gourd,Local,26/08/2026,2500,3000,2750
Tamil Nadu,Salem,Hasthampatti(Uzhavar Sandhai ),Amaranthus,Amaranthus,Local,26/08/2026,2000,2400,2200
Tamil Nadu,Salem,Hasthampatti(Uzhavar Sandhai ),Ginger(Green),Green Ginger,Local,26/08/2026,17000,17500,17250
Tamil Nadu,Salem,Hasthampatti(Uzhavar Sandhai ),Cabbage,Cabbage,Local,26/08/2026,3000,3500,3250
Tamil Nadu,Salem,Hasthampatti(Uzhavar Sandhai ),Snakeguard,Snakeguard,Local,26/08/2026,3500,3800,3650
Tamil Nadu,Salem,Hasthampatti(Uzhavar Sandhai ),Beetroot,Beetroot,Local,26/08/2026,6000,6500,6250
Tamil Nadu,Salem,Hasthampatti(Uzhavar Sandhai ),Thondekai,Thondekai,Local,26/08/2026,4600,5000,4800
Tamil Nadu,Salem,Hasthampatti(Uzhavar Sandhai ),Green Avare(W),Other,Local,26/08/2026,5000,5500,5250
Tamil Nadu,Salem,Hasthampatti(Uzhavar Sandhai ),Chow Chow,Chow Chow,Local,26/08/2026,4000,4500,4250
Tamil Nadu,Salem,Hasthampatti(Uzhavar Sandhai ),Elephant Yam(Suran)/Amorphophallus,Elephant Yam (Suran),Local,26/08/2026,3600,4000,3800
Tamil Nadu,Salem,Jalagandapuram(Uzhavar Sandhai ),Banana,Red Banana,Local,26/08/2026,6000,7000,6500
Tamil Nadu,Salem,Jalagandapuram(Uzhavar Sandhai ),Tomato,Local,Local,26/08/2026,1500,2000,1750
Tamil Nadu,Salem,Jalagandapuram(Uzhavar Sandhai ),Bottle gourd,Bottle Gourd,Local,26/08/2026,2500,3000,2750
Tamil Nadu,Salem,Jalagandapuram(Uzhavar Sandhai ),Green Chilli,Green Chilly,Local,26/08/2026,5000,5200,5100
Tamil Nadu,Salem,Jalagandapuram(Uzhavar Sandhai ),Cowpea(Veg),Cowpea (Veg),Local,26/08/2026,5000,5500,5250
Tamil Nadu,Salem,Jalagandapuram(Uzhavar Sandhai ),Tapioca,Tapioca,Local,26/08/2026,3000,3500,3250
Tamil Nadu,Sivaganga,Singampunari(Uzhavar Sandhai ),Coriander(Leaves),I Sort,Local,26/08/2026,4200,4600,4400
Tamil Nadu,Sivaganga,Singampunari(Uzhavar Sandhai ),Cluster beans,Cluster Beans,Local,26/08/2026,3200,3800,3500
Tamil Nadu,Sivaganga,Singampunari(Uzhavar Sandhai ),Beans,Beans (Whole),Local,26/08/2026,10200,11200,10700
Tamil Nadu,Sivaganga,Singampunari(Uzhavar Sandhai ),Carrot,Pusakesar,Local,26/08/2026,5400,7200,6300
Tamil Nadu,Sivaganga,Singampunari(Uzhavar Sandhai ),Ridgeguard(Tori),Ridgeguard(Tori),Local,26/08/2026,4400,5200,4800
Tamil Nadu,Sivaganga,Singampunari(Uzhavar Sandhai ),Drumstick,Drumstick,Local,26/08/2026,3400,5200,4300
Tamil Nadu,Sivaganga,Singampunari(Uzhavar Sandhai ),Mango(Raw-Ripe),Mango - Raw-Ripe,Local,26/08/2026,5600,6000,5800
Tamil Nadu,Sivaganga,Singampunari(Uzhavar Sandhai ),Knool Khol,Knool Khol,Local,26/08/2026,4200,4600,4400
Tamil Nadu,Sivaganga,Singampunari(Uzhavar Sandhai ),Guava,Guava Allahabad,Local,26/08/2026,5000,6000,5500
Tamil Nadu,Sivaganga,Karaikudi(Uzhavar Sandhai ),Potato,Red Nanital,Local,26/08/2026,4500,5000,4750
Tamil Nadu,Sivaganga,Karaikudi(Uzhavar Sandhai ),Green Chilli,Green Chilly,Local,26/08/2026,3500,4000,3750
Tamil Nadu,Sivaganga,Karaikudi(Uzhavar Sandhai ),Ridgeguard(Tori),Ridgeguard(Tori),Local,26/08/2026,4400,5400,4900
Tamil Nadu,Sivaganga,Karaikudi(Uzhavar Sandhai ),Drumstick,Drumstick,Local,26/08/2026,3000,3400,3200
Tamil Nadu,Sivaganga,Karaikudi(Uzhavar Sandhai ),Guava,Guava Allahabad,Local,26/08/2026,5500,6500,6000
Tamil Nadu,Sivaganga,Karaikudi(Uzhavar Sandhai ),Elephant Yam(Suran)/Amorphophallus,Elephant Yam (Suran),Local,26/08/2026,4500,5000,4750
Tamil Nadu,Sivaganga,Tirupatthur(Uzhavar Sandhai ),Banana,Karpura,Local,26/08/2026,4000,4000,4000
Tamil Nadu,Sivaganga,Tirupatthur(Uzhavar Sandhai ),Papaya,Papaya,Local,26/08/2026,4500,5000,4750
Tamil Nadu,Sivaganga,Tirupatthur(Uzhavar Sandhai ),Cluster beans,Cluster Beans,Local,26/08/2026,4000,4500,4250
Tamil Nadu,Sivaganga,Tirupatthur(Uzhavar Sandhai ),Bottle gourd,Bottle Gourd,Local,26/08/2026,3200,3500,3350
Tamil Nadu,Sivaganga,Tirupatthur(Uzhavar Sandhai ),Ashgourd,Gouard,Local,26/08/2026,2000,2500,2250
Tamil Nadu,Sivaganga,Tirupatthur(Uzhavar Sandhai ),Amaranthus,Amaranthus,Local,26/08/2026,3500,4000,3750
Tamil Nadu,Sivaganga,Tirupatthur(Uzhavar Sandhai ),Green Chilli,Green Chilly,Local,26/08/2026,3500,4000,3750
Tamil Nadu,Sivaganga,Tirupatthur(Uzhavar Sandhai ),Ginger(Green),Green Ginger,Local,26/08/2026,12400,20500,16450
Tamil Nadu,Sivaganga,Tirupatthur(Uzhavar Sandhai ),Coconut,Coconut,Local,26/08/2026,6500,7000,6750
Tamil Nadu,Sivaganga,Tirupatthur(Uzhavar Sandhai ),Carrot,Pusakesar,Local,26/08/2026,5400,7500,6450
Tamil Nadu,Sivaganga,Tirupatthur(Uzhavar Sandhai ),Green Avare(W),Green Avare (W),Local,26/08/2026,5000,5500,5250
Tamil Nadu,Sivaganga,Tirupatthur(Uzhavar Sandhai ),Guava,Guava Allahabad,Local,26/08/2026,5400,6500,5950
Tamil Nadu,Sivaganga,Tirupatthur(Uzhavar Sandhai ),Mint(Pudina),Mint(Pudina),Local,26/08/2026,5000,6000,5500
Tamil Nadu,Thanjavur,Pattukottai(Uzhavar Sandhai ),Cluster beans,Cluster Beans,Local,26/08/2026,4000,4000,4000
Tamil Nadu,Thanjavur,Pattukottai(Uzhavar Sandhai ),Amaranthus,Amaranthus,Local,26/08/2026,2000,2000,2000
Tamil Nadu,Thanjavur,Pattukottai(Uzhavar Sandhai ),Ridgeguard(Tori),Ridgeguard(Tori),Local,26/08/2026,5600,5600,5600
Tamil Nadu,Thanjavur,Pattukottai(Uzhavar Sandhai ),Capsicum,Capsicum,Local,26/08/2026,6000,6000,6000
Tamil Nadu,Thanjavur,Pattukottai(Uzhavar Sandhai ),Green Avare(W),Green Avare (W),Local,26/08/2026,5400,5400,5400
Tamil Nadu,Thanjavur,Pattukottai(Uzhavar Sandhai ),Drumstick,Drumstick,Local,26/08/2026,4600,4600,4600
Tamil Nadu,Thanjavur,Thanjavur(Uzhavar Sandhai ),Apple,American,Local,26/08/2026,26000,26000,26000
Tamil Nadu,Thanjavur,Thanjavur(Uzhavar Sandhai ),Orange,Darjeeling,Local,26/08/2026,16000,16000,16000
Tamil Nadu,Thanjavur,Thanjavur(Uzhavar Sandhai ),Banana,Red Banana,Local,26/08/2026,10000,10000,10000
Tamil Nadu,Thanjavur,Thanjavur(Uzhavar Sandhai ),Onion,Bellary,Local,26/08/2026,5400,6000,5700
Tamil Nadu,Thanjavur,Thanjavur(Uzhavar Sandhai ),Tomato,Deshi,Local,26/08/2026,2200,2200,2200
Tamil Nadu,Thanjavur,Thanjavur(Uzhavar Sandhai ),Ginger(Green),Green Ginger,Local,26/08/2026,20000,20000,20000
Tamil Nadu,Thanjavur,Thanjavur(Uzhavar Sandhai ),Betal Leaves,Mysore,Local,26/08/2026,18000,18000,18000
Tamil Nadu,Thanjavur,Thanjavur(Uzhavar Sandhai ),Ridgeguard(Tori),Ridgeguard(Tori),Local,26/08/2026,5600,5600,5600
Tamil Nadu,Thanjavur,Thanjavur(Uzhavar Sandhai ),Thondekai,Thondekai,Local,26/08/2026,4800,4800,4800
Tamil Nadu,Thanjavur,Thanjavur(Uzhavar Sandhai ),Green Avare(W),Green Avare (W),Local,26/08/2026,4400,6000,5200
Tamil Nadu,Thanjavur,Thanjavur(Uzhavar Sandhai ),Colacasia,Colacasia,Local,26/08/2026,5600,5600,5600
Tamil Nadu,Thiruchirappalli,KKNagar(Uzhavar Sandhai ),Potato,Red Nanital,Local,26/08/2026,3000,3600,3300
Tamil Nadu,Thiruchirappalli,KKNagar(Uzhavar Sandhai ),Mousambi(Sweet Lime),Mousambi,Local,26/08/2026,6800,6800,6800
Tamil Nadu,Thiruchirappalli,KKNagar(Uzhavar Sandhai ),Tomato,Deshi,Local,26/08/2026,2400,2400,2400
Tamil Nadu,Thiruchirappalli,KKNagar(Uzhavar Sandhai ),Green Chilli,Green Chilly,Local,26/08/2026,4400,4400,4400
Tamil Nadu,Thiruchirappalli,KKNagar(Uzhavar Sandhai ),Carrot,Pusakesar,Local,26/08/2026,7400,7400,7400
Tamil Nadu,Thiruchirappalli,KKNagar(Uzhavar Sandhai ),Thondekai,Thondekai,Local,26/08/2026,4000,4000,4000
Tamil Nadu,Thiruchirappalli,KKNagar(Uzhavar Sandhai ),Yam(Ratalu),Yam (Ratalu),Local,26/08/2026,10000,10000,10000
Tamil Nadu,Thiruchirappalli,KKNagar(Uzhavar Sandhai ),Onion Green,Onion Green,Local,26/08/2026,8400,8400,8400
Tamil Nadu,Thiruchirappalli,Lalgudi(Uzhavar Sandhai ),Brinjal,Round,Local,26/08/2026,2600,4200,3400
Tamil Nadu,Thiruchirappalli,Lalgudi(Uzhavar Sandhai ),Pumpkin,Pumpkin,Local,26/08/2026,1800,1800,1800
Tamil Nadu,Thiruchirappalli,Lalgudi(Uzhavar Sandhai ),Banana - Green,Banana - Green,Local,26/08/2026,3000,3000,3000
Tamil Nadu,Thiruchirappalli,Lalgudi(Uzhavar Sandhai ),Beans,Beans (Whole),Local,26/08/2026,7400,7400,7400
Tamil Nadu,Thiruchirappalli,Lalgudi(Uzhavar Sandhai ),Tapioca,Tapioca,Local,26/08/2026,4000,4000,4000
Tamil Nadu,Thiruchirappalli,Lalgudi(Uzhavar Sandhai ),Ginger(Green),Green Ginger,Local,26/08/2026,19000,19000,19000
Tamil Nadu,Thiruchirappalli,Lalgudi(Uzhavar Sandhai ),Green Avare(W),Green Avare (W),Local,26/08/2026,4400,6600,5500
Tamil Nadu,Thiruchirappalli,Lalgudi(Uzhavar Sandhai ),Chow Chow,Chow Chow,Local,26/08/2026,4000,4000,4000
Tamil Nadu,Thiruchirappalli,Lalgudi(Uzhavar Sandhai ),Lemon,Lemon,Local,26/08/2026,16000,16000,16000
Tamil Nadu,Thiruchirappalli,Lalgudi(Uzhavar Sandhai ),Amla(Nelli Kai),Amla,Local,26/08/2026,9000,9000,9000
Tamil Nadu,Thiruchirappalli,Manachanallur(Uzhavar Sandhai ),Onion,Bellary,Local,26/08/2026,5000,6000,5500
Tamil Nadu,Thiruchirappalli,Manachanallur(Uzhavar Sandhai ),Cauliflower,Ranchi,Local,26/08/2026,4500,4500,4500
Tamil Nadu,Thiruchirappalli,Manachanallur(Uzhavar Sandhai ),Brinjal,Other,Local,26/08/2026,2500,2500,2500
Tamil Nadu,Thiruchirappalli,Manachanallur(Uzhavar Sandhai ),Coriander(Leaves),I Sort,Local,26/08/2026,3000,3000,3000
Tamil Nadu,Thiruchirappalli,Manachanallur(Uzhavar Sandhai ),Bitter gourd,Other,Local,26/08/2026,4500,5500,5000
Tamil Nadu,Thiruchirappalli,Manachanallur(Uzhavar Sandhai ),Bottle gourd,Bottle Gourd,Local,26/08/2026,2500,3000,2750
Tamil Nadu,Thiruchirappalli,Manachanallur(Uzhavar Sandhai ),Banana - Green,Banana - Green,Local,26/08/2026,2000,2500,2250
Tamil Nadu,Thiruchirappalli,Manachanallur(Uzhavar Sandhai ),Ginger(Green),Green Ginger,Local,26/08/2026,16000,18000,17000
Tamil Nadu,Thiruchirappalli,Manachanallur(Uzhavar Sandhai ),Sweet Potato,Hosur Red,Local,26/08/2026,4500,4500,4500
Tamil Nadu,Thiruchirappalli,Manachanallur(Uzhavar Sandhai ),Beetroot,Beetroot,Local,26/08/2026,5000,5000,5000
Tamil Nadu,Thiruchirappalli,Manachanallur(Uzhavar Sandhai ),Thondekai,Thondekai,Local,26/08/2026,4000,4000,4000
Tamil Nadu,Thiruchirappalli,Manachanallur(Uzhavar Sandhai ),Tender Coconut,Tender Coconut,Local,26/08/2026,3500,4500,4000
Tamil Nadu,Thiruchirappalli,Manachanallur(Uzhavar Sandhai ),Mint(Pudina),Mint(Pudina),Local,26/08/2026,5500,5500,5500
Tamil Nadu,Thiruchirappalli,Manapparai(Uzhavar Sandhai ),Potato,Other,Local,26/08/2026,3000,3000,3000
Tamil Nadu,Thiruchirappalli,Manapparai(Uzhavar Sandhai ),Cauliflower,Ranchi,Local,26/08/2026,5000,5000,5000
Tamil Nadu,Thiruchirappalli,Manapparai(Uzhavar Sandhai ),Chikoos(Sapota),Sapota,Local,26/08/2026,4000,4000,4000
Tamil Nadu,Thiruchirappalli,Manapparai(Uzhavar Sandhai ),Tomato,Other,Local,26/08/2026,2200,2200,2200
Tamil Nadu,Thiruchirappalli,Manapparai(Uzhavar Sandhai ),Bottle gourd,Bottle Gourd,Local,26/08/2026,2500,3000,2750
Tamil Nadu,Thiruchirappalli,Manapparai(Uzhavar Sandhai ),Ashgourd,Gouard,Local,26/08/2026,2000,2000,2000
Tamil Nadu,Thiruchirappalli,Manapparai(Uzhavar Sandhai ),Green Chilli,Green Chilly,Local,26/08/2026,4500,4500,4500
Tamil Nadu,Thiruchirappalli,Manapparai(Uzhavar Sandhai ),Beans,Beans (Whole),Local,26/08/2026,7500,7500,7500
Tamil Nadu,Thiruchirappalli,Manapparai(Uzhavar Sandhai ),Knool Khol,Knool Khol,Local,26/08/2026,4200,4200,4200
Tamil Nadu,Thiruchirappalli,Manapparai(Uzhavar Sandhai ),Guava,Guava Allahabad,Local,26/08/2026,10000,10000,10000
Tamil Nadu,Thiruchirappalli,Musiri(Uzhavar Sandhai ),Onion,Bellary,Local,26/08/2026,5000,6000,5500
Tamil Nadu,Thiruchirappalli,Musiri(Uzhavar Sandhai ),Brinjal,Round,Local,26/08/2026,3500,4000,3750
Tamil Nadu,Thiruchirappalli,Musiri(Uzhavar Sandhai ),Pumpkin,Pumpkin,Local,26/08/2026,1500,2000,1750
Tamil Nadu,Thiruchirappalli,Musiri(Uzhavar Sandhai ),Beans,Beans (Whole),Local,26/08/2026,6500,7500,7000
Tamil Nadu,Thiruchirappalli,Musiri(Uzhavar Sandhai ),Beetroot,Beetroot,Local,26/08/2026,4500,5000,4750
Tamil Nadu,Thiruchirappalli,Musiri(Uzhavar Sandhai ),Drumstick,Drumstick,Local,26/08/2026,2500,3000,2750
Tamil Nadu,Thiruchirappalli,Musiri(Uzhavar Sandhai ),Indian Beans(Seam),Indian Beans (Seam),Local,26/08/2026,6000,7000,6500
Tamil Nadu,Thiruchirappalli,Musiri(Uzhavar Sandhai ),Mint(Pudina),Mint(Pudina),Local,26/08/2026,4500,5000,4750
Tamil Nadu,Thiruchirappalli,Thiruverumbur(Uzhavar Sandhai ),Sweet Potato,Hosur Red,Local,26/08/2026,5000,5000,5000
Tamil Nadu,Thiruchirappalli,Thiruverumbur(Uzhavar Sandhai ),Raddish,Raddish,Local,26/08/2026,3000,3000,3000
Tamil Nadu,Thiruchirappalli,Thiruverumbur(Uzhavar Sandhai ),Lemon,Lemon,Local,26/08/2026,17000,17000,17000
Tamil Nadu,Thiruchirappalli,Thiruverumbur(Uzhavar Sandhai ),Amla(Nelli Kai),Amla,Local,26/08/2026,8600,8600,8600
Tamil Nadu,Thiruchirappalli,Thiruverumbur(Uzhavar Sandhai ),Mint(Pudina),Mint(Pudina),Local,26/08/2026,5000,5000,5000
Tamil Nadu,Virudhunagar,Rajapalayam(Uzhavar Sandhai ),Green Chilli,Green Chilly,Local,26/08/2026,4500,5000,4750
Tamil Nadu,Virudhunagar,Rajapalayam(Uzhavar Sandhai ),Coconut,Coconut,Local,26/08/2026,5000,6000,5500
Tamil Nadu,Virudhunagar,Rajapalayam(Uzhavar Sandhai ),Cabbage,Cabbage,Local,26/08/2026,2700,3200,2950
Tamil Nadu,Virudhunagar,Rajapalayam(Uzhavar Sandhai ),Beetroot,Beetroot,Local,26/08/2026,4500,5000,4750
Tamil Nadu,Virudhunagar,Rajapalayam(Uzhavar Sandhai ),Raddish,Raddish,Local,26/08/2026,3000,3600,3300
Tamil Nadu,Virudhunagar,Rajapalayam(Uzhavar Sandhai ),Chow Chow,Chow Chow,Local,26/08/2026,3000,3500,3250
Tamil Nadu,Virudhunagar,Rajapalayam(Uzhavar Sandhai ),Lime,Lime,Local,26/08/2026,11000,12000,11500
Tamil Nadu,Virudhunagar,Rajapalayam(Uzhavar Sandhai ),Lemon,Lemon,Local,26/08/2026,14000,15000,14500
Punjab,Mohali,Kharar APMC,Apple,Other,Medium,26/08/2026,7500,10000,9000
Tamil Nadu,Virudhunagar,Sathur(Uzhavar Sandhai ),Chikoos(Sapota),Sapota,Local,26/08/2026,2500,3000,2750
Tamil Nadu,Virudhunagar,Sathur(Uzhavar Sandhai ),Tomato,Deshi,Local,26/08/2026,2000,2500,2250
Tamil Nadu,Virudhunagar,Sathur(Uzhavar Sandhai ),Bitter gourd,Bitter Gourd,Local,26/08/2026,5500,6000,5750
Tamil Nadu,Virudhunagar,Sathur(Uzhavar Sandhai ),Bhindi(Ladies Finger),Bhindi,Local,26/08/2026,3500,4000,3750
Tamil Nadu,Virudhunagar,Sathur(Uzhavar Sandhai ),Beetroot,Beetroot,Local,26/08/2026,4500,5000,4750
Tamil Nadu,Virudhunagar,Sivakasi(Uzhavar Sandhai ),Potato,Red Nanital,Local,26/08/2026,3500,4000,3750
Tamil Nadu,Virudhunagar,Sivakasi(Uzhavar Sandhai ),Papaya,Papaya,Local,26/08/2026,2500,3000,2750
Tamil Nadu,Virudhunagar,Sivakasi(Uzhavar Sandhai ),Cluster beans,Cluster Beans,Local,26/08/2026,4000,5000,4500
Tamil Nadu,Virudhunagar,Sivakasi(Uzhavar Sandhai ),Bitter gourd,Bitter Gourd,Local,26/08/2026,5000,6000,5500
Tamil Nadu,Virudhunagar,Sivakasi(Uzhavar Sandhai ),Bhindi(Ladies Finger),Bhindi,Local,26/08/2026,3500,4000,3750
Tamil Nadu,Virudhunagar,Sivakasi(Uzhavar Sandhai ),Green Chilli,Green Chilly,Local,26/08/2026,5000,6000,5500
Tamil Nadu,Virudhunagar,Sivakasi(Uzhavar Sandhai ),Beans,Beans (Whole),Local,26/08/2026,8000,10000,9000
Tamil Nadu,Virudhunagar,Sivakasi(Uzhavar Sandhai ),Chow Chow,Chow Chow,Local,26/08/2026,3500,4000,3750
Tamil Nadu,Virudhunagar,Sivakasi(Uzhavar Sandhai ),Guava,Guava Allahabad,Local,26/08/2026,5000,6000,5500
Tamil Nadu,Virudhunagar,Sivakasi(Uzhavar Sandhai ),Lemon,Lemon,Local,26/08/2026,14000,16000,15000
Tamil Nadu,Virudhunagar,Sivakasi(Uzhavar Sandhai ),Onion Green,Onion Green,Local,26/08/2026,7000,8000,7500
Tamil Nadu,Virudhunagar,Thalavaipuram(Uzhavar Sandhai ),Onion,Bellary,Local,26/08/2026,4500,5500,5000
Tamil Nadu,Virudhunagar,Thalavaipuram(Uzhavar Sandhai ),Brinjal,Round,Local,26/08/2026,3200,4000,3600
Tamil Nadu,Virudhunagar,Thalavaipuram(Uzhavar Sandhai ),Chikoos(Sapota),Sapota,Local,26/08/2026,2800,3500,3150
Tamil Nadu,Virudhunagar,Thalavaipuram(Uzhavar Sandhai ),Tomato,Deshi,Local,26/08/2026,1200,1600,1400
Tamil Nadu,Virudhunagar,Thalavaipuram(Uzhavar Sandhai ),Ashgourd,Gouard,Local,26/08/2026,2500,3000,2750
Tamil Nadu,Virudhunagar,Thalavaipuram(Uzhavar Sandhai ),Amaranthus,Amaranthus,Local,26/08/2026,2800,3500,3150
Tamil Nadu,Virudhunagar,Thalavaipuram(Uzhavar Sandhai ),Banana - Green,Banana - Green,Local,26/08/2026,2800,3500,3150
Tamil Nadu,Virudhunagar,Thalavaipuram(Uzhavar Sandhai ),Coconut,Coconut,Local,26/08/2026,5000,6000,5500
Tamil Nadu,Virudhunagar,Thalavaipuram(Uzhavar Sandhai ),Chow Chow,Chow Chow,Local,26/08/2026,2800,3500,3150
Tamil Nadu,Virudhunagar,Thalavaipuram(Uzhavar Sandhai ),Lemon,Lemon,Local,26/08/2026,12000,15000,13500
Tamil Nadu,Chengalpattu,Chengalpet(Uzhavar Sandhai ),Banana - Green,Banana - Green,Local,26/08/2026,3500,4000,3750
Tamil Nadu,Chengalpattu,Madhuranthagam(Uzhavar Sandhai ),Banana,Poovan,Local,26/08/2026,3000,4000,3500
Tamil Nadu,Chengalpattu,Madhuranthagam(Uzhavar Sandhai ),Bitter gourd,Bitter Gourd,Local,26/08/2026,4000,4000,4000
Tamil Nadu,Chengalpattu,Madhuranthagam(Uzhavar Sandhai ),Ashgourd,Gouard,Local,26/08/2026,3000,3000,3000
Tamil Nadu,Chengalpattu,Madhuranthagam(Uzhavar Sandhai ),Pumpkin,Pumpkin,Local,26/08/2026,2000,2000,2000
Tamil Nadu,Chengalpattu,Madhuranthagam(Uzhavar Sandhai ),Amaranthus,Amaranthus,Local,26/08/2026,3000,3000,3000
Tamil Nadu,Chengalpattu,Madhuranthagam(Uzhavar Sandhai ),Ginger(Green),Green Ginger,Local,26/08/2026,12000,12000,12000
Tamil Nadu,Chengalpattu,Madhuranthagam(Uzhavar Sandhai ),Onion Green,Onion Green,Local,26/08/2026,6000,6000,6000
Tamil Nadu,Chengalpattu,Madhuranthagam(Uzhavar Sandhai ),Mint(Pudina),Mint(Pudina),Local,26/08/2026,4000,4000,4000
Tamil Nadu,Chengalpattu,Medavakkam(Uzhavar Sandhai ),Coriander(Leaves),I Sort,Local,26/08/2026,4000,4000,4000
Tamil Nadu,Chengalpattu,Medavakkam(Uzhavar Sandhai ),Ginger(Green),Green Ginger,Local,26/08/2026,10000,20000,15000
Tamil Nadu,Chengalpattu,Medavakkam(Uzhavar Sandhai ),Mint(Pudina),Mint(Pudina),Local,26/08/2026,3000,4000,3500
Tamil Nadu,Chengalpattu,Medavakkam(Uzhavar Sandhai ),Rose(Local),Rose (Local),Local,26/08/2026,20000,25000,22500
Tamil Nadu,Chengalpattu,Nanganallur(Uzhavar Sandhai ),Grapes,Annabesahai,Local,26/08/2026,8500,9000,8750
Tamil Nadu,Chengalpattu,Nanganallur(Uzhavar Sandhai ),Brinjal,Round,Local,26/08/2026,3000,3000,3000
Tamil Nadu,Chengalpattu,Nanganallur(Uzhavar Sandhai ),Bitter gourd,Bitter Gourd,Local,26/08/2026,6500,7000,6750
Tamil Nadu,Chengalpattu,Nanganallur(Uzhavar Sandhai ),Ashgourd,Gouard,Local,26/08/2026,2500,3000,2750
Tamil Nadu,Chengalpattu,Nanganallur(Uzhavar Sandhai ),Green Chilli,Green Chilly,Local,26/08/2026,5000,6000,5500
Tamil Nadu,Chengalpattu,Nanganallur(Uzhavar Sandhai ),Banana - Green,Banana - Green,Local,26/08/2026,3500,4000,3750
Tamil Nadu,Chengalpattu,Nanganallur(Uzhavar Sandhai ),Sweet Potato,Hosur Red,Local,26/08/2026,5000,6000,5500
Tamil Nadu,Chengalpattu,Nanganallur(Uzhavar Sandhai ),Cucumbar(Kheera),Cucumbar,Local,26/08/2026,6500,7000,6750
Tamil Nadu,Chengalpattu,Nanganallur(Uzhavar Sandhai ),Ridgeguard(Tori),Ridgeguard(Tori),Local,26/08/2026,7500,8000,7750
Tamil Nadu,Chengalpattu,Nanganallur(Uzhavar Sandhai ),Green Avare(W),Green Avare (W),Local,26/08/2026,7500,8000,7750
Tamil Nadu,Chengalpattu,Nanganallur(Uzhavar Sandhai ),Guava,Guava Allahabad,Local,26/08/2026,4500,5000,4750
Tamil Nadu,Chengalpattu,Nanganallur(Uzhavar Sandhai ),Karbuja(Musk Melon),Karbhuja,Local,26/08/2026,3500,4000,3750
Tamil Nadu,Chengalpattu,Nanganallur(Uzhavar Sandhai ),Amla(Nelli Kai),Amla,Local,26/08/2026,9000,9500,9250
Tamil Nadu,Chengalpattu,Pallavaram(Uzhavar Sandhai ),Bottle gourd,Bottle Gourd,Local,26/08/2026,3500,4000,3750
Tamil Nadu,Chengalpattu,Pallavaram(Uzhavar Sandhai ),Bhindi(Ladies Finger),Bhindi,Local,26/08/2026,4000,5000,4500
Tamil Nadu,Chengalpattu,Pallavaram(Uzhavar Sandhai ),Beans,Beans (Whole),Local,26/08/2026,9000,10000,9500
Tamil Nadu,Chengalpattu,Pallavaram(Uzhavar Sandhai ),Ginger(Green),Green Ginger,Local,26/08/2026,16000,18000,17000
Tamil Nadu,Chengalpattu,Pallavaram(Uzhavar Sandhai ),Cabbage,Cabbage,Local,26/08/2026,2000,2500,2250
Tamil Nadu,Chengalpattu,Pallavaram(Uzhavar Sandhai ),Cucumbar(Kheera),Cucumbar,Local,26/08/2026,4000,5000,4500
Tamil Nadu,Chengalpattu,Pallavaram(Uzhavar Sandhai ),Raddish,Raddish,Local,26/08/2026,3500,4000,3750
Tamil Nadu,Chengalpattu,Pallavaram(Uzhavar Sandhai ),Lemon,Lemon,Local,26/08/2026,19000,20000,19500
Tamil Nadu,Nagercoil (Kannyiakumari),Myladi(Uzhavar Sandhai ),Ashgourd,Gouard,Local,26/08/2026,2200,2500,2350
Tamil Nadu,Nagercoil (Kannyiakumari),Myladi(Uzhavar Sandhai ),Pumpkin,Pumpkin,Local,26/08/2026,1800,2000,1900
Tamil Nadu,Nagercoil (Kannyiakumari),Myladi(Uzhavar Sandhai ),Amaranthus,Amaranthus,Local,26/08/2026,1200,1500,1350
Tamil Nadu,Nagercoil (Kannyiakumari),Myladi(Uzhavar Sandhai ),Cucumbar(Kheera),Cucumbar,Local,26/08/2026,2200,2500,2350
Tamil Nadu,Chengalpattu,Jameenrayapettai(Uzhavar Sandhai ),Groundnut,Big (With Shell),Local,26/08/2026,7000,8000,7500
Tamil Nadu,Chengalpattu,Jameenrayapettai(Uzhavar Sandhai ),Apple,American,Local,26/08/2026,21000,23000,22000
Tamil Nadu,Chengalpattu,Jameenrayapettai(Uzhavar Sandhai ),Orange,Darjeeling,Local,26/08/2026,12000,13000,12500
Tamil Nadu,Chengalpattu,Jameenrayapettai(Uzhavar Sandhai ),Potato,Other,Local,26/08/2026,2500,3000,2750
Tamil Nadu,Chengalpattu,Jameenrayapettai(Uzhavar Sandhai ),Brinjal,Round,Local,26/08/2026,3500,4000,3750
Tamil Nadu,Chengalpattu,Jameenrayapettai(Uzhavar Sandhai ),Amaranthus,Amaranthus,Local,26/08/2026,2500,3000,2750
Tamil Nadu,Chengalpattu,Jameenrayapettai(Uzhavar Sandhai ),Green Chilli,Green Chilly,Local,26/08/2026,5000,6000,5500
Tamil Nadu,Chengalpattu,Jameenrayapettai(Uzhavar Sandhai ),Ginger(Green),Green Ginger,Local,26/08/2026,16000,18000,17000
Tamil Nadu,Chengalpattu,Jameenrayapettai(Uzhavar Sandhai ),Carrot,Pusakesar,Local,26/08/2026,9000,10000,9500
Tamil Nadu,Chengalpattu,Jameenrayapettai(Uzhavar Sandhai ),Mango(Raw-Ripe),Mango - Raw-Ripe,Local,26/08/2026,5000,6000,5500
Tamil Nadu,Chengalpattu,Jameenrayapettai(Uzhavar Sandhai ),Guava,Guava Allahabad,Local,26/08/2026,5000,6000,5500
Tamil Nadu,Chengalpattu,Jameenrayapettai(Uzhavar Sandhai ),Onion Green,Onion Green,Local,26/08/2026,12000,13000,12500
Haryana,Fatehabad,Tohana(New Veg Market) APMC,Potato,Potato,FAQ,26/08/2026,600,800,700
Tamil Nadu,Villupuram,Tindivanam APMC,Banana,Besrai,Local,26/08/2026,6000,6000,6000
Tamil Nadu,Villupuram,Tindivanam APMC,Cluster beans,Cluster Beans,Local,26/08/2026,4000,4000,4000
Tamil Nadu,Villupuram,Tindivanam APMC,Ashgourd,Gouard,Local,26/08/2026,1500,1500,1500
Tamil Nadu,Villupuram,Tindivanam APMC,Carrot,Pusakesar,Local,26/08/2026,7000,7000,7000
Tamil Nadu,Villupuram,Tindivanam APMC,Cabbage,Cabbage,Local,26/08/2026,3500,3500,3500
Tamil Nadu,Villupuram,Tindivanam APMC,Green Avare(W),Green Avare (W),Local,26/08/2026,4800,4800,4800
Tamil Nadu,Villupuram,Tindivanam APMC,Guava,Guava Allahabad,Local,26/08/2026,6000,6000,6000
Tamil Nadu,Villupuram,Ulundurpettai APMC,Banana,Besrai,Local,26/08/2026,3000,4000,3500
Tamil Nadu,Villupuram,Ulundurpettai APMC,Bitter gourd,Bitter Gourd,Local,26/08/2026,6000,6000,6000
Tamil Nadu,Villupuram,Ulundurpettai APMC,Ashgourd,Gouard,Local,26/08/2026,2000,2000,2000
Tamil Nadu,Villupuram,Ulundurpettai APMC,Raddish,Raddish,Local,26/08/2026,4000,4000,4000
Tamil Nadu,Villupuram,Ulundurpettai APMC,Mango(Raw-Ripe),Mango - Raw-Ripe,Local,26/08/2026,2000,2000,2000
Tamil Nadu,Villupuram,Ulundurpettai APMC,Yam(Ratalu),Yam (Ratalu),Local,26/08/2026,3000,3000,3000
Tamil Nadu,Villupuram,Ulundurpettai APMC,Mint(Pudina),Mint(Pudina),Local,26/08/2026,3000,3000,3000
Maharashtra,Chattrapati Sambhajinagar,Chattrapati Sambhajinagar APMC,Ginger(Green),Other,Local,26/08/2026,3500,6500,5000
Maharashtra,Chattrapati Sambhajinagar,Chattrapati Sambhajinagar APMC,Potato,Other,Local,26/08/2026,700,1000,850
Maharashtra,Chattrapati Sambhajinagar,Chattrapati Sambhajinagar APMC,Bitter gourd,Other,Local,26/08/2026,1700,3200,2450
Maharashtra,Chattrapati Sambhajinagar,Chattrapati Sambhajinagar APMC,Ridgeguard(Tori),Other,Local,26/08/2026,1700,2200,1950
Maharashtra,Jalgaon,Bhusaval APMC,Sweet Pumpkin,Other,Local,26/08/2026,500,1000,800
Maharashtra,Jalgaon,Bhusaval APMC,Carrot,Other,Local,26/08/2026,2000,2000,2000
Maharashtra,Jalgaon,Bhusaval APMC,Mango(Raw-Ripe),Other,Local,26/08/2026,8000,8000,8000
Maharashtra,Jalgaon,Bhusaval APMC,Onion,Unhali,Local,26/08/2026,3000,3500,3500
Maharashtra,Jalgaon,Bhusaval APMC,Cabbage,Other,Local,26/08/2026,800,1200,1000
Maharashtra,Jalgaon,Bhusaval APMC,Coriander(Leaves),Other,Local,26/08/2026,800,1200,1000
Maharashtra,Kolhapur,Kolhapur(Laxmipuri) APMC,Rice,1009 Kar,Local,26/08/2026,3200,9400,6300
Maharashtra,Mumbai,Mumbai APMC,Sabu Dan,Other,Local,26/08/2026,6000,71000,6550
Maharashtra,Mumbai,Mumbai APMC,Jowar(Sorghum),Other,Local,26/08/2026,2500,7200,5200
Maharashtra,Mumbai,Mumbai APMC,Maize,Other,FAQ,26/08/2026,2500,4000,3400
Maharashtra,Mumbai,Mumbai APMC,Bengal Gram(Gram)(Whole),Other,FAQ,26/08/2026,6800,7900,7400
Maharashtra,Mumbai,Mumbai APMC,Sweet Pumpkin,Other,Local,26/08/2026,600,1200,900
Maharashtra,Mumbai,Mumbai APMC,Mango(Raw-Ripe),Other,Local,26/08/2026,4000,6000,5000
Maharashtra,Mumbai,Mumbai APMC,Cabbage,Other,Local,26/08/2026,800,1200,1000
Maharashtra,Mumbai,Mumbai APMC,Snakeguard,Other,Local,26/08/2026,2000,2600,2300
Maharashtra,Mumbai,Mumbai APMC,Sweet Potato,Other,Local,26/08/2026,1600,3600,2600
Maharashtra,Nashik,Lasalgaon(Vinchur) APMC,Onion,Unhali,Local,26/08/2026,1000,4415,3950
Maharashtra,Pune,Khed(Chakan) APMC,Cucumbar(Kheera),Other,Local,26/08/2026,800,2000,1300
Maharashtra,Pune,Khed(Chakan) APMC,Bitter gourd,Other,Local,26/08/2026,1500,3500,2500
Maharashtra,Pune,Khed(Chakan) APMC,Chilly Capsicum,Other,Local,26/08/2026,1000,2500,1800
Maharashtra,Pune,Khed(Chakan) APMC,Peas Wet,Other,Local,26/08/2026,5000,9000,7000
Maharashtra,Ratnagiri,Ratnagiri (Nachane) APMC,Tomato,Other,Local,26/08/2026,500,1200,1000
Maharashtra,Ratnagiri,Ratnagiri (Nachane) APMC,Brinjal,Other,Local,26/08/2026,1000,3000,2000
Maharashtra,Ratnagiri,Ratnagiri (Nachane) APMC,Green Chilli,Other,Local,26/08/2026,2000,3500,3000
Maharashtra,Pune,Pune(Khadiki) APMC,Potato,Local,Local,26/08/2026,800,1200,1000
Maharashtra,Pune,Pune(Khadiki) APMC,Guar,Other,Local,26/08/2026,2500,2500,2500
Maharashtra,Pune,Pune(Khadiki) APMC,Spinach,Other,Local,26/08/2026,4,6,5
Maharashtra,Pune,Pune APMC,Lentil(Masur)(Whole),Other,FAQ,26/08/2026,7100,7300,7200
Uttar Pradesh,Etah,Aliganj APMC,Tobacco,Other,FAQ,26/08/2026,800,1500,1181.82
Uttar Pradesh,Auraiya,Achalda APMC,Black Gram Dal(Urd Dal),Other,FAQ,26/08/2026,8000,8000,8000
Maharashtra,Solapur,Mangal Wedha APMC,Tomato,Local,Local,26/08/2026,200,1800,1100
Uttar Pradesh,Jalaun (Orai),Orai APMC,Capsicum,Other,FAQ,26/08/2026,2200,2200,2200
Uttar Pradesh,Fatehpur,Fatehpur APMC,Wheat,Dara,FAQ,26/08/2026,2500,2500,2500
Uttar Pradesh,Aligarh,Aligarh APMC,Onion,Other,FAQ,26/08/2026,3000,3000,3000
Uttar Pradesh,Badaun,Babrala APMC,Wood,Eucalyptus,Local,26/08/2026,580,600,590
Uttar Pradesh,Mainpuri,Ghiraur APMC,Garlic,Other,FAQ,26/08/2026,8000,8000,8000
Uttar Pradesh,Kasganj,Kasganj APMC,Wheat,Dara,FAQ,26/08/2026,2555,2555,2555
Gujarat,Navsari,Navsari APMC,Cauliflower,Cauliflower,Local,26/08/2026,3000,4000,3500
Gujarat,Navsari,Navsari APMC,Brinjal,Brinjal,Local,26/08/2026,2500,3500,2750
Gujarat,Navsari,Navsari APMC,Little gourd(Kundru),Little gourd (Kundru),Local,26/08/2026,6000,7000,6500
Gujarat,Navsari,Navsari APMC,Bottle gourd,Bottle Gourd,Local,26/08/2026,2000,2500,2250
Gujarat,Gandhinagar,"Kalol(Veg,Market,Kalol) APMC",Green Chilli,Green Chilly,Local,26/08/2026,2250,4250,3000
Gujarat,Anand,"Anand(Veg,Yard,Anand) APMC",Cabbage,Cabbage,Grade B,26/08/2026,1000,1500,1250
Gujarat,Anand,"Anand(Veg,Yard,Anand) APMC",Bhindi(Ladies Finger),Bhindi,Grade B,26/08/2026,2000,2500,2250
Gujarat,Anand,"Anand(Veg,Yard,Anand) APMC",Cauliflower,Cauliflower,Grade B,26/08/2026,1500,2000,1750
West Bengal,Medinipur(W),Medinipur(West) APMC,Ginger(Dry),Dry,FAQ,26/08/2026,16000,17000,16500
West Bengal,Medinipur(W),Medinipur(West) APMC,Bhindi(Ladies Finger),Bhindi,FAQ,26/08/2026,2600,2800,2700
West Bengal,Medinipur(W),Medinipur(West) APMC,Onion,Onion,FAQ,26/08/2026,4100,4300,4200
West Bengal,Medinipur(W),Medinipur(West) APMC,Cucumbar(Kheera),Cucumbar,FAQ,26/08/2026,2500,2700,2600
West Bengal,Medinipur(W),Medinipur(West) APMC,Brinjal,Brinjal,FAQ,26/08/2026,3600,3800,3700
West Bengal,Medinipur(W),Medinipur(West) APMC,Green Chilli,Green Chilly,FAQ,26/08/2026,6000,6400,6200
Gujarat,Mehsana,Mehsana(Jornang) APMC,Castor Seed,Castor seed,Local,26/08/2026,7105,7175,7150
Gujarat,Mehsana,Mehsana(Jornang) APMC,Bajra(Pearl Millet/Cumbu),Local,Local,26/08/2026,2325,2575,2500
Gujarat,Mehsana,Mehsana(Mehsana Veg) APMC,Potato,Potato,Local,26/08/2026,500,1500,1000
Gujarat,Mehsana,Mehsana(Mehsana Veg) APMC,Cabbage,Cabbage,Local,26/08/2026,750,2500,1750
Gujarat,Banaskanth,Deesa(Deesa Veg Yard) APMC,Garlic,Other,FAQ,26/08/2026,8000,18000,13000
Gujarat,Banaskanth,Deesa(Deesa Veg Yard) APMC,Tomato,Other,FAQ,26/08/2026,1800,2000,1900
Gujarat,Banaskanth,Deesa(Deesa Veg Yard) APMC,Lemon,Other,FAQ,26/08/2026,2500,4000,3250
Gujarat,Banaskanth,Deesa(Deesa Veg Yard) APMC,Green Chilli,Other,FAQ,26/08/2026,2000,3000,2500
Gujarat,Surat,Songadh(Umrada) APMC,Guar,Guaar,FAQ,26/08/2026,8000,8000,8000
Gujarat,Rajkot,Rajkot APMC,Jowar(Sorghum),Jowar ( White),FAQ,26/08/2026,5700,6555,6330
Gujarat,Rajkot,Rajkot APMC,Wheat,Lokwan,FAQ,26/08/2026,2475,2725,2605
Gujarat,Rajkot,Rajkot APMC,Wheat,Sharbati,FAQ,26/08/2026,2525,3030,2700
Gujarat,Rajkot,Rajkot APMC,Soyabean,Soyabeen,FAQ,26/08/2026,5250,6150,5900
Gujarat,Rajkot,Rajkot APMC,Bengal Gram(Gram)(Whole),White (whole),FAQ,26/08/2026,6355,9255,8555
Gujarat,Rajkot,Rajkot APMC,Garlic,Garlic,FAQ,26/08/2026,5505,13000,8250
Gujarat,Rajkot,Rajkot APMC,Green Gram(Moong)(Whole),Green (Whole),FAQ,26/08/2026,5250,7650,7350
Gujarat,Jamnagar,Jamnagar APMC,Ground Nut Seed,Other,Local,26/08/2026,7500,10000,9125
Gujarat,Jamnagar,Jamnagar APMC,Other Pulses,Other,Local,26/08/2026,3375,3500,3500
Gujarat,Jamnagar,Jamnagar APMC,Cummin Seed(Jeera),Other,Local,26/08/2026,17500,19550,18875
Gujarat,Junagarh,Visavadar APMC,Wheat,Lokwan Gujrat,FAQ,26/08/2026,2410,2720,2565
Gujarat,Junagarh,Visavadar APMC,Red gram/Arhar/Tur(whole),Other,FAQ,26/08/2026,5750,7930,6140
Gujarat,Rajkot,Dhoraji APMC,Red gram/Arhar/Tur(whole),Hybrid,Non-FAQ,26/08/2026,5980,7305,7055
Gujarat,Botad,Botad APMC,Jowar(Sorghum),Local,Local,26/08/2026,6090,6350,6270
Gujarat,Botad,Botad APMC,Corriander seed,Other,Local,26/08/2026,13675,14400,14090
Gujarat,Amreli,Babra APMC,Cummin Seed(Jeera),Other,FAQ,26/08/2026,16100,18425,17260
Gujarat,Jamnagar,Jam Jodhpur APMC,Bajra(Pearl Millet/Cumbu),Other,Local,26/08/2026,1500,2000,1750
Gujarat,Jamnagar,Jam Jodhpur APMC,Cotton,Other,Local,26/08/2026,7500,9675,9200
Gujarat,Jamnagar,Jam Jodhpur APMC,"Sesamum(Sesame,Gingelly,Til)",White,Local,26/08/2026,8750,11700,10750
Gujarat,Amreli,Damnagar APMC,Lemon,Lemon,Local,26/08/2026,3500,3500,3500
Gujarat,Amreli,Damnagar APMC,Coriander(Leaves),Coriander,Local,26/08/2026,5000,5000,5000
Gujarat,Jamnagar,Dhrol APMC,Cummin Seed(Jeera),Other,Local,26/08/2026,16500,18650,17575
Gujarat,Rajkot,Gondal(Veg.market Gondal) APMC,Raddish,Raddish,Local,26/08/2026,1000,2000,1500
Gujarat,Rajkot,Gondal(Veg.market Gondal) APMC,Potato,Potato,Local,26/08/2026,700,1250,975
Gujarat,Rajkot,Gondal(Veg.market Gondal) APMC,Tomato,Tomato,Local,26/08/2026,1000,2700,1850
Gujarat,Morbi,APMC HALVAD,Groundnut,Seed,Local,26/08/2026,8900,9460,9000
Tamil Nadu,Madurai,Chokkikulam(Uzhavar Sandhai ),Groundnut,Big (With Shell),Local,26/08/2026,7000,8000,7500
Tamil Nadu,Madurai,Chokkikulam(Uzhavar Sandhai ),Green Peas,Green Peas,Local,26/08/2026,15000,17000,16000
Tamil Nadu,Madurai,Chokkikulam(Uzhavar Sandhai ),Cluster beans,Cluster Beans,Local,26/08/2026,3000,3600,3300
Tamil Nadu,Madurai,Chokkikulam(Uzhavar Sandhai ),Tapioca,Tapioca,Local,26/08/2026,3600,4000,3800
Tamil Nadu,Madurai,Chokkikulam(Uzhavar Sandhai ),Ginger(Green),Green Ginger,Local,26/08/2026,12000,19000,15500
Tamil Nadu,Madurai,Chokkikulam(Uzhavar Sandhai ),Cabbage,Cabbage,Local,26/08/2026,2400,2600,2500
Tamil Nadu,Madurai,Chokkikulam(Uzhavar Sandhai ),Ridgeguard(Tori),Ridgeguard(Tori),Local,26/08/2026,5000,6500,5750
Tamil Nadu,Madurai,Chokkikulam(Uzhavar Sandhai ),Capsicum,Capsicum,Local,26/08/2026,8000,9000,8500
Tamil Nadu,Madurai,Chokkikulam(Uzhavar Sandhai ),Mango(Raw-Ripe),Mango - Raw-Ripe,Local,26/08/2026,6500,14000,10250
Tamil Nadu,Madurai,Chokkikulam(Uzhavar Sandhai ),Elephant Yam(Suran)/Amorphophallus,Elephant Yam (Suran),Local,26/08/2026,4500,5000,4750
Maharashtra,Nashik,Pimpalgaon Baswant APMC,Onion,Unhali,Local,26/08/2026,800,4931,4300
Karnataka,Dakshina Kannada,Sulya APMC,Arecanut(Betelnut/Supari),Cqca,Local,26/08/2026,20000,34000,27000
Uttar Pradesh,Sambhal,Sambhal APMC,Potato,Other,FAQ,26/08/2026,600,600,600
Gujarat,Surat,Surat APMC,Indian Beans(Seam),Other,FAQ,26/08/2026,2500,5000,3750
Gujarat,Surat,Surat APMC,Elephant Yam(Suran)/Amorphophallus,Other,FAQ,26/08/2026,2500,3400,2950
Gujarat,Surat,Surat APMC,Lemon,Other,FAQ,26/08/2026,1000,7500,4250
Gujarat,Surat,Surat APMC,Cucumbar(Kheera),Cucumbar,FAQ,26/08/2026,2000,6000,4000
Gujarat,Surat,Surat APMC,"Spiny Gourd / Kartali(Kantola)
",Other,FAQ,26/08/2026,5000,13000,9000
Gujarat,Surat,Surat APMC,Sweet Potato,Other,FAQ,26/08/2026,4000,4700,4350
Gujarat,Surat,Surat APMC,Turmeric(raw),Other,FAQ,26/08/2026,4000,11000,7500
Andhra Pradesh,Palnadu,Krosuru APMC,Paddy(Common),B P T,FAQ,26/08/2026,2200,2600,2400
Telangana,Warangal,Warangal APMC,Banana,Banana - Ripe,Medium,26/08/2026,3000,3000,3000
Telangana,Warangal,Warangal APMC,Karbuja(Musk Melon),Karbhuja,Large,26/08/2026,3000,3000,3000
Telangana,Warangal,Warangal APMC,Cluster beans,Cluster Beans,FAQ,26/08/2026,2000,2500,2250
Uttar Pradesh,Bulandshahar,Sikanderabad APMC,Wheat,Other,FAQ,26/08/2026,2590,2590,2590
Telangana,Bhadradri Kothagudem,Dammapet APMC,Wood,Eucalyptus,FAQ,26/08/2026,400,400,400
Himachal Pradesh,Sirmore,PMY Paonta Sahib,Raddish,Other,FAQ,26/08/2026,1000,1500,1200
Himachal Pradesh,Sirmore,PMY Paonta Sahib,Tomato,Other,Grade A,26/08/2026,500,2500,2000
Himachal Pradesh,Sirmore,PMY Paonta Sahib,Brinjal,Other,FAQ,26/08/2026,2800,3000,2900
Himachal Pradesh,Sirmore,PMY Paonta Sahib,French Beans(Frasbean),Other,Grade A,26/08/2026,6000,7000,6500
Himachal Pradesh,Sirmore,PMY Paonta Sahib,Lemon,Other,FAQ,26/08/2026,5000,6000,5500
Andhra Pradesh,Prakasam,Kandukur APMC,Paddy(Common),Other,Local,26/08/2026,2380,2450,2400
Assam,Nagaon,Haibargaon APMC,Green Chilli,Green Chilly,FAQ,26/08/2026,3400,3600,3500
Assam,Nagaon,Haibargaon APMC,Pumpkin,Pumpkin,FAQ,26/08/2026,1700,1900,1800
Uttar Pradesh,Etawah,Etawah APMC,Potato,Other,FAQ,26/08/2026,1200,1200,1200
Uttar Pradesh,Sambhal,Muradabad APMC,Wheat,Dara,FAQ,26/08/2026,2550,2550,2550
Uttar Pradesh,Shahjahanpur,Shahjahanpur APMC,Wood,Other,FAQ,26/08/2026,600,660,625.84
Uttar Pradesh,Varanasi,Varanasi APMC,Ginger(Green),Other,FAQ,26/08/2026,5500,5500,5500
Uttar Pradesh,Varanasi,Varanasi APMC,Onion,Other,FAQ,26/08/2026,3000,3000,3000
Uttarakhand,Haridwar,Roorkee APMC,Potato,Other,Medium,26/08/2026,800,1200,1000
Uttarakhand,Haridwar,Roorkee APMC,Cucumbar(Kheera),Other,Local,26/08/2026,650,850,750
Uttarakhand,Haridwar,Roorkee APMC,Papaya,Other,Medium,26/08/2026,1500,2200,1800
Uttarakhand,Haridwar,Roorkee APMC,Mousambi(Sweet Lime),Other,Medium,26/08/2026,1800,2400,2000
Assam,Darrang,Besimari APMC,Ginger(Green),Green Ginger,Local,26/08/2026,9000,10000,9500
Tamil Nadu,Erode,Thalavadi(Uzhavar Sandhai ),Amaranthus,Amaranthus,Local,26/08/2026,3500,4000,3750
Tamil Nadu,Erode,Thalavadi(Uzhavar Sandhai ),Banana - Green,Banana - Green,Local,26/08/2026,3000,3600,3300
Tamil Nadu,Erode,Thalavadi(Uzhavar Sandhai ),Ginger(Green),Green Ginger,Local,26/08/2026,13000,14000,13500
Tamil Nadu,Erode,Thalavadi(Uzhavar Sandhai ),Ridgeguard(Tori),Ridgeguard(Tori),Local,26/08/2026,3000,3400,3200
Tamil Nadu,Cuddalore,Viruthachalam(Uzhavar Sandhai ),Potato,Red Nanital,Local,26/08/2026,4000,4000,4000
Tamil Nadu,Cuddalore,Viruthachalam(Uzhavar Sandhai ),Papaya,Papaya,Local,26/08/2026,4000,4500,4250
Tamil Nadu,Cuddalore,Viruthachalam(Uzhavar Sandhai ),Cluster beans,Cluster Beans,Local,26/08/2026,4000,4000,4000
Tamil Nadu,Cuddalore,Viruthachalam(Uzhavar Sandhai ),Bhindi(Ladies Finger),Bhindi,Local,26/08/2026,3000,3000,3000
Tamil Nadu,Cuddalore,Viruthachalam(Uzhavar Sandhai ),Ginger(Green),Green Ginger,Local,26/08/2026,10000,20000,15000
Tamil Nadu,Cuddalore,Viruthachalam(Uzhavar Sandhai ),Coconut,Coconut,Local,26/08/2026,6000,6000,6000
Tamil Nadu,Cuddalore,Viruthachalam(Uzhavar Sandhai ),Snakeguard,Snakeguard,Local,26/08/2026,3000,3000,3000
Tamil Nadu,Cuddalore,Viruthachalam(Uzhavar Sandhai ),Mango(Raw-Ripe),Mango - Raw-Ripe,Local,26/08/2026,8000,8000,8000
Tamil Nadu,Cuddalore,Viruthachalam(Uzhavar Sandhai ),Lemon,Lemon,Local,26/08/2026,8000,8000,8000
Tamil Nadu,Cuddalore,Viruthachalam(Uzhavar Sandhai ),Mint(Pudina),Mint(Pudina),Local,26/08/2026,5000,5000,5000
Keralam,Alappuzha,Madhavapuram Market,Elephant Yam(Suran)/Amorphophallus,Other,FAQ,26/08/2026,5300,5700,5500
Keralam,Alappuzha,Madhavapuram Market,Banana,Nendra Bale,Grade A,26/08/2026,6200,6600,6400
Tamil Nadu,Krishnagiri,Krishnagiri(Uzhavar Sandhai ),Garlic,Garlic,Local,26/08/2026,20000,24000,22000
Tamil Nadu,Krishnagiri,Krishnagiri(Uzhavar Sandhai ),Amaranthus,Amaranthus,Local,26/08/2026,2500,3000,2750
Tamil Nadu,Krishnagiri,Krishnagiri(Uzhavar Sandhai ),Banana - Green,Banana - Green,Local,26/08/2026,2500,3000,2750
Tamil Nadu,Krishnagiri,Krishnagiri(Uzhavar Sandhai ),Beans,Beans (Whole),Local,26/08/2026,5000,6000,5500
Tamil Nadu,Krishnagiri,Krishnagiri(Uzhavar Sandhai ),Tapioca,Tapioca,Local,26/08/2026,2400,2800,2600
Tamil Nadu,Krishnagiri,Krishnagiri(Uzhavar Sandhai ),Carrot,Pusakesar,Local,26/08/2026,8000,9000,8500
Tamil Nadu,Krishnagiri,Krishnagiri(Uzhavar Sandhai ),Beetroot,Beetroot,Local,26/08/2026,4500,5000,4750
Tamil Nadu,Krishnagiri,Krishnagiri(Uzhavar Sandhai ),Cucumbar(Kheera),Cucumbar,Local,26/08/2026,2600,3000,2800
Tamil Nadu,Nagapattinam,Nagapattinam(Uzhavar Sandhai ),Mango,Other,Local,26/08/2026,4700,5500,5100
Tamil Nadu,Nagapattinam,Nagapattinam(Uzhavar Sandhai ),Onion,Bellary,Local,26/08/2026,2800,3500,3150
Tamil Nadu,Nagapattinam,Nagapattinam(Uzhavar Sandhai ),Papaya,Papaya,Local,26/08/2026,4400,4400,4400
Tamil Nadu,Nagapattinam,Nagapattinam(Uzhavar Sandhai ),Cluster beans,Cluster Beans,Local,26/08/2026,4000,4500,4250
Tamil Nadu,Nagapattinam,Nagapattinam(Uzhavar Sandhai ),Beans,Beans (Whole),Local,26/08/2026,9000,11100,10050
Tamil Nadu,Nagapattinam,Nagapattinam(Uzhavar Sandhai ),Beetroot,Beetroot,Local,26/08/2026,3900,4200,4050
Tamil Nadu,Nagapattinam,Nagapattinam(Uzhavar Sandhai ),Raddish,Raddish,Local,26/08/2026,3700,3700,3700
Tamil Nadu,Nagapattinam,Nagapattinam(Uzhavar Sandhai ),Chow Chow,Chow Chow,Local,26/08/2026,2700,2700,2700
Tamil Nadu,Nagapattinam,Nagapattinam(Uzhavar Sandhai ),Tamarind Fruit,Tamarind Fruit,Local,26/08/2026,11500,14000,12750
Tamil Nadu,Nagapattinam,Nagapattinam(Uzhavar Sandhai ),Elephant Yam(Suran)/Amorphophallus,Elephant Yam (Suran),Local,26/08/2026,6300,6300,6300
Tamil Nadu,Nagapattinam,Nagapattinam(Uzhavar Sandhai ),Yam(Ratalu),Yam (Ratalu),Local,26/08/2026,5800,6500,6150
Tamil Nadu,Nagapattinam,Nagapattinam(Uzhavar Sandhai ),Mint(Pudina),Mint(Pudina),Local,26/08/2026,2900,3300,3100
Assam,Kamrup,Fancy Bazaar APMC,Rice,Super Fine,FAQ,26/08/2026,7000,18500,13200
Uttar Pradesh,Sitapur,Sidhauli APMC,Firewood,Firewood,FAQ,26/08/2026,380,380,380
Tamil Nadu,Tenkasi,Sankarankoil(Uzhavar Sandhai ),Bitter gourd,Bitter Gourd,Local,26/08/2026,7000,8000,7500
Tamil Nadu,Tenkasi,Sankarankoil(Uzhavar Sandhai ),Green Chilli,Green Chilly,Local,26/08/2026,6000,6000,6000
Tamil Nadu,Tenkasi,Sankarankoil(Uzhavar Sandhai ),Green Avare(W),Green Avare (W),Local,26/08/2026,3500,4000,3750
Tamil Nadu,Tenkasi,Sankarankoil(Uzhavar Sandhai ),Onion Green,Onion Green,Local,26/08/2026,5000,6000,5500
Tamil Nadu,Pudukkottai,Pudukottai(Uzhavar Sandhai ),Potato,Other,Local,26/08/2026,6000,7000,6500
Tamil Nadu,Pudukkottai,Pudukottai(Uzhavar Sandhai ),Pumpkin,Pumpkin,Local,26/08/2026,1000,1500,1250
Tamil Nadu,Pudukkottai,Pudukottai(Uzhavar Sandhai ),Tapioca,Tapioca,Local,26/08/2026,3500,4000,3750
Tamil Nadu,Pudukkottai,Pudukottai(Uzhavar Sandhai ),Beetroot,Beetroot,Local,26/08/2026,4000,5000,4500
Tamil Nadu,Pudukkottai,Pudukottai(Uzhavar Sandhai ),Thondekai,Thondekai,Local,26/08/2026,5500,6000,5750
Tamil Nadu,Pudukkottai,Pudukottai(Uzhavar Sandhai ),Chow Chow,Chow Chow,Local,26/08/2026,4000,4500,4250
Tamil Nadu,Pudukkottai,Pudukottai(Uzhavar Sandhai ),Lime,Lime,Local,26/08/2026,1500,2000,1750
Tamil Nadu,Pudukkottai,Pudukottai(Uzhavar Sandhai ),Pomegranate,Pomogranate,Local,26/08/2026,22000,23000,22500
Tamil Nadu,Pudukkottai,Pudukottai(Uzhavar Sandhai ),Elephant Yam(Suran)/Amorphophallus,Elephant Yam (Suran),Local,26/08/2026,5500,6000,5750
Tamil Nadu,Pudukkottai,Pudukottai(Uzhavar Sandhai ),Mashrooms,Mashrooms,Local,26/08/2026,23000,25000,24000
Tamil Nadu,Pudukkottai,Pudukottai(Uzhavar Sandhai ),Amla(Nelli Kai),Amla,Local,26/08/2026,5000,6000,5500
Tamil Nadu,Thanjavur,Kumbakonam (Uzhavar Sandhai ),Mango,Safeda,Local,26/08/2026,3000,8000,5500
Tamil Nadu,Thanjavur,Kumbakonam (Uzhavar Sandhai ),Papaya,Papaya,Local,26/08/2026,4000,4000,4000
Tamil Nadu,Thanjavur,Kumbakonam (Uzhavar Sandhai ),Bottle gourd,Bottle Gourd,Local,26/08/2026,3600,3600,3600
Tamil Nadu,Thanjavur,Kumbakonam (Uzhavar Sandhai ),Ashgourd,Gouard,Local,26/08/2026,2400,2400,2400
Tamil Nadu,Thanjavur,Kumbakonam (Uzhavar Sandhai ),Snakeguard,Snakeguard,Local,26/08/2026,4200,4200,4200
Tamil Nadu,Thanjavur,Kumbakonam (Uzhavar Sandhai ),Mango(Raw-Ripe),Mango - Raw-Ripe,Local,26/08/2026,9600,9600,9600
Tamil Nadu,Thanjavur,Kumbakonam (Uzhavar Sandhai ),Lemon,Lemon,Local,26/08/2026,14000,21000,17500
Tamil Nadu,Thanjavur,Kumbakonam (Uzhavar Sandhai ),Mashrooms,Mashrooms,Local,26/08/2026,30000,30000,30000
Tamil Nadu,Thanjavur,Kumbakonam (Uzhavar Sandhai ),Onion Green,Onion Green,Local,26/08/2026,7200,8400,7800
Tamil Nadu,Thanjavur,Kumbakonam (Uzhavar Sandhai ),Mint(Pudina),Mint(Pudina),Local,26/08/2026,6000,6000,6000
Tamil Nadu,The Nilgiris,Udhagamandalam(Uzhavar Sandhai ),Apple,American,Local,26/08/2026,20000,23000,21500
Tamil Nadu,The Nilgiris,Udhagamandalam(Uzhavar Sandhai ),Onion,Bellary,Local,26/08/2026,2500,3000,2750
Tamil Nadu,The Nilgiris,Udhagamandalam(Uzhavar Sandhai ),Coriander(Leaves),I Sort,Local,26/08/2026,6500,7000,6750
Tamil Nadu,The Nilgiris,Udhagamandalam(Uzhavar Sandhai ),Mousambi(Sweet Lime),Mousambi,Local,26/08/2026,8000,10000,9000
Tamil Nadu,The Nilgiris,Udhagamandalam(Uzhavar Sandhai ),Green Chilli,Green Chilly,Local,26/08/2026,4000,4500,4250
Tamil Nadu,The Nilgiris,Udhagamandalam(Uzhavar Sandhai ),Snakeguard,Snakeguard,Local,26/08/2026,3500,4000,3750
Tamil Nadu,The Nilgiris,Udhagamandalam(Uzhavar Sandhai ),Green Avare(W),Green Avare (W),Local,26/08/2026,4000,4500,4250
Tamil Nadu,The Nilgiris,Udhagamandalam(Uzhavar Sandhai ),Chow Chow,Chow Chow,Local,26/08/2026,2000,2500,2250
Tamil Nadu,The Nilgiris,Udhagamandalam(Uzhavar Sandhai ),Pomegranate,Pomogranate,Local,26/08/2026,12000,14000,13000
Tamil Nadu,Theni,Andipatti(Uzhavar Sandhai ),Soyabean,Local,Local,26/08/2026,9000,9500,9250
Tamil Nadu,Theni,Andipatti(Uzhavar Sandhai ),Onion,Bellary,Local,26/08/2026,5000,5500,5250
Tamil Nadu,Theni,Andipatti(Uzhavar Sandhai ),Garlic,Garlic,Local,26/08/2026,24000,24000,24000
Tamil Nadu,Theni,Andipatti(Uzhavar Sandhai ),Pumpkin,Pumpkin,Local,26/08/2026,1500,1800,1650
Tamil Nadu,Theni,Andipatti(Uzhavar Sandhai ),Amaranthus,Amaranthus,Local,26/08/2026,2000,2000,2000
Tamil Nadu,Theni,Andipatti(Uzhavar Sandhai ),Green Chilli,Green Chilly,Local,26/08/2026,3800,4000,3900
Tamil Nadu,Theni,Andipatti(Uzhavar Sandhai ),Chow Chow,Chow Chow,Local,26/08/2026,2500,3000,2750
Tamil Nadu,Theni,Andipatti(Uzhavar Sandhai ),Knool Khol,Knool Khol,Local,26/08/2026,3000,3500,3250
Tamil Nadu,Theni,Andipatti(Uzhavar Sandhai ),Elephant Yam(Suran)/Amorphophallus,Elephant Yam (Suran),Local,26/08/2026,4000,4000,4000
Tamil Nadu,Theni,Andipatti(Uzhavar Sandhai ),Lemon,Lemon,Local,26/08/2026,13000,13000,13000
Tamil Nadu,Theni,Andipatti(Uzhavar Sandhai ),Mint(Pudina),Mint(Pudina),Local,26/08/2026,5000,5000,5000
Assam,Hailakandi,Harbartganj Daily Market APMC,Tomato,Tomato,FAQ,26/08/2026,2500,2800,2650
Assam,Hailakandi,Harbartganj Daily Market APMC,Cauliflower,Cauliflower,FAQ,26/08/2026,5000,5500,5250
Assam,Hailakandi,Harbartganj Daily Market APMC,Carrot,Carrot,FAQ,26/08/2026,8000,9000,8500
Gujarat,Navsari,Bilimora APMC,Bhindi(Ladies Finger),Other,FAQ,26/08/2026,1500,2000,1800
Gujarat,Navsari,Bilimora APMC,Bottle gourd,Other,FAQ,26/08/2026,1750,2250,2000
Gujarat,Navsari,Bilimora APMC,Brinjal,Other,FAQ,26/08/2026,1500,2500,2000
Gujarat,Navsari,Bilimora APMC,Green Chilli,Other,FAQ,26/08/2026,2000,2500,2200
Gujarat,Navsari,Bilimora APMC,Tomato,Other,FAQ,26/08/2026,1500,2500,2000
Gujarat,Navsari,Bilimora APMC,Potato,Other,FAQ,26/08/2026,1400,1800,1600
Gujarat,Gandhinagar,Mansa APMC,Jowar(Sorghum),Other,Local,26/08/2026,5900,6730,6500
Tamil Nadu,Theni,Bodinayakanur(Uzhavar Sandhai ),Banana,Besrai,Local,26/08/2026,6000,6000,6000
Tamil Nadu,Theni,Bodinayakanur(Uzhavar Sandhai ),Onion,Bellary,Local,26/08/2026,5800,5800,5800
Tamil Nadu,Theni,Bodinayakanur(Uzhavar Sandhai ),Ashgourd,Gouard,Local,26/08/2026,2000,2000,2000
Tamil Nadu,Theni,Bodinayakanur(Uzhavar Sandhai ),Green Chilli,Green Chilly,Local,26/08/2026,4000,4000,4000
Tamil Nadu,Theni,Bodinayakanur(Uzhavar Sandhai ),Carrot,Pusakesar,Local,26/08/2026,5400,5400,5400
Tamil Nadu,Theni,Bodinayakanur(Uzhavar Sandhai ),Ridgeguard(Tori),Ridgeguard(Tori),Local,26/08/2026,3600,3600,3600
Tamil Nadu,Theni,Bodinayakanur(Uzhavar Sandhai ),Drumstick,Drumstick,Local,26/08/2026,2000,2000,2000
Tamil Nadu,Theni,Bodinayakanur(Uzhavar Sandhai ),Knool Khol,Knool Khol,Local,26/08/2026,3400,3400,3400
West Bengal,Bankura,Bishnupur(Bankura) APMC,Mustard,Mustard,FAQ,26/08/2026,6000,6700,6400
West Bengal,Bankura,Bishnupur(Bankura) APMC,Bottle gourd,Bottle Gourd,FAQ,26/08/2026,1300,1700,1500
Tamil Nadu,Thiruvarur,Needamangalam(Uzhavar Sandhai ),Onion,Bellary,Local,26/08/2026,4800,4800,4800
Tamil Nadu,Thiruvarur,Needamangalam(Uzhavar Sandhai ),Tomato,Deshi,Local,26/08/2026,1800,1800,1800
Tamil Nadu,Thiruvarur,Needamangalam(Uzhavar Sandhai ),Pumpkin,Pumpkin,Local,26/08/2026,2800,2800,2800
Tamil Nadu,Thiruvarur,Needamangalam(Uzhavar Sandhai ),Green Chilli,Green Chilly,Local,26/08/2026,5000,5000,5000
Tamil Nadu,Thiruvarur,Needamangalam(Uzhavar Sandhai ),Mango(Raw-Ripe),Mango - Raw-Ripe,Local,26/08/2026,8000,8000,8000
Tamil Nadu,Thiruvarur,Tiruvarur(Uzhavar Sandhai ),Coriander(Leaves),I Sort,Local,26/08/2026,4000,4000,4000
Tamil Nadu,Thiruvarur,Tiruvarur(Uzhavar Sandhai ),Pumpkin,Pumpkin,Local,26/08/2026,2500,2500,2500
Tamil Nadu,Thiruvarur,Tiruvarur(Uzhavar Sandhai ),Green Chilli,Green Chilly,Local,26/08/2026,6000,6000,6000
Tamil Nadu,Thiruvarur,Tiruvarur(Uzhavar Sandhai ),Ridgeguard(Tori),Ridgeguard(Tori),Local,26/08/2026,4500,4500,4500
Tamil Nadu,Thiruvarur,Tiruvarur(Uzhavar Sandhai ),Mint(Pudina),Mint(Pudina),Local,26/08/2026,5000,5000,5000
Madhya Pradesh,Narsinghpur,Gadarwara(F&V) APMC,Ginger(Dry),Dry,Grade Range-2,26/08/2026,9000,9000,9000
Madhya Pradesh,Narsinghpur,Gadarwara(F&V) APMC,Capsicum,Capsicum,Grade B,26/08/2026,4000,4000,4000
Madhya Pradesh,Narsinghpur,Gadarwara(F&V) APMC,Spinach,Other,Local,26/08/2026,4000,4000,4000
Tamil Nadu,Virudhunagar,Aruppukottai(Uzhavar Sandhai ),Bottle gourd,Bottle Gourd,Local,26/08/2026,1500,2000,1750
Tamil Nadu,Virudhunagar,Aruppukottai(Uzhavar Sandhai ),Pumpkin,Pumpkin,Local,26/08/2026,2500,3000,2750
Tamil Nadu,Virudhunagar,Aruppukottai(Uzhavar Sandhai ),Amaranthus,Amaranthus,Local,26/08/2026,3000,3500,3250
Tamil Nadu,Virudhunagar,Aruppukottai(Uzhavar Sandhai ),Green Chilli,Green Chilly,Local,26/08/2026,5000,6000,5500
Tamil Nadu,Virudhunagar,Aruppukottai(Uzhavar Sandhai ),Banana - Green,Banana - Green,Local,26/08/2026,3000,3500,3250
Tamil Nadu,Virudhunagar,Aruppukottai(Uzhavar Sandhai ),Snakeguard,Snakeguard,Local,26/08/2026,3000,4000,3500
Tamil Nadu,Virudhunagar,Aruppukottai(Uzhavar Sandhai ),Raddish,Raddish,Local,26/08/2026,3000,4000,3500
Tamil Nadu,Virudhunagar,Aruppukottai(Uzhavar Sandhai ),Thondekai,Thondekai,Local,26/08/2026,3000,4000,3500
Tamil Nadu,Virudhunagar,Aruppukottai(Uzhavar Sandhai ),Pomegranate,Pomogranate,Local,26/08/2026,12000,14000,13000
Tamil Nadu,Virudhunagar,Aruppukottai(Uzhavar Sandhai ),Lemon,Lemon,Local,26/08/2026,14000,16000,15000
Tamil Nadu,Virudhunagar,Aruppukottai(Uzhavar Sandhai ),Colacasia,Colacasia,Local,26/08/2026,6000,7000,6500
Tamil Nadu,Virudhunagar,Aruppukottai(Uzhavar Sandhai ),Onion Green,Onion Green,Local,26/08/2026,7000,7500,7250
Tamil Nadu,Villupuram,Gingee(Uzhavar Sandhai ),Brinjal,Round,Local,26/08/2026,3500,4000,3750
Tamil Nadu,Villupuram,Gingee(Uzhavar Sandhai ),Coriander(Leaves),I Sort,Local,26/08/2026,4000,4000,4000
Tamil Nadu,Villupuram,Gingee(Uzhavar Sandhai ),Beans,Beans (Whole),Local,26/08/2026,9000,9000,9000
Tamil Nadu,Villupuram,Gingee(Uzhavar Sandhai ),Carrot,Pusakesar,Local,26/08/2026,7000,7000,7000
Tamil Nadu,Villupuram,Gingee(Uzhavar Sandhai ),Cucumbar(Kheera),Cucumbar,Local,26/08/2026,4500,4500,4500
Tamil Nadu,Villupuram,Gingee(Uzhavar Sandhai ),Green Avare(W),Green Avare (W),Local,26/08/2026,5000,5000,5000
Tamil Nadu,Villupuram,Gingee(Uzhavar Sandhai ),Onion Green,Onion Green,Local,26/08/2026,7500,7500,7500
Uttar Pradesh,Bareilly,Bareilly APMC,Pegeon Pea(Arhar Fali),Other,FAQ,26/08/2026,8000,9950,9300
Uttar Pradesh,Bareilly,Bareilly APMC,Potato,Other,FAQ,26/08/2026,500,500,500
Uttar Pradesh,Barabanki,Barabanki APMC,Broken Rice,Broken Rice,FAQ,26/08/2026,2210,2210,2210
Uttar Pradesh,Fatehpur,Bindki APMC,Wheat,Other,FAQ,26/08/2026,2590,2600,2594.58
Tamil Nadu,Thiruvarur,Valangaiman APMC,Tomato,Deshi,Local,26/08/2026,2200,2200,2200
Tamil Nadu,Thiruvellore,Tiruthani(Uzhavar Sandhai ),Coriander(Leaves),I Sort,Local,26/08/2026,4000,4000,4000
Tamil Nadu,Thiruvellore,Tiruthani(Uzhavar Sandhai ),Banana - Green,Banana - Green,Local,26/08/2026,4000,4000,4000
Tamil Nadu,Thiruvellore,Tiruthani(Uzhavar Sandhai ),Carrot,Pusakesar,Local,26/08/2026,6000,6000,6000
Tamil Nadu,Thiruvellore,Tiruthani(Uzhavar Sandhai ),Snakeguard,Snakeguard,Local,26/08/2026,4000,4000,4000
Tamil Nadu,Thiruvellore,Tiruthani(Uzhavar Sandhai ),Raddish,Raddish,Local,26/08/2026,4000,4000,4000
Tamil Nadu,Thiruvellore,Tiruthani(Uzhavar Sandhai ),Thondekai,Thondekai,Local,26/08/2026,5000,5000,5000
Tamil Nadu,Virudhunagar,Kariyapatti(Uzhavar Sandhai ),Onion,Bellary,Local,26/08/2026,5500,6000,5750
Tamil Nadu,Virudhunagar,Kariyapatti(Uzhavar Sandhai ),Chikoos(Sapota),Sapota,Local,26/08/2026,3500,4000,3750
Tamil Nadu,Virudhunagar,Kariyapatti(Uzhavar Sandhai ),Papaya,Papaya,Local,26/08/2026,3000,3500,3250
Tamil Nadu,Virudhunagar,Kariyapatti(Uzhavar Sandhai ),Pumpkin,Pumpkin,Local,26/08/2026,2500,3000,2750
Tamil Nadu,Virudhunagar,Kariyapatti(Uzhavar Sandhai ),Bhindi(Ladies Finger),Bhindi,Local,26/08/2026,5500,6000,5750
Tamil Nadu,Virudhunagar,Kariyapatti(Uzhavar Sandhai ),Banana - Green,Banana - Green,Local,26/08/2026,3000,3500,3250
Tamil Nadu,Virudhunagar,Kariyapatti(Uzhavar Sandhai ),Ginger(Green),Green Ginger,Local,26/08/2026,19000,20000,19500
Tamil Nadu,Virudhunagar,Kariyapatti(Uzhavar Sandhai ),Snakeguard,Snakeguard,Local,26/08/2026,3500,4000,3750
Tamil Nadu,Virudhunagar,Kariyapatti(Uzhavar Sandhai ),Beetroot,Beetroot,Local,26/08/2026,4500,5000,4750
Uttar Pradesh,Sitapur,Viswan APMC,Firewood,Firewood,FAQ,26/08/2026,300,400,320.47
Uttar Pradesh,Kannuj,Chhibramau APMC,Potato,Other,FAQ,26/08/2026,550,550,550
Uttar Pradesh,Kannuj,Chhibramau APMC,Maize,Other,FAQ,26/08/2026,2100,2100,2100
Uttar Pradesh,Deoria,Devariya APMC,Rice,Common,FAQ,26/08/2026,2400,2500,2404.08
Tamil Nadu,Thiruvellore,Tiruvallur(Uzhavar Sandhai ),Banana,Karpura,Local,26/08/2026,7000,7000,7000
Tamil Nadu,Thiruvellore,Tiruvallur(Uzhavar Sandhai ),Brinjal,Round,Local,26/08/2026,5000,5000,5000
Tamil Nadu,Thiruvellore,Tiruvallur(Uzhavar Sandhai ),Bitter gourd,Other,Local,26/08/2026,5000,5000,5000
Tamil Nadu,Thiruvellore,Tiruvallur(Uzhavar Sandhai ),Amaranthus,Amaranthus,Local,26/08/2026,3000,3000,3000
Tamil Nadu,Thiruvellore,Tiruvallur(Uzhavar Sandhai ),Banana - Green,Banana - Green,Local,26/08/2026,4000,4000,4000
Tamil Nadu,Thiruvellore,Tiruvallur(Uzhavar Sandhai ),Coconut,Coconut,Local,26/08/2026,6000,6000,6000
Madhya Pradesh,Shivpuri,Karera(F&V) APMC,Tomato,Tomato,Local,26/08/2026,1900,2700,2300
Tamil Nadu,Vellore,Katpadi (Uzhavar Sandhai ),Groundnut,Big (With Shell),Local,26/08/2026,8000,8000,8000
Tamil Nadu,Vellore,Katpadi (Uzhavar Sandhai ),Onion,Bellary,Local,26/08/2026,2600,3800,3200
Tamil Nadu,Vellore,Katpadi (Uzhavar Sandhai ),Carrot,Pusakesar,Local,26/08/2026,5000,5000,5000
Tamil Nadu,Vellore,Katpadi (Uzhavar Sandhai ),Snakeguard,Snakeguard,Local,26/08/2026,3000,3000,3000
Tamil Nadu,Vellore,Katpadi (Uzhavar Sandhai ),Thondekai,Thondekai,Local,26/08/2026,4000,4000,4000
Tamil Nadu,Vellore,Katpadi (Uzhavar Sandhai ),Green Avare(W),Green Avare (W),Local,26/08/2026,4000,4000,4000
Tamil Nadu,Vellore,Katpadi (Uzhavar Sandhai ),Drumstick,Drumstick,Local,26/08/2026,2500,2500,2500
Tamil Nadu,Vellore,Katpadi (Uzhavar Sandhai ),Indian Beans(Seam),Indian Beans (Seam),Local,26/08/2026,4500,4500,4500
Tamil Nadu,Vellore,Katpadi (Uzhavar Sandhai ),Rose(Local),Rose (Local),Local,26/08/2026,18000,18000,18000
Assam,Nagaon,Ambagan APMC,Tomato,Tomato,FAQ,26/08/2026,3200,3400,3300
Tamil Nadu,Madurai,Thirumangalam(Uzhavar Sandhai ),Brinjal,Round,Local,26/08/2026,3600,4000,3800
Tamil Nadu,Madurai,Thirumangalam(Uzhavar Sandhai ),Chikoos(Sapota),Sapota,Local,26/08/2026,4000,6000,5000
Tamil Nadu,Madurai,Thirumangalam(Uzhavar Sandhai ),Pumpkin,Pumpkin,Local,26/08/2026,2000,2400,2200
Tamil Nadu,Madurai,Thirumangalam(Uzhavar Sandhai ),Ridgeguard(Tori),Ridgeguard(Tori),Local,26/08/2026,6000,6500,6250
Tamil Nadu,Madurai,Melur(Uzhavar Sandhai ),Groundnut,Big (With Shell),Local,26/08/2026,7000,8000,7500
Tamil Nadu,Madurai,Melur(Uzhavar Sandhai ),Onion,Bellary,Local,26/08/2026,6000,6400,6200
Tamil Nadu,Madurai,Melur(Uzhavar Sandhai ),Bitter gourd,Other,Local,26/08/2026,6000,6500,6250
Tamil Nadu,Madurai,Melur(Uzhavar Sandhai ),Bottle gourd,Bottle Gourd,Local,26/08/2026,2000,2400,2200
Tamil Nadu,Madurai,Melur(Uzhavar Sandhai ),Pumpkin,Pumpkin,Local,26/08/2026,1600,2000,1800
Tamil Nadu,Madurai,Melur(Uzhavar Sandhai ),Amaranthus,Amaranthus,Local,26/08/2026,3000,3600,3300
Tamil Nadu,Madurai,Melur(Uzhavar Sandhai ),Sweet Potato,Hosur Red,Local,26/08/2026,4500,5000,4750
Tamil Nadu,Madurai,Melur(Uzhavar Sandhai ),Elephant Yam(Suran)/Amorphophallus,Elephant Yam (Suran),Local,26/08/2026,4000,4500,4250
Tamil Nadu,Salem,Vazhapadi(Uzhavar Sandhai),Onion,Bellary,Local,26/08/2026,5000,6000,5500
Tamil Nadu,Salem,Vazhapadi(Uzhavar Sandhai),Cauliflower,Ranchi,Local,26/08/2026,2500,2500,2500
Tamil Nadu,Salem,Vazhapadi(Uzhavar Sandhai),Bottle gourd,Bottle Gourd,Local,26/08/2026,2500,3000,2750
Tamil Nadu,Salem,Vazhapadi(Uzhavar Sandhai),Coconut,Coconut,Local,26/08/2026,6500,6500,6500
Tamil Nadu,Salem,Vazhapadi(Uzhavar Sandhai),Raddish,Raddish,Local,26/08/2026,3000,3000,3000
Tamil Nadu,Salem,Vazhapadi(Uzhavar Sandhai),Onion Green,Onion Green,Local,26/08/2026,6000,6500,6250
Tamil Nadu,Karur,Gandhigramam(Uzhavar Sandhai),Onion,Bellary,Local,26/08/2026,5500,6000,5750
Tamil Nadu,Karur,Gandhigramam(Uzhavar Sandhai),Cauliflower,Ranchi,Local,26/08/2026,3500,4000,3750
Tamil Nadu,Karur,Gandhigramam(Uzhavar Sandhai),Tomato,Other,Local,26/08/2026,1800,2000,1900
Tamil Nadu,Karur,Gandhigramam(Uzhavar Sandhai),Cluster beans,Cluster Beans,Local,26/08/2026,3500,4000,3750
Tamil Nadu,Karur,Gandhigramam(Uzhavar Sandhai),Cucumbar(Kheera),Cucumbar,Local,26/08/2026,4000,8000,6000
Tamil Nadu,Karur,Gandhigramam(Uzhavar Sandhai),Raddish,Raddish,Local,26/08/2026,2500,3000,2750
Tamil Nadu,Karur,Gandhigramam(Uzhavar Sandhai),Chow Chow,Chow Chow,Local,26/08/2026,3500,4000,3750
Tamil Nadu,Karur,Gandhigramam(Uzhavar Sandhai),Guava,Guava Allahabad,Local,26/08/2026,5000,6000,5500
Tamil Nadu,Karur,Gandhigramam(Uzhavar Sandhai),Lemon,Lemon,Local,26/08/2026,17000,19000,18000
Tamil Nadu,Karur,Gandhigramam(Uzhavar Sandhai),Amla(Nelli Kai),Amla,Local,26/08/2026,7500,8500,8000
Karnataka,Bengaluru South,Ramanagara APMC,Drumstick,Drumstick,Local,26/08/2026,4000,5500,5000
Karnataka,Bengaluru South,Ramanagara APMC,Bitter gourd,Bitter Gourd,Local,26/08/2026,3500,4400,4000
Karnataka,Bengaluru South,Ramanagara APMC,Cabbage,Cabbage,Local,26/08/2026,1200,1800,1600
Karnataka,Bengaluru South,Ramanagara APMC,Snakeguard,Snakeguard,Local,26/08/2026,2400,3200,3000
Karnataka,Bengaluru South,Ramanagara APMC,Chilly Capsicum,Chilly Capsicum,Local,26/08/2026,3500,5000,4400
Karnataka,Bengaluru South,Ramanagara APMC,Capsicum,Capsicum,Local,26/08/2026,3000,5000,4000
Karnataka,Bengaluru South,Ramanagara APMC,Green Avare(W),Green Avare (W),Local,26/08/2026,2800,3500,3200
Tamil Nadu,Pudukkottai,Aranthangi(Uzhavar Sandhai ),Banana,Poovan,Local,26/08/2026,4500,5000,4750
Tamil Nadu,Pudukkottai,Aranthangi(Uzhavar Sandhai ),Bitter gourd,Other,Local,26/08/2026,7000,8000,7500
Tamil Nadu,Pudukkottai,Aranthangi(Uzhavar Sandhai ),Bottle gourd,Bottle Gourd,Local,26/08/2026,2500,3000,2750
Tamil Nadu,Pudukkottai,Aranthangi(Uzhavar Sandhai ),Green Chilli,Green Chilly,Local,26/08/2026,5000,6000,5500
Tamil Nadu,Pudukkottai,Aranthangi(Uzhavar Sandhai ),Banana - Green,Banana - Green,Local,26/08/2026,2500,3000,2750
Tamil Nadu,Pudukkottai,Aranthangi(Uzhavar Sandhai ),Mint(Pudina),Mint(Pudina),Local,26/08/2026,4500,5000,4750
Maharashtra,Nagpur,Ramtek APMC,Bhindi(Ladies Finger),Other,Local,26/08/2026,1500,2500,2000
Maharashtra,Nagpur,Ramtek APMC,Chilly Capsicum,Other,Local,26/08/2026,2000,3000,2500
Tamil Nadu,Nagapattinam,Vedaranyam(Uzhavar Sandhai),Banana,Poovan,Local,26/08/2026,3800,3800,3800
Tamil Nadu,Nagapattinam,Vedaranyam(Uzhavar Sandhai),Onion,Bellary,Local,26/08/2026,3200,4000,3600
Tamil Nadu,Nagapattinam,Vedaranyam(Uzhavar Sandhai),Coconut,Coconut,Local,26/08/2026,4500,5000,4750
Tamil Nadu,Vellore,Perampet(Uzhavar Sandhai),Cabbage,Cabbage,Local,26/08/2026,2500,3000,2750
Tamil Nadu,Vellore,Perampet(Uzhavar Sandhai),Raddish,Raddish,Local,26/08/2026,3000,3600,3300
Tamil Nadu,Vellore,Perampet(Uzhavar Sandhai),Tender Coconut,Tender Coconut,Local,26/08/2026,2000,2500,2250
Tamil Nadu,Vellore,Perampet(Uzhavar Sandhai),Elephant Yam(Suran)/Amorphophallus,Elephant Yam (Suran),Local,26/08/2026,6000,6600,6300
Tamil Nadu,Vellore,Perampet(Uzhavar Sandhai),Mint(Pudina),Mint(Pudina),Local,26/08/2026,4000,4000,4000
Andhra Pradesh,Alluri Sitharama Raju,Araku Valley APMC,Turmeric,Finger,Grade Range-1,26/08/2026,11000,12500,12000
Maharashtra,Pune,Pune(Pimpri) APMC,Bitter gourd,Other,Local,26/08/2026,3500,3500,3500
Maharashtra,Pune,Pune(Pimpri) APMC,Green Chilli,Other,Local,26/08/2026,2500,3500,3000
Madhya Pradesh,Badwani,Sendhwa(F&V) APMC,Sponge gourd,Sponge gourd,Medium,26/08/2026,900,1100,1000
Andhra Pradesh,Srikakulam,Etcherla APMC,Paddy(Common),1121,FAQ,26/08/2026,2369,2369,2369
Tamil Nadu,Karur,Kulithalai(Uzhavar Sandhai ),Guava,Guava Allahabad,Local,26/08/2026,4000,5000,4500
Tamil Nadu,Karur,Kulithalai(Uzhavar Sandhai ),Yam(Ratalu),Yam (Ratalu),Local,26/08/2026,7000,8000,7500
Tamil Nadu,Karur,Kulithalai(Uzhavar Sandhai ),Turnip,Turnip,Local,26/08/2026,4000,5000,4500
Tamil Nadu,Chengalpattu,Guduvancheri(Uzhavar Sandhai ),Potato,Other,Local,26/08/2026,2500,3000,2750
Tamil Nadu,Chengalpattu,Guduvancheri(Uzhavar Sandhai ),Papaya,Papaya,Local,26/08/2026,4000,5000,4500
Tamil Nadu,Chengalpattu,Guduvancheri(Uzhavar Sandhai ),Mousambi(Sweet Lime),Mousambi,Local,26/08/2026,6000,7000,6500
Tamil Nadu,Chengalpattu,Guduvancheri(Uzhavar Sandhai ),Bottle gourd,Bottle Gourd,Local,26/08/2026,3500,4000,3750
Tamil Nadu,Chengalpattu,Guduvancheri(Uzhavar Sandhai ),Raddish,Raddish,Local,26/08/2026,3500,4000,3750
Tamil Nadu,Chengalpattu,Guduvancheri(Uzhavar Sandhai ),Drumstick,Drumstick,Local,26/08/2026,6000,7000,6500
Tamil Nadu,Chengalpattu,Guduvancheri(Uzhavar Sandhai ),Tube Rose(Loose),Tube Rose (Loose),Local,26/08/2026,28000,30000,29000
Tamil Nadu,Thirupathur,Vaniyampadi(Uzhavar Sandhai ),Banana,Besrai,Local,26/08/2026,5000,5000,5000
Tamil Nadu,Thirupathur,Vaniyampadi(Uzhavar Sandhai ),Pumpkin,Pumpkin,Local,26/08/2026,3000,3000,3000
Tamil Nadu,Thirupathur,Vaniyampadi(Uzhavar Sandhai ),Bhindi(Ladies Finger),Bhindi,Local,26/08/2026,3000,3000,3000
Tamil Nadu,Thirupathur,Vaniyampadi(Uzhavar Sandhai ),Green Chilli,Green Chilly,Local,26/08/2026,6000,6000,6000
Tamil Nadu,Thirupathur,Vaniyampadi(Uzhavar Sandhai ),Raddish,Raddish,Local,26/08/2026,2000,2000,2000
Tamil Nadu,Thirupathur,Vaniyampadi(Uzhavar Sandhai ),Guava,Guava Allahabad,Local,26/08/2026,5000,5000,5000
Tamil Nadu,Thirupathur,Vaniyampadi(Uzhavar Sandhai ),Colacasia,Colacasia,Local,26/08/2026,7000,7000,7000
Tamil Nadu,Thirupur,Dharapuram(Uzhavar Sandhai ),Papaya,Papaya,Local,26/08/2026,2500,3000,2750
Tamil Nadu,Thirupur,Dharapuram(Uzhavar Sandhai ),Bitter gourd,Bitter Gourd,Local,26/08/2026,5500,6000,5750
Tamil Nadu,Thirupur,Dharapuram(Uzhavar Sandhai ),Ashgourd,Gouard,Local,26/08/2026,2000,2500,2250
Tamil Nadu,Thirupur,Dharapuram(Uzhavar Sandhai ),Coconut,Coconut,Local,26/08/2026,5500,6000,5750
Tamil Nadu,Thirupur,Dharapuram(Uzhavar Sandhai ),Mango(Raw-Ripe),Mango - Raw-Ripe,Local,26/08/2026,2500,3000,2750
Tamil Nadu,Thirupur,Dharapuram(Uzhavar Sandhai ),Guava,Guava Allahabad,Local,26/08/2026,3500,4000,3750
Tamil Nadu,Thirupur,Palladam(Uzhavar Sandhai ),Potato,Red Nanital,Local,26/08/2026,2500,3000,2750
Tamil Nadu,Thirupur,Palladam(Uzhavar Sandhai ),Amaranthus,Amaranthus,Local,26/08/2026,2500,3000,2750
Tamil Nadu,Thirupur,Palladam(Uzhavar Sandhai ),Cowpea(Veg),Cowpea (Veg),Local,26/08/2026,3500,4000,3750
Tamil Nadu,Thirupur,Palladam(Uzhavar Sandhai ),Banana - Green,Banana - Green,Local,26/08/2026,2500,3000,2750
Tamil Nadu,Thirupur,Palladam(Uzhavar Sandhai ),Coconut,Coconut,Local,26/08/2026,5000,6000,5500
Tamil Nadu,Thirupur,Palladam(Uzhavar Sandhai ),Carrot,Pusakesar,Local,26/08/2026,6000,7000,6500
Tamil Nadu,Thirupur,Palladam(Uzhavar Sandhai ),Lemon,Lemon,Local,26/08/2026,11000,12000,11500
Tamil Nadu,Thirupur,Palladam(Uzhavar Sandhai ),Onion Green,Onion Green,Local,26/08/2026,6000,7000,6500
Andhra Pradesh,East Godavari,Rajanagaram APMC,Maize,Fine,Local,26/08/2026,2405,2405,2405
Telangana,Ranga Reddy,"Saroornagar,RBZ",Bhindi(Ladies Finger),Other,Medium,26/08/2026,3500,3500,3500
Telangana,Ranga Reddy,"Saroornagar,RBZ",Beetroot,Beetroot,Medium,26/08/2026,3200,3200,3200
Telangana,Ranga Reddy,"Saroornagar,RBZ",Colacasia,Colacasia,Medium,26/08/2026,2500,2500,2500
Telangana,Ranga Reddy,"Saroornagar,RBZ",Leafy Vegetable,Leafy Vegetables,Medium,26/08/2026,2000,2000,2000
Telangana,Ranga Reddy,"Saroornagar,RBZ",Brinjal,Other,Medium,26/08/2026,3500,3500,3500
Telangana,Ranga Reddy,"Saroornagar,RBZ",Cauliflower,Cauliflower,Medium,26/08/2026,1800,1800,1800
Telangana,Ranga Reddy,"Saroornagar,RBZ",Carrot,Other,Medium,26/08/2026,3700,3700,3700
Telangana,Ranga Reddy,"Saroornagar,RBZ",Cucumbar(Kheera),Cucumbar,Medium,26/08/2026,1500,1500,1500
Telangana,Ranga Reddy,"Saroornagar,RBZ",French Beans(Frasbean),Other,Medium,26/08/2026,6500,6500,6500
Telangana,Ranga Reddy,"Saroornagar,RBZ",Yam(Ratalu),Yam (Ratalu),Medium,26/08/2026,3500,3500,3500
Uttar Pradesh,Hathras,Haathras APMC,Green Gram(Moong)(Whole),Other,FAQ,26/08/2026,6000,8768,8454.06
Uttar Pradesh,Raebarelli,Jayas APMC,Onion,Other,FAQ,26/08/2026,2500,2500,2500
Uttar Pradesh,Ghazipur,Jangipura APMC,Garlic,Other,FAQ,26/08/2026,15658.65,15658.65,15658.65
Tamil Nadu,Kallakuruchi,Kallakurichi(Uzhavar Sandhai ),Groundnut,Big (With Shell),Local,26/08/2026,7000,7000,7000
Tamil Nadu,Kallakuruchi,Kallakurichi(Uzhavar Sandhai ),Papaya,Papaya,Local,26/08/2026,3500,3500,3500
Tamil Nadu,Kallakuruchi,Kallakurichi(Uzhavar Sandhai ),Pumpkin,Pumpkin,Local,26/08/2026,2500,2500,2500
Tamil Nadu,Kallakuruchi,Kallakurichi(Uzhavar Sandhai ),Bhindi(Ladies Finger),Bhindi,Local,26/08/2026,3000,3000,3000
Tamil Nadu,Kallakuruchi,Kallakurichi(Uzhavar Sandhai ),Tapioca,Tapioca,Local,26/08/2026,3000,3000,3000
Tamil Nadu,Kallakuruchi,Kallakurichi(Uzhavar Sandhai ),Rose(Local),Rose (Local),Local,26/08/2026,35000,35000,35000
Uttar Pradesh,Bulandshahar,Khurja APMC,Potato,Other,FAQ,26/08/2026,550,550,550
Uttar Pradesh,Bijnor,Kiratpur APMC,Gur(Jaggery),Other,FAQ,26/08/2026,3500,3500,3500
Tamil Nadu,Thirupathur,Natrampalli(Uzhavar Sandhai ),Garlic,Garlic,Local,26/08/2026,20000,25000,22500
Tamil Nadu,Thirupathur,Natrampalli(Uzhavar Sandhai ),Brinjal,Round,Local,26/08/2026,3000,4000,3500
Tamil Nadu,Thirupathur,Natrampalli(Uzhavar Sandhai ),Coriander(Leaves),I Sort,Local,26/08/2026,1500,2000,1750
Tamil Nadu,Thirupathur,Natrampalli(Uzhavar Sandhai ),Papaya,Papaya,Local,26/08/2026,2500,3000,2750
Tamil Nadu,Thirupathur,Natrampalli(Uzhavar Sandhai ),Tomato,Deshi,Local,26/08/2026,1500,2000,1750
Tamil Nadu,Thirupathur,Natrampalli(Uzhavar Sandhai ),Beans,Beans (Whole),Local,26/08/2026,8000,10000,9000
Tamil Nadu,Thirupathur,Natrampalli(Uzhavar Sandhai ),Cucumbar(Kheera),Cucumbar,Local,26/08/2026,2500,3000,2750
Tamil Nadu,Thirupathur,Natrampalli(Uzhavar Sandhai ),Ridgeguard(Tori),Ridgeguard(Tori),Local,26/08/2026,2500,3000,2750
Tamil Nadu,Thirupathur,Natrampalli(Uzhavar Sandhai ),Lemon,Lemon,Local,26/08/2026,5000,6000,5500
Tamil Nadu,Thirupathur,Natrampalli(Uzhavar Sandhai ),Onion Green,Onion Green,Local,26/08/2026,5000,6000,5500
Haryana,Panipat,Panipat APMC,Pomegranate,Pomogranate,Local,26/08/2026,5000,9000,7000
Haryana,Panipat,Panipat APMC,Tomato,Other,Local,26/08/2026,700,1300,1000
Haryana,Panipat,Panipat APMC,Cabbage,Other,Local,26/08/2026,1000,1500,1250
Punjab,Pathankot,Pathankot APMC,Bhindi(Ladies Finger),Bhindi,Medium,26/08/2026,1900,1900,1900
Punjab,Pathankot,Pathankot APMC,Brinjal,Brinjal,Medium,26/08/2026,2000,2000,2000
Punjab,Pathankot,Pathankot APMC,Pineapple,Pine Apple,Medium,26/08/2026,3900,3900,3900
Madhya Pradesh,Sagar,Devri(F&V) APMC,Bitter gourd,Kareli,Grade B,26/08/2026,870,870,870
Andhra Pradesh,East Godavari,Gopalapuram APMC,Maize,Local,Local,26/08/2026,2410,2410,2410
Andhra Pradesh,Ananthapuramu,Kalyandurg APMC,Groundnut,Local,Grade Range-1,26/08/2026,8000,8500,8300
Andhra Pradesh,Eluru,Polavaram APMC,Paddy(Common),1001,Local,26/08/2026,2445,2445,2445
Andhra Pradesh,Annamayya,Madanapalli APMC,Tomato,Local,FAQ,26/08/2026,1600,2000,1800
Andhra Pradesh,Markapuram,Podili APMC,Red gram/Arhar/Tur(whole),Arhar (Whole),FAQ,26/08/2026,8000,8200,8100
Uttar Pradesh,Lakhimpur,Paliakala APMC,Potato,Other,FAQ,26/08/2026,700,700,700
Andhra Pradesh,Sri Sathya Sai,Puttaparthi  APMC,Maize,Local,FAQ,26/08/2026,2400,2500,2450
Andhra Pradesh,Polavaram,Rampachodvaram APMC,Paddy(Common),1001,Grade Range-2,26/08/2026,2369,2389,2379
Tamil Nadu,Salem,Athur(Uzhavar Sandhai ),Potato,Other,Local,26/08/2026,2800,3000,2900
Tamil Nadu,Salem,Athur(Uzhavar Sandhai ),Banana - Green,Banana - Green,Local,26/08/2026,2000,2400,2200
Tamil Nadu,Salem,Athur(Uzhavar Sandhai ),Beans,Beans (Whole),Local,26/08/2026,8000,8500,8250
Tamil Nadu,Salem,Athur(Uzhavar Sandhai ),Tapioca,Tapioca,Local,26/08/2026,2500,3000,2750
Tamil Nadu,Salem,Athur(Uzhavar Sandhai ),Ginger(Green),Green Ginger,Local,26/08/2026,16000,17000,16500
Tamil Nadu,Salem,Athur(Uzhavar Sandhai ),Thondekai,Thondekai,Local,26/08/2026,5000,5500,5250
Tamil Nadu,Salem,Athur(Uzhavar Sandhai ),Green Avare(W),Green Avare (W),Local,26/08/2026,7500,8000,7750
Punjab,Ludhiana,Machhiwara APMC,Onion,Other,FAQ,26/08/2026,4000,4500,4100
Punjab,Ludhiana,Machhiwara APMC,Cucumbar(Kheera),Other,FAQ,26/08/2026,3000,3000,3000
Punjab,Ludhiana,Machhiwara APMC,Bottle gourd,Bottle Gourd,FAQ,26/08/2026,1300,2000,1500
Punjab,Ludhiana,Machhiwara APMC,Capsicum,Other,FAQ,26/08/2026,4000,4000,4000
Punjab,Ludhiana,Machhiwara APMC,Sweet Pumpkin,Other,FAQ,26/08/2026,1000,1500,1500
Punjab,Ludhiana,Machhiwara APMC,Field Pea,Field Pea,FAQ,26/08/2026,8000,8000,8000
Tamil Nadu,Theni,Periyakulam(Uzhavar Sandhai ),Onion,Bellary,Local,26/08/2026,5000,5500,5250
Tamil Nadu,Theni,Periyakulam(Uzhavar Sandhai ),Papaya,Papaya,Local,26/08/2026,2500,3000,2750
Tamil Nadu,Theni,Periyakulam(Uzhavar Sandhai ),Bitter gourd,Other,Local,26/08/2026,3500,3500,3500
Tamil Nadu,Theni,Periyakulam(Uzhavar Sandhai ),Pumpkin,Pumpkin,Local,26/08/2026,1500,1800,1650
Tamil Nadu,Theni,Periyakulam(Uzhavar Sandhai ),Carrot,Pusakesar,Local,26/08/2026,5800,5800,5800
Tamil Nadu,Theni,Periyakulam(Uzhavar Sandhai ),Cabbage,Cabbage,Local,26/08/2026,3000,3000,3000
Tamil Nadu,Theni,Periyakulam(Uzhavar Sandhai ),Beetroot,Beetroot,Local,26/08/2026,3500,3500,3500
Tamil Nadu,Theni,Periyakulam(Uzhavar Sandhai ),Ridgeguard(Tori),Ridgeguard(Tori),Local,26/08/2026,3800,3800,3800
Tamil Nadu,Theni,Periyakulam(Uzhavar Sandhai ),Thondekai,Thondekai,Local,26/08/2026,2800,2800,2800
Tamil Nadu,Theni,Periyakulam(Uzhavar Sandhai ),Chow Chow,Chow Chow,Local,26/08/2026,3000,3000,3000
Tamil Nadu,Theni,Periyakulam(Uzhavar Sandhai ),Indian Beans(Seam),Indian Beans (Seam),Local,26/08/2026,4600,4600,4600
Tamil Nadu,Virudhunagar,Srivilliputhur(Uzhavar Sandhai ),Onion,Bellary,Local,26/08/2026,4500,5500,5000
Tamil Nadu,Virudhunagar,Srivilliputhur(Uzhavar Sandhai ),Cauliflower,Ranchi,Local,26/08/2026,2500,3000,2750
Tamil Nadu,Virudhunagar,Srivilliputhur(Uzhavar Sandhai ),Coriander(Leaves),I Sort,Local,26/08/2026,4500,5000,4750
Tamil Nadu,Virudhunagar,Srivilliputhur(Uzhavar Sandhai ),Bitter gourd,Bitter Gourd,Local,26/08/2026,7000,8000,7500
Tamil Nadu,Virudhunagar,Srivilliputhur(Uzhavar Sandhai ),Amaranthus,Amaranthus,Local,26/08/2026,2500,3000,2750
Tamil Nadu,Virudhunagar,Srivilliputhur(Uzhavar Sandhai ),Ridgeguard(Tori),Ridgeguard(Tori),Local,26/08/2026,4500,5000,4750
Tamil Nadu,Virudhunagar,Srivilliputhur(Uzhavar Sandhai ),Raddish,Raddish,Local,26/08/2026,3000,3500,3250
Tamil Nadu,Virudhunagar,Srivilliputhur(Uzhavar Sandhai ),Chow Chow,Chow Chow,Local,26/08/2026,3000,3500,3250
Tamil Nadu,Virudhunagar,Srivilliputhur(Uzhavar Sandhai ),Tender Coconut,Tender Coconut,Local,26/08/2026,2000,2500,2250
Tamil Nadu,Virudhunagar,Srivilliputhur(Uzhavar Sandhai ),Mint(Pudina),Mint(Pudina),Local,26/08/2026,4500,5000,4750
Uttar Pradesh,Kanpur Dehat,Rura APMC,Potato,Other,FAQ,26/08/2026,650,650,650
Uttar Pradesh,Kanpur Dehat,Rura APMC,Green Gram(Moong)(Whole),Other,FAQ,26/08/2026,7000,7000,7000
Uttar Pradesh,Prayagraj,Prayagraj APMC,Green Gram(Moong)(Whole),Other,FAQ,26/08/2026,8768,8768,8768
Uttar Pradesh,Barabanki,Safdarganj APMC,Wheat,Dara,FAQ,26/08/2026,2450,2500,2456.81
Uttar Pradesh,Jaunpur,Shahganj APMC,Wheat,Other,FAQ,26/08/2026,2570,2570,2570
Uttar Pradesh,Firozabad,Shikohabad APMC,Maize,Other,FAQ,26/08/2026,2140,2140,2140
Uttar Pradesh,Bulandshahar,Siyana APMC,Pomegranate,Pomogranate,Medium,26/08/2026,6500,6600,6550
Uttar Pradesh,Bulandshahar,Siyana APMC,Cucumbar(Kheera),Cucumbar,Medium,26/08/2026,1150,1250,1200
Uttar Pradesh,Bulandshahar,Siyana APMC,Pumpkin,Pumpkin,Medium,26/08/2026,800,820,810
Uttar Pradesh,Bulandshahar,Siyana APMC,Cauliflower,Cauliflower,Medium,26/08/2026,1300,1400,1350
Uttar Pradesh,Hathras,Sikandraraau APMC,Maize,Other,FAQ,26/08/2026,2275,2300,2282.88
Punjab,Ludhiana,Sahnewal APMC,Bhindi(Ladies Finger),Bhindi,FAQ,26/08/2026,2800,2800,2800
Uttar Pradesh,Amethi,Sultanpur APMC,Green Gram(Moong)(Whole),Other,FAQ,26/08/2026,8768,8768,8768
Punjab,Sangrur,Bhawanigarh APMC,Apple,Apple,Medium,26/08/2026,7000,7500,7250
Punjab,Sangrur,Bhawanigarh APMC,Capsicum,Other,Medium,26/08/2026,3000,3500,3250
Punjab,Sangrur,Bhawanigarh APMC,Cowpea(Veg),Other,Local,26/08/2026,4500,4700,4600
Punjab,Sangrur,Bhawanigarh APMC,Coriander(Leaves),Coriander,Medium,26/08/2026,3500,4500,4000
West Bengal,North 24 Parganas,Habra APMC,Onion,Onion,FAQ,26/08/2026,3500,3600,3500
West Bengal,North 24 Parganas,Habra APMC,Potato,Jyoti,FAQ,26/08/2026,1000,1000,1000
Punjab,Amritsar,Mehta APMC,Ridgeguard(Tori),Other,FAQ,26/08/2026,2000,2000,2000
West Bengal,Bankura,Khatra APMC,Tomato,Tomato,FAQ,26/08/2026,2500,3500,3000
Tamil Nadu,Coimbatore,Vadavalli(Uzhavar Sandhai ),Grapes,Annabesahai,Local,26/08/2026,9000,10000,9500
Tamil Nadu,Coimbatore,Vadavalli(Uzhavar Sandhai ),Cauliflower,Ranchi,Local,26/08/2026,4000,4800,4400
Tamil Nadu,Coimbatore,Vadavalli(Uzhavar Sandhai ),Ginger(Green),Green Ginger,Local,26/08/2026,15500,16500,16000
Tamil Nadu,Coimbatore,Vadavalli(Uzhavar Sandhai ),Thondekai,Thondekai,Local,26/08/2026,3500,3800,3650
Tamil Nadu,Coimbatore,Vadavalli(Uzhavar Sandhai ),Guava,Guava Allahabad,Local,26/08/2026,4500,5500,5000
Tamil Nadu,Coimbatore,Vadavalli(Uzhavar Sandhai ),Elephant Yam(Suran)/Amorphophallus,Elephant Yam (Suran),Local,26/08/2026,3200,4000,3600
West Bengal,Darjeeling,Darjeeling APMC,Potato,Red,FAQ,26/08/2026,1400,1600,1500
Tamil Nadu,Dindigul,Vedasanthur(Uzhavar Sandhai ),Bottle gourd,Bottle Gourd,Local,26/08/2026,1200,1500,1350
Tamil Nadu,Dindigul,Vedasanthur(Uzhavar Sandhai ),Snakeguard,Snakeguard,Local,26/08/2026,2500,3000,2750
Himachal Pradesh,Mandi,PMY Kangni Mandi,Water Melon,Water Melon,Grade B,26/08/2026,2400,3600,3000
Himachal Pradesh,Mandi,PMY Kangni Mandi,Capsicum,Capsicum,Grade B,26/08/2026,2000,5000,3000
Himachal Pradesh,Mandi,PMY Kangni Mandi,Tomato,Tomato,Grade B,26/08/2026,1200,2800,2000
Gujarat,Vadodara(Baroda),Padra APMC,Bitter gourd,Other,FAQ,26/08/2026,2000,3250,2650
Gujarat,Vadodara(Baroda),Padra APMC,Brinjal,Other,FAQ,26/08/2026,2000,4000,3000
Gujarat,Vadodara(Baroda),Padra APMC,Pointed gourd(Parval),Other,FAQ,26/08/2026,3500,3750,3625
Gujarat,Vadodara(Baroda),Padra APMC,Spinach,Spinach,FAQ,26/08/2026,2000,2500,2250
Uttar Pradesh,Bulandshahar,Gulavati APMC,Colacasia,Other,FAQ,26/08/2026,4100,4300,4200
Haryana,Hissar,Barwala(Hisar) APMC,Tomato,Tomato,Local,26/08/2026,2000,3000,2500
Haryana,Hissar,Barwala(Hisar) APMC,Pea Pod/Pea Cod/à¤¹à¤°à¥€ à¤®à¤Ÿà¤°,Other,Local,26/08/2026,8000,10000,9000
Haryana,Hissar,Barwala(Hisar) APMC,Tinda,Tinda,Local,26/08/2026,2000,3500,3000
Punjab,Fazilka,Jalalabad APMC,Cabbage,Other,Medium,26/08/2026,3600,3700,3600
Punjab,Fazilka,Jalalabad APMC,Bhindi(Ladies Finger),Bhindi,Medium,26/08/2026,3100,3300,3200
Punjab,Fazilka,Jalalabad APMC,Potato,Potato,Medium,26/08/2026,1000,1200,1100
Punjab,Fazilka,Jalalabad APMC,Tinda,Other,Medium,26/08/2026,4200,4200,4200
Telangana,Hyderabad,Bowenpally APMC,Tomato,Deshi,FAQ,26/08/2026,400,1600,1200
West Bengal,Medinipur(E),Egra/contai APMC,Green Chilli,Green Chilly,FAQ,26/08/2026,4800,5000,4900
Punjab,Jalandhar,Jalandhar City(Jalandhar) APMC,Apple,Other,Medium,26/08/2026,2000,8800,4800
Punjab,Jalandhar,Jalandhar City(Jalandhar) APMC,Mango,Other,Medium,26/08/2026,2100,5500,4000
Punjab,Jalandhar,Jalandhar City(Jalandhar) APMC,Mousambi(Sweet Lime),Mousambi,Medium,26/08/2026,2000,3500,2800
Punjab,Jalandhar,Jalandhar City(Jalandhar) APMC,Pineapple,Other,Medium,26/08/2026,1600,3600,2600
Punjab,Jalandhar,Jalandhar City(Jalandhar) APMC,Cabbage,Cabbage,FAQ,26/08/2026,500,1000,700
Punjab,Jalandhar,Jalandhar City(Jalandhar) APMC,Cauliflower,Cauliflower,FAQ,26/08/2026,1500,3500,2500
Punjab,Jalandhar,Jalandhar City(Jalandhar) APMC,Colacasia,Arabi,FAQ,26/08/2026,1400,2400,1900
Punjab,Jalandhar,Jalandhar City(Jalandhar) APMC,Lemon,Lemon,FAQ,26/08/2026,2500,4000,3200
Tamil Nadu,Coimbatore,Udumalpet APMC,Coriander(Leaves),I Sort,Local,26/08/2026,5000,6000,5500
Tamil Nadu,Coimbatore,Udumalpet APMC,Pumpkin,Pumpkin,Local,26/08/2026,1500,2000,1750
Tamil Nadu,Coimbatore,Udumalpet APMC,Amaranthus,Amaranthus,Local,26/08/2026,2500,3000,2750
Tamil Nadu,Coimbatore,Udumalpet APMC,Carrot,Pusakesar,Local,26/08/2026,7000,8000,7500
Tamil Nadu,Coimbatore,Udumalpet APMC,Snakeguard,Snakeguard,Local,26/08/2026,3000,4000,3500
Tamil Nadu,Coimbatore,Udumalpet APMC,Ridgeguard(Tori),Ridgeguard(Tori),Local,26/08/2026,5000,6000,5500
Tamil Nadu,Coimbatore,Udumalpet APMC,Raddish,Raddish,Local,26/08/2026,1500,3500,2500
Tamil Nadu,Coimbatore,Udumalpet APMC,Indian Beans(Seam),Indian Beans (Seam),Local,26/08/2026,7000,7500,7250
Tamil Nadu,Coimbatore,Udumalpet APMC,Mint(Pudina),Mint(Pudina),Local,26/08/2026,4000,5000,4500
Himachal Pradesh,Kangra,SMY Nagrota Bagwan,Pear(Marasebu),Other,Medium,26/08/2026,6500,8500,7500
Himachal Pradesh,Kangra,SMY Nagrota Bagwan,Tomato,Tomato,FAQ,26/08/2026,2000,2600,2300
Himachal Pradesh,Kangra,SMY Nagrota Bagwan,Colacasia,Colacasia,FAQ,26/08/2026,2800,3000,2900
Himachal Pradesh,Kangra,SMY Nagrota Bagwan,Cauliflower,Cauliflower,FAQ,26/08/2026,5000,5800,5500
Himachal Pradesh,Kullu,SMY Chauri Bihal,Capsicum,Other,Grade Range-1,26/08/2026,3000,3500,3200
Himachal Pradesh,Kullu,SMY Chauri Bihal,Cucumbar(Kheera),Other,Grade Range-1,26/08/2026,1000,2000,1500
Himachal Pradesh,Shimla,SMY Rampur,Cabbage,Other,Local,26/08/2026,3000,3500,3200
Himachal Pradesh,Shimla,SMY Theog,Pear(Marasebu),Other,Grade A,26/08/2026,2500,10000,8000
Madhya Pradesh,Alirajpur,Alirajpur APMC,Wheat,Wheat,FAQ,26/08/2026,2500,2500,2500
West Bengal,Darjeeling,Siliguri APMC,Potato,Jyoti,FAQ,26/08/2026,630,660,650
Madhya Pradesh,Khargone,Bhikangaon APMC,Soyabean,Soyabeen,Non-FAQ,26/08/2026,3500,3500,3500
Tamil Nadu,Erode,Gobichettipalayam(Uzhavar Sandhai ),Potato,Red Nanital,Local,26/08/2026,3500,3800,3650
Tamil Nadu,Erode,Gobichettipalayam(Uzhavar Sandhai ),Amaranthus,Amaranthus,Local,26/08/2026,4000,4400,4200
Tamil Nadu,Erode,Gobichettipalayam(Uzhavar Sandhai ),Ginger(Green),Green Ginger,Local,26/08/2026,16000,16400,16200
Tamil Nadu,Erode,Gobichettipalayam(Uzhavar Sandhai ),Onion Green,Onion Green,Local,26/08/2026,6500,7500,7000
Tamil Nadu,Erode,Sampath Nagar(Uzhavar Sandhai ),Apple,American,Local,26/08/2026,26000,27000,26500
Tamil Nadu,Erode,Sampath Nagar(Uzhavar Sandhai ),Mousambi(Sweet Lime),Mousambi,Local,26/08/2026,5000,5500,5250
Tamil Nadu,Erode,Sampath Nagar(Uzhavar Sandhai ),Green Chilli,Green Chilly,Local,26/08/2026,4000,4200,4100
Tamil Nadu,Erode,Sampath Nagar(Uzhavar Sandhai ),Beans,Beans (Whole),Local,26/08/2026,6600,7000,6800
Tamil Nadu,Erode,Sampath Nagar(Uzhavar Sandhai ),Tapioca,Tapioca,Local,26/08/2026,2000,2500,2250
Tamil Nadu,Erode,Sampath Nagar(Uzhavar Sandhai ),Carrot,Pusakesar,Local,26/08/2026,6200,6600,6400
Tamil Nadu,Erode,Sampath Nagar(Uzhavar Sandhai ),Cabbage,Cabbage,Local,26/08/2026,2000,2500,2250
Tamil Nadu,Erode,Sampath Nagar(Uzhavar Sandhai ),Raddish,Raddish,Local,26/08/2026,2200,2600,2400
Tamil Nadu,Erode,Sampath Nagar(Uzhavar Sandhai ),Tender Coconut,Tender Coconut,Local,26/08/2026,3000,4000,3500
Tamil Nadu,Erode,Sampath Nagar(Uzhavar Sandhai ),Pear(Marasebu),Pears,Local,26/08/2026,9000,9500,9250
Tamil Nadu,Erode,Sampath Nagar(Uzhavar Sandhai ),Onion Green,Onion Green,Local,26/08/2026,5000,6000,5500
Telangana,Ranga Reddy,Chevella APMC,Tomato,Local,Local,26/08/2026,1000,1000,1000
Himachal Pradesh,Shimla,SMY Rohroo,Bhindi(Ladies Finger),Bhindi,Grade B,26/08/2026,2800,3000,2900
Himachal Pradesh,Shimla,SMY Rohroo,Bitter gourd,Other,Grade B,26/08/2026,2800,3000,2900
Himachal Pradesh,Shimla,SMY Rohroo,Brinjal,Arkasheela Mattigulla,Grade B,26/08/2026,3000,3500,3250
Himachal Pradesh,Shimla,SMY Rohroo,Capsicum,Capsicum,Grade B,26/08/2026,2800,3500,3400
Tamil Nadu,Vellore,Pallikonda(Uzhavar Sandhai),Banana,Other,Local,26/08/2026,5000,6000,5500
Tamil Nadu,Vellore,Pallikonda(Uzhavar Sandhai),Coriander(Leaves),I Sort,Local,26/08/2026,3000,3500,3250
Tamil Nadu,Vellore,Pallikonda(Uzhavar Sandhai),Tomato,Deshi,Local,26/08/2026,2000,2200,2100
Tamil Nadu,Vellore,Pallikonda(Uzhavar Sandhai),Green Chilli,Green Chilly,Local,26/08/2026,4500,4500,4500
Tamil Nadu,Vellore,Pallikonda(Uzhavar Sandhai),Coconut,Coconut,Local,26/08/2026,3500,4000,3750
Tamil Nadu,Vellore,Pallikonda(Uzhavar Sandhai),Cabbage,Cabbage,Local,26/08/2026,2500,3000,2750
Tamil Nadu,Vellore,Pallikonda(Uzhavar Sandhai),Beetroot,Beetroot,Local,26/08/2026,3500,4000,3750
Tamil Nadu,Vellore,Pallikonda(Uzhavar Sandhai),Ridgeguard(Tori),Ridgeguard(Tori),Local,26/08/2026,3500,4000,3750
Tamil Nadu,Vellore,Pallikonda(Uzhavar Sandhai),Mint(Pudina),Mint(Pudina),Local,26/08/2026,3000,3000,3000
Andhra Pradesh,Kakinada,Samalkot APMC,Paddy(Common),Paddy,FAQ,26/08/2026,2369,2380,2369
Tamil Nadu,Pudukkottai,Ponnamaravathi(Uzhavar Sandhai),Papaya,Papaya,Local,26/08/2026,2500,3000,2750
Tamil Nadu,Pudukkottai,Ponnamaravathi(Uzhavar Sandhai),Pumpkin,Pumpkin,Local,26/08/2026,1000,1500,1250
Tamil Nadu,Pudukkottai,Ponnamaravathi(Uzhavar Sandhai),Cowpea(Veg),Cowpea (Veg),Local,26/08/2026,1500,2000,1750
Tamil Nadu,Pudukkottai,Ponnamaravathi(Uzhavar Sandhai),Drumstick,Drumstick,Local,26/08/2026,5500,6000,5750
Odisha,Kalahandi,Bhawanipatna APMC,Cucumbar(Kheera),Cucumbar,Local,26/08/2026,3000,3000,3000
Tamil Nadu,Nagapattinam,Mayiladuthurai(Uzhavar Sandhai ),Banana,Besrai,Local,26/08/2026,3500,4000,3750
Tamil Nadu,Nagapattinam,Mayiladuthurai(Uzhavar Sandhai ),Brinjal,Round,Local,26/08/2026,4500,5000,4750
Tamil Nadu,Nagapattinam,Mayiladuthurai(Uzhavar Sandhai ),Coriander(Leaves),I Sort,Local,26/08/2026,3500,4000,3750
Tamil Nadu,Nagapattinam,Mayiladuthurai(Uzhavar Sandhai ),Cabbage,Cabbage,Local,26/08/2026,3600,4000,3800
Tamil Nadu,Nagapattinam,Mayiladuthurai(Uzhavar Sandhai ),Chow Chow,Chow Chow,Local,26/08/2026,4000,4000,4000
Tamil Nadu,Nagapattinam,Mayiladuthurai(Uzhavar Sandhai ),Mango(Raw-Ripe),Mango - Raw-Ripe,Local,26/08/2026,4500,5000,4750
Tamil Nadu,Nagapattinam,Mayiladuthurai(Uzhavar Sandhai ),Tender Coconut,Tender Coconut,Local,26/08/2026,2000,2500,2250
Tamil Nadu,Nagapattinam,Mayiladuthurai(Uzhavar Sandhai ),Onion Green,Onion Green,Local,26/08/2026,5500,6000,5750
Uttar Pradesh,Jaunpur,Jaunpur APMC,Wheat,Deshi,FAQ,26/08/2026,2600,2600,2600
Tamil Nadu,Pudukkottai,Viralimalai(Uzhavar Sandhai ),Bottle gourd,Bottle Gourd,Local,26/08/2026,2500,3000,2750
Tamil Nadu,Pudukkottai,Viralimalai(Uzhavar Sandhai ),Pumpkin,Pumpkin,Local,26/08/2026,1200,1500,1350
Tamil Nadu,Pudukkottai,Viralimalai(Uzhavar Sandhai ),Coconut,Coconut,Local,26/08/2026,3500,4000,3750
Tamil Nadu,Pudukkottai,Viralimalai(Uzhavar Sandhai ),Ridgeguard(Tori),Ridgeguard(Tori),Local,26/08/2026,6500,7000,6750
Tamil Nadu,Ramanathapuram,Kamuthi(Uzhavar Sandhai ),Brinjal,Round,Local,26/08/2026,7000,7000,7000
Tamil Nadu,Ramanathapuram,Paramakudi(Uzhavar Sandhai ),Banana,Besrai,Local,26/08/2026,4500,5000,4750
Tamil Nadu,Ramanathapuram,Paramakudi(Uzhavar Sandhai ),Onion,Bellary,Local,26/08/2026,5000,5200,5100
Tamil Nadu,Ramanathapuram,Paramakudi(Uzhavar Sandhai ),Coriander(Leaves),I Sort,Local,26/08/2026,6500,7000,6750
Tamil Nadu,Ramanathapuram,Paramakudi(Uzhavar Sandhai ),Ashgourd,Gouard,Local,26/08/2026,2200,2500,2350
Tamil Nadu,Ramanathapuram,Paramakudi(Uzhavar Sandhai ),Coconut,Coconut,Local,26/08/2026,6500,7000,6750
Tamil Nadu,Ramanathapuram,Paramakudi(Uzhavar Sandhai ),Raddish,Raddish,Local,26/08/2026,4000,4500,4250
Tamil Nadu,Ramanathapuram,Paramakudi(Uzhavar Sandhai ),Knool Khol,Knool Khol,Local,26/08/2026,5500,5800,5650
Tamil Nadu,Ramanathapuram,Paramakudi(Uzhavar Sandhai ),Jasmine,Jasmine,Local,26/08/2026,50000,60000,55000
Tamil Nadu,Ramanathapuram,Paramakudi(Uzhavar Sandhai ),Mint(Pudina),Mint(Pudina),Local,26/08/2026,7000,7500,7250
Tamil Nadu,Ramanathapuram,Ramanathapuram(Uzhavar Sandhai ),Onion,Bellary,Local,26/08/2026,5500,6000,5750
Tamil Nadu,Ramanathapuram,Ramanathapuram(Uzhavar Sandhai ),Potato,Red Nanital,Local,26/08/2026,5200,5500,5350
Tamil Nadu,Ramanathapuram,Ramanathapuram(Uzhavar Sandhai ),Cauliflower,Ranchi,Local,26/08/2026,5500,6000,5750
Tamil Nadu,Ramanathapuram,Ramanathapuram(Uzhavar Sandhai ),Bhindi(Ladies Finger),Bhindi,Local,26/08/2026,5500,6000,5750
Tamil Nadu,Ramanathapuram,Ramanathapuram(Uzhavar Sandhai ),Coconut,Coconut,Local,26/08/2026,6800,7000,6900
Tamil Nadu,Ramanathapuram,Ramanathapuram(Uzhavar Sandhai ),Green Avare(W),Green Avare (W),Local,26/08/2026,8500,9000,8750
Tamil Nadu,Ramanathapuram,Ramanathapuram(Uzhavar Sandhai ),Knool Khol,Knool Khol,Local,26/08/2026,5500,6000,5750
Tamil Nadu,Ramanathapuram,Ramanathapuram(Uzhavar Sandhai ),Tube Flower,Tube Flower,Local,26/08/2026,80000,85000,82500
Tamil Nadu,Pudukkottai,Alangudi(Uzhavar Sandhai ),Banana - Green,Banana - Green,Local,26/08/2026,2500,3000,2750
Tamil Nadu,Pudukkottai,Alangudi(Uzhavar Sandhai ),Onion Green,Onion Green,Local,26/08/2026,7000,8000,7500
Tamil Nadu,Thiruvannamalai,Arani(Uzhavar Sandhai ),Tomato,Deshi,Local,26/08/2026,1500,2000,1750
Tamil Nadu,Thiruvannamalai,Arani(Uzhavar Sandhai ),Bottle gourd,Bottle Gourd,Local,26/08/2026,1500,2000,1750
Tamil Nadu,Thiruvannamalai,Arani(Uzhavar Sandhai ),Bhindi(Ladies Finger),Bhindi,Local,26/08/2026,3500,4000,3750
Tamil Nadu,Thiruvannamalai,Arani(Uzhavar Sandhai ),Beans,Beans (Whole),Local,26/08/2026,8000,9600,8800
Tamil Nadu,Thiruvannamalai,Arani(Uzhavar Sandhai ),Ginger(Green),Green Ginger,Local,26/08/2026,17000,20000,18500
Tamil Nadu,Thiruvannamalai,Arani(Uzhavar Sandhai ),Snakeguard,Snakeguard,Local,26/08/2026,2500,3000,2750
Tamil Nadu,Thiruvannamalai,Arani(Uzhavar Sandhai ),Chow Chow,Chow Chow,Local,26/08/2026,2500,3000,2750
Tamil Nadu,Thiruvannamalai,Arani(Uzhavar Sandhai ),Knool Khol,Knool Khol,Local,26/08/2026,3500,4200,3850
Tamil Nadu,Thiruvannamalai,Arani(Uzhavar Sandhai ),Guava,Guava Allahabad,Local,26/08/2026,4000,5000,4500
Tamil Nadu,Thiruvannamalai,Arani(Uzhavar Sandhai ),Onion Green,Onion Green,Local,26/08/2026,5000,6000,5500
Tamil Nadu,Thiruvannamalai,Polur(Uzhavar Sandhai ),Onion,Bellary,Local,26/08/2026,4200,5000,4600
Tamil Nadu,Thiruvannamalai,Polur(Uzhavar Sandhai ),Garlic,Garlic,Local,26/08/2026,20000,24000,22000
Tamil Nadu,Thiruvannamalai,Polur(Uzhavar Sandhai ),Amaranthus,Amaranthus,Local,26/08/2026,1600,2000,1800
Tamil Nadu,Thiruvannamalai,Polur(Uzhavar Sandhai ),Chow Chow,Chow Chow,Local,26/08/2026,3300,4000,3650
Tamil Nadu,Thiruvannamalai,Polur(Uzhavar Sandhai ),Knool Khol,Knool Khol,Local,26/08/2026,3300,4000,3650
Tamil Nadu,Thiruvannamalai,Polur(Uzhavar Sandhai ),Yam(Ratalu),Yam (Ratalu),Local,26/08/2026,5000,6000,5500
Tamil Nadu,Thiruvannamalai,Polur(Uzhavar Sandhai ),Mint(Pudina),Mint(Pudina),Local,26/08/2026,3300,4000,3650
Tamil Nadu,Thiruvannamalai,Tiruvannamalai(Uzhavar Sandhai ),Potato,Red Nanital,Local,26/08/2026,3600,4000,3800
Tamil Nadu,Thiruvannamalai,Tiruvannamalai(Uzhavar Sandhai ),Ashgourd,Gouard,Local,26/08/2026,2000,2500,2250
Tamil Nadu,Thiruvannamalai,Tiruvannamalai(Uzhavar Sandhai ),Snakeguard,Snakeguard,Local,26/08/2026,3000,3600,3300
Tamil Nadu,Thiruvannamalai,Tiruvannamalai(Uzhavar Sandhai ),Cucumbar(Kheera),Cucumbar,Local,26/08/2026,3500,4000,3750
Tamil Nadu,Thiruvannamalai,Tiruvannamalai(Uzhavar Sandhai ),Raddish,Raddish,Local,26/08/2026,2400,3000,2700
Tamil Nadu,Thiruvannamalai,Tiruvannamalai(Uzhavar Sandhai ),Tender Coconut,Tender Coconut,Local,26/08/2026,2000,2500,2250
Tamil Nadu,Thiruvannamalai,Tiruvannamalai(Uzhavar Sandhai ),Mashrooms,Mashrooms,Local,26/08/2026,23000,25000,24000
Tamil Nadu,Thiruvannamalai,Tiruvannamalai(Uzhavar Sandhai ),Amla(Nelli Kai),Amla,Local,26/08/2026,8000,10000,9000
Tamil Nadu,Thiruvarur,Mannargudi I(Uzhavar Sandhai ),Apple,American,Local,26/08/2026,20000,25000,22500
Tamil Nadu,Thiruvarur,Mannargudi I(Uzhavar Sandhai ),Brinjal,Round,Local,26/08/2026,4000,4000,4000
Tamil Nadu,Thiruvarur,Mannargudi I(Uzhavar Sandhai ),Cluster beans,Cluster Beans,Local,26/08/2026,4000,4000,4000
Tamil Nadu,Thiruvarur,Mannargudi I(Uzhavar Sandhai ),Green Chilli,Green Chilly,Local,26/08/2026,5000,5000,5000
Tamil Nadu,Thiruvarur,Mannargudi I(Uzhavar Sandhai ),Banana - Green,Banana - Green,Local,26/08/2026,4800,4800,4800
Tamil Nadu,Thiruvarur,Mannargudi I(Uzhavar Sandhai ),Beans,Beans (Whole),Local,26/08/2026,6600,6600,6600
Tamil Nadu,Thiruvarur,Mannargudi I(Uzhavar Sandhai ),Coconut,Coconut,Local,26/08/2026,4000,4000,4000
Tamil Nadu,Thiruvarur,Mannargudi I(Uzhavar Sandhai ),Green Avare(W),Other,Local,26/08/2026,4000,4000,4000
Tamil Nadu,Thiruvarur,Mannargudi I(Uzhavar Sandhai ),Lime,Lime,Local,26/08/2026,4000,4000,4000
Tamil Nadu,Thiruvarur,Mannargudi II(Uzhavar Sandhai ),Banana,Other,Local,26/08/2026,6000,6000,6000
Tamil Nadu,Thiruvarur,Mannargudi II(Uzhavar Sandhai ),Mango,Safeda,Local,26/08/2026,10000,14000,12000
Tamil Nadu,Thiruvarur,Mannargudi II(Uzhavar Sandhai ),Brinjal,Round,Local,26/08/2026,4000,4000,4000
Tamil Nadu,Thiruvarur,Mannargudi II(Uzhavar Sandhai ),Tapioca,Tapioca,Local,26/08/2026,4600,4600,4600
Tamil Nadu,Thiruvarur,Mannargudi II(Uzhavar Sandhai ),Raddish,Raddish,Local,26/08/2026,4000,4000,4000
Tamil Nadu,Thiruvarur,Tiruthuraipoondi(Uzhavar Sandhai ),Banana,Besrai,Local,26/08/2026,4000,4000,4000
Tamil Nadu,Thiruvarur,Tiruthuraipoondi(Uzhavar Sandhai ),Pineapple,Pine Apple,Local,26/08/2026,6000,6000,6000
Tamil Nadu,Thiruvarur,Tiruthuraipoondi(Uzhavar Sandhai ),Papaya,Papaya,Local,26/08/2026,3500,3500,3500
Tamil Nadu,Thiruvarur,Tiruthuraipoondi(Uzhavar Sandhai ),Tapioca,Tapioca,Local,26/08/2026,4400,4400,4400
Tamil Nadu,Thiruvarur,Tiruthuraipoondi(Uzhavar Sandhai ),Sweet Potato,Hosur Red,Local,26/08/2026,6000,6000,6000
Tamil Nadu,Thiruvarur,Tiruthuraipoondi(Uzhavar Sandhai ),Drumstick,Drumstick,Local,26/08/2026,3600,3600,3600
Tamil Nadu,Thiruvarur,Tiruthuraipoondi(Uzhavar Sandhai ),Mango(Raw-Ripe),Mango - Raw-Ripe,Local,26/08/2026,9000,10000,9500
Tamil Nadu,Thiruvarur,Tiruthuraipoondi(Uzhavar Sandhai ),Lime,Lime,Local,26/08/2026,3000,3000,3000
Tamil Nadu,Thiruvellore,Ambattur(Uzhavar Sandhai ),Tomato,Local,Local,26/08/2026,2500,2500,2500
Tamil Nadu,Thiruvellore,Naravarikuppam(Uzhavar Sandhai ),Tomato,Deshi,Local,26/08/2026,2500,2500,2500
Tamil Nadu,Thiruvellore,Naravarikuppam(Uzhavar Sandhai ),Banana - Green,Banana - Green,Local,26/08/2026,4000,4000,4000
Tamil Nadu,Thiruvellore,Paruthipattu(Uzhavar Sandhai ),Potato,Red Nanital,Local,26/08/2026,4000,4000,4000
Tamil Nadu,Thiruvellore,Paruthipattu(Uzhavar Sandhai ),Brinjal,Round,Local,26/08/2026,5000,5000,5000
Tamil Nadu,Thiruvellore,Paruthipattu(Uzhavar Sandhai ),Coriander(Leaves),I Sort,Local,26/08/2026,6000,6000,6000
Tamil Nadu,Thiruvellore,Paruthipattu(Uzhavar Sandhai ),Bitter gourd,Bitter Gourd,Local,26/08/2026,5000,5000,5000
Tamil Nadu,Thiruvellore,Paruthipattu(Uzhavar Sandhai ),Bhindi(Ladies Finger),Bhindi,Local,26/08/2026,5000,5000,5000
Tamil Nadu,Thiruvellore,Paruthipattu(Uzhavar Sandhai ),Banana - Green,Banana - Green,Local,26/08/2026,4000,4000,4000
Tamil Nadu,Thiruvellore,Paruthipattu(Uzhavar Sandhai ),Carrot,Pusakesar,Local,26/08/2026,6000,6000,6000
Tamil Nadu,Tuticorin,Kovilpatti(Uzhavar Sandhai ),Banana,Other,Local,26/08/2026,3000,3500,3250
Tamil Nadu,Tuticorin,Kovilpatti(Uzhavar Sandhai ),Ginger(Green),Green Ginger,Local,26/08/2026,17000,18000,17500
Tamil Nadu,Tuticorin,Kovilpatti(Uzhavar Sandhai ),Ridgeguard(Tori),Ridgeguard(Tori),Local,26/08/2026,7500,8000,7750
Tamil Nadu,Tuticorin,Kovilpatti(Uzhavar Sandhai ),Thondekai,Thondekai,Local,26/08/2026,4000,4500,4250
Tamil Nadu,Tuticorin,Kovilpatti(Uzhavar Sandhai ),Capsicum,Capsicum,Local,26/08/2026,6000,6500,6250
Tamil Nadu,Tuticorin,Kovilpatti(Uzhavar Sandhai ),Drumstick,Drumstick,Local,26/08/2026,3500,4000,3750
Tamil Nadu,Tuticorin,Kovilpatti(Uzhavar Sandhai ),Indian Beans(Seam),Indian Beans (Seam),Local,26/08/2026,6500,7000,6750
Tamil Nadu,Tuticorin,Kovilpatti(Uzhavar Sandhai ),Mint(Pudina),Mint(Pudina),Local,26/08/2026,5000,5500,5250
Tamil Nadu,Vellore,Gudiyatham(Uzhavar Sandhai ),Banana,Red Banana,Local,26/08/2026,9000,9000,9000
Tamil Nadu,Vellore,Gudiyatham(Uzhavar Sandhai ),Tomato,Deshi,Local,26/08/2026,3000,3000,3000
Tamil Nadu,Vellore,Gudiyatham(Uzhavar Sandhai ),Beans,Beans (Whole),Local,26/08/2026,7600,7600,7600
Tamil Nadu,Vellore,Gudiyatham(Uzhavar Sandhai ),Sweet Potato,Hosur Red,Local,26/08/2026,3600,3600,3600
Tamil Nadu,Vellore,Gudiyatham(Uzhavar Sandhai ),Ridgeguard(Tori),Ridgeguard(Tori),Local,26/08/2026,3600,3600,3600
Tamil Nadu,Vellore,Gudiyatham(Uzhavar Sandhai ),Mango(Raw-Ripe),Mango - Raw-Ripe,Local,26/08/2026,6600,6600,6600
Tamil Nadu,Vellore,Gudiyatham(Uzhavar Sandhai ),Lemon,Lemon,Local,26/08/2026,10000,10000,10000
Tamil Nadu,Vellore,Gudiyatham(Uzhavar Sandhai ),Rose(Local),Rose (Local),Local,26/08/2026,15000,15000,15000
Tamil Nadu,Vellore,Kahithapattarai(Uzhavar Sandhai ),Green Peas,Green Peas,Local,26/08/2026,13000,13000,13000
Tamil Nadu,Vellore,Kahithapattarai(Uzhavar Sandhai ),Raddish,Raddish,Local,26/08/2026,2500,2500,2500
Tamil Nadu,Vellore,Kahithapattarai(Uzhavar Sandhai ),Drumstick,Drumstick,Local,26/08/2026,2500,2500,2500
Tamil Nadu,Vellore,Kahithapattarai(Uzhavar Sandhai ),Guava,Guava Allahabad,Local,26/08/2026,4500,4500,4500
Tamil Nadu,Vellore,Kahithapattarai(Uzhavar Sandhai ),Colacasia,Colacasia,Local,26/08/2026,4500,4500,4500
Tamil Nadu,Vellore,Kahithapattarai(Uzhavar Sandhai ),Onion Green,Onion Green,Local,26/08/2026,8500,8500,8500
Andhra Pradesh,Prakasam,Darsi APMC,Cotton,Desi,Local,26/08/2026,8100,8200,8200
Haryana,Rewari,Rewari APMC,Potato,Other,Medium,26/08/2026,800,1600,1200
Himachal Pradesh,Solan,PMY Kather Solan,Ginger(Green),Other,Medium,26/08/2026,8000,12500,11000
Himachal Pradesh,Solan,PMY Kather Solan,Coriander(Leaves),Other,Medium,26/08/2026,3000,6500,6000
Himachal Pradesh,Solan,PMY Kather Solan,Apple,Other,Medium,26/08/2026,2500,15000,10000
Himachal Pradesh,Solan,PMY Kather Solan,Bhindi(Ladies Finger),Other,Medium,26/08/2026,2000,3500,2500
Punjab,Hoshiarpur,Mukerian APMC,Brinjal,Brinjal,Grade B,26/08/2026,1500,2500,2000
Punjab,Hoshiarpur,Mukerian APMC,Pomegranate,Pomogranate,Grade B,26/08/2026,13000,15000,14000
Punjab,Hoshiarpur,Mukerian APMC,Apple,Apple,Grade B,26/08/2026,12000,14000,13000
Punjab,Hoshiarpur,Mukerian APMC,Papaya,Papaya,Grade B,26/08/2026,2500,3500,3000
Punjab,Hoshiarpur,Mukerian APMC,Potato,Potato,Local,26/08/2026,1000,1200,1100
Punjab,Ludhiana,Samrala APMC,Cauliflower,Other,Local,26/08/2026,2500,3200,2800
Punjab,Ludhiana,Ludhiana APMC,Cabbage,Other,FAQ,26/08/2026,900,1800,1400
Punjab,Ludhiana,Ludhiana APMC,Pomegranate,Other,Medium,26/08/2026,2000,6000,4000
Punjab,Ludhiana,Ludhiana APMC,Raddish,Raddish,FAQ,26/08/2026,300,1000,600
Punjab,Ludhiana,Ludhiana APMC,Onion,Other,FAQ,26/08/2026,1300,3900,2700
Punjab,Ludhiana,Ludhiana APMC,Coriander(Leaves),Other,FAQ,26/08/2026,2000,3000,2500
Punjab,Ludhiana,Ludhiana APMC,French Beans(Frasbean),Other,FAQ,26/08/2026,2200,4000,3000
Punjab,Ludhiana,Ludhiana APMC,Colacasia,Arabi,FAQ,26/08/2026,1300,1800,1600
Uttar Pradesh,Badaun,Badayoun APMC,Gram Raw(Chholia),Other,FAQ,26/08/2026,7742,7742,7742
Uttar Pradesh,Badaun,Badayoun APMC,Black Gram Dal(Urd Dal),Other,FAQ,26/08/2026,11585,12000,11697.16
Odisha,Dhenkanal,Hindol APMC,Cucumbar(Kheera),Cucumbar,Grade B,26/08/2026,4500,5000,4800
Odisha,Dhenkanal,Hindol APMC,Bhindi(Ladies Finger),Bhindi,Grade B,26/08/2026,5700,6000,5800
Odisha,Dhenkanal,Hindol APMC,Drumstick,Drumstick,Grade B,26/08/2026,5800,6500,6000
Uttar Pradesh,Firozabad,Firozabad APMC,Firewood,Firewood,FAQ,26/08/2026,500,500,500
Tamil Nadu,Thiruvannamalai,Cheyyar(Uzhavar Sandhai ),Coriander(Leaves),I Sort,Local,26/08/2026,4000,5000,4500
Tamil Nadu,Thiruvannamalai,Cheyyar(Uzhavar Sandhai ),Tomato,Local,Local,26/08/2026,1500,2000,1750
Tamil Nadu,Thiruvannamalai,Cheyyar(Uzhavar Sandhai ),Snakeguard,Snakeguard,Local,26/08/2026,2500,3000,2750
Tamil Nadu,Thiruvannamalai,Cheyyar(Uzhavar Sandhai ),Green Avare(W),Other,Local,26/08/2026,4000,5000,4500
Tamil Nadu,Thiruvannamalai,Cheyyar(Uzhavar Sandhai ),Onion Green,Onion Green,Local,26/08/2026,4800,6000,5400
Haryana,Ambala,Naraingarh APMC,Cabbage,Cabbage,Medium,26/08/2026,1000,1500,1150
Haryana,Ambala,Naraingarh APMC,Ridgeguard(Tori),Ridgeguard(Tori),Medium,26/08/2026,800,1500,1200
Haryana,Ambala,Naraingarh APMC,Mousambi(Sweet Lime),Mousambi,Medium,26/08/2026,2500,2500,2500
Haryana,Ambala,Naraingarh APMC,Apple,Apple,Medium,26/08/2026,1900,13100,12500
Haryana,Ambala,Naraingarh APMC,Pear(Marasebu),Other,Medium,26/08/2026,4000,4000,4000
Haryana,Ambala,Naraingarh APMC,French Beans(Frasbean),French Beans (Frasbean),Medium,26/08/2026,3000,4000,3500
Andhra Pradesh,YSR Kadapa,Rajampet APMC,Papaya,Papaya,Grade A,26/08/2026,1500,1700,1600
Punjab,Fatehgarh,Sirhind APMC,Mango,Chausa,Medium,26/08/2026,8500,9000,8700
Punjab,Fatehgarh,Sirhind APMC,Water Melon,Other,Medium,26/08/2026,1500,2200,1900
Punjab,Fatehgarh,Sirhind APMC,Pomegranate,Other,Medium,26/08/2026,5200,12000,10000
Punjab,Fatehgarh,Sirhind APMC,Elephant Yam(Suran)/Amorphophallus,Other,FAQ,26/08/2026,4500,6000,5000
Punjab,Fatehgarh,Sirhind APMC,Potato,Other,Local,26/08/2026,680,900,800
Punjab,Fatehgarh,Sirhind APMC,Raddish,Other,FAQ,26/08/2026,1800,2500,2000
Punjab,Fatehgarh,Sirhind APMC,Lemon,Other,FAQ,26/08/2026,5000,5500,5200
Punjab,Fatehgarh,Sirhind APMC,Ridgeguard(Tori),Other,FAQ,26/08/2026,2000,3000,2400
Odisha,Sundergarh,Panposh APMC,Brinjal,Brinjal,FAQ,26/08/2026,3000,4000,3500
Odisha,Sundergarh,Panposh APMC,Cucumbar(Kheera),Other,FAQ,26/08/2026,3500,4200,4000
Tamil Nadu,Ariyalur,Ariyalur(Uzhavar Sandhai),Tomato,Deshi,Local,26/08/2026,2500,3000,2750
Tamil Nadu,Ariyalur,Ariyalur(Uzhavar Sandhai),Coconut,Coconut,Local,26/08/2026,6000,6500,6250
Tamil Nadu,Ariyalur,Ariyalur(Uzhavar Sandhai),Drumstick,Drumstick,Local,26/08/2026,3500,4000,3750
Tamil Nadu,Ariyalur,Ariyalur(Uzhavar Sandhai),Onion Green,Onion Green,Local,26/08/2026,6000,7000,6500
Tamil Nadu,Ariyalur,Ariyalur(Uzhavar Sandhai),Mint(Pudina),Mint(Pudina),Local,26/08/2026,4500,5500,5000
Odisha,Nayagarh,Bahadajholla APMC,Tomato,Tomato,Grade B,26/08/2026,1500,1800,1800
Uttarakhand,Udhamsinghnagar,Gadarpur APMC,Rice,Other,Local,26/08/2026,3710,3710,3710
Andhra Pradesh,Palnadu,Rompicherla APMC,Paddy(Common),Paddy,FAQ,26/08/2026,2300,2480,2400
Chattisgarh,Raipur,Kharora APMC,Paddy(Common),Mahamaya,Non-FAQ,26/08/2026,1970,1970,1970
Andhra Pradesh,Annamayya,Valmikipuram APMC,Tomato,Hybrid,FAQ,26/08/2026,1400,1800,1600
Gujarat,Mehsana,Visnagar APMC,Castor Seed,Other,Local,26/08/2026,7000,7215,7107
Haryana,Mahendragarh-Narnaul,Narnaul APMC,Sponge gourd,Sponge gourd,Medium,26/08/2026,3000,4000,4000
Haryana,Mahendragarh-Narnaul,Narnaul APMC,Cucumbar(Kheera),Cucumbar,Medium,26/08/2026,1500,3500,2500
Haryana,Mahendragarh-Narnaul,Narnaul APMC,Tinda,Tinda,Medium,26/08/2026,2000,3800,2500
Haryana,Mahendragarh-Narnaul,Narnaul APMC,Pumpkin,Pumpkin,Medium,26/08/2026,800,1500,1000
Haryana,Mahendragarh-Narnaul,Narnaul APMC,Ginger(Green),Green Ginger,Medium,26/08/2026,7000,10000,8000
Haryana,Mahendragarh-Narnaul,Narnaul APMC,Potato,Potato,Medium,26/08/2026,800,1000,900
Haryana,Mahendragarh-Narnaul,Narnaul APMC,Apple,Apple,Medium,26/08/2026,8000,15000,12000
Haryana,Mahendragarh-Narnaul,Narnaul APMC,Tender Coconut,Tender Coconut,Medium,26/08/2026,5500,6500,6000
Odisha,Cuttack,Banki APMC,Cowpea(Veg),Cowpea (Veg),Medium,26/08/2026,3500,4500,4000
Odisha,Cuttack,Banki APMC,Papaya(Raw),Other,Medium,26/08/2026,1500,2000,1800
Odisha,Cuttack,Banki APMC,Tomato,Tomato,FAQ,26/08/2026,3000,4000,3500
Himachal Pradesh,Kangra,PMY Kangra,Pumpkin,Pumpkin,FAQ,26/08/2026,1500,1800,1600
Himachal Pradesh,Kangra,PMY Kangra,Mashrooms,Mashrooms,FAQ,26/08/2026,19000,20000,19500
Himachal Pradesh,Kangra,PMY Kangra,Coriander(Leaves),Coriander,FAQ,26/08/2026,17000,18000,18000
Himachal Pradesh,Kangra,PMY Kangra,Apple,Apple,Medium,26/08/2026,4000,18000,10000
Himachal Pradesh,Kangra,PMY Kangra,Papaya,Other,Medium,26/08/2026,4000,5000,4500
Uttar Pradesh,Gorakhpur,Sehjanwa APMC,Rice,Common,FAQ,26/08/2026,2200,2200,2200
Uttar Pradesh,Amroha,Hasanpur APMC,Cabbage,Cabbage,FAQ,26/08/2026,1450,1520,1500
Uttar Pradesh,Amroha,Hasanpur APMC,Banana - Green,Banana - Green,FAQ,26/08/2026,1450,1520,1500
Uttar Pradesh,Amroha,Hasanpur APMC,Lemon,Lemon,FAQ,26/08/2026,4000,4020,4010
Uttar Pradesh,Amroha,Hasanpur APMC,Spinach,Other,FAQ,26/08/2026,1450,1520,1500
Punjab,Gurdaspur,Dhariwal APMC,Brinjal,Brinjal,Grade A,26/08/2026,1790,1790,1790
Punjab,Hoshiarpur,Garh Shankar APMC,Apple,Apple,Medium,26/08/2026,7000,7000,7000
Punjab,Hoshiarpur,Garh Shankar APMC,Bitter gourd,Bitter Gourd,FAQ,26/08/2026,2500,2500,2500
Punjab,Hoshiarpur,Garh Shankar APMC,Capsicum,Capsicum,FAQ,26/08/2026,3500,3500,3500
Punjab,Hoshiarpur,Garh Shankar APMC,Cucumbar(Kheera),Cucumbar,FAQ,26/08/2026,2700,2700,2700
Punjab,Hoshiarpur,Tanda Urmur APMC,Bitter gourd,Bitter Gourd,Grade A,26/08/2026,2500,3000,2800
Punjab,Hoshiarpur,Tanda Urmur APMC,Capsicum,Capsicum,Grade A,26/08/2026,5000,6000,5500
Punjab,Hoshiarpur,Tanda Urmur APMC,Bhindi(Ladies Finger),Bhindi,Grade A,26/08/2026,3000,3500,3200
Punjab,Jalandhar,Adampur APMC,Potato,Local,FAQ,26/08/2026,500,600,600
Punjab,Jalandhar,Adampur APMC,Round gourd,Other,FAQ,26/08/2026,1500,2000,2000
Punjab,Jalandhar,Lohian Khas APMC,Potato,Other,Local,26/08/2026,300,500,400
Punjab,Jalandhar,Lohian Khas APMC,Bhindi(Ladies Finger),Other,Local,26/08/2026,2600,3000,2800
Punjab,Ludhiana,Doraha APMC,Cucumbar(Kheera),Cucumbar,Local,26/08/2026,1800,3000,2500
Haryana,Panchkula,Barwala APMC,Bhindi(Ladies Finger),Bhindi,FAQ,26/08/2026,1500,1500,1500
Haryana,Panchkula,Barwala APMC,Bottle gourd,Bottle Gourd,FAQ,26/08/2026,1200,1500,1350
Haryana,Panchkula,Barwala APMC,Brinjal,Brinjal,FAQ,26/08/2026,2000,2000,2000
Punjab,Nawanshahr,Banga APMC,Onion,Onion,FAQ,26/08/2026,2900,4300,3500
Punjab,Nawanshahr,Banga APMC,Cauliflower,Cauliflower,FAQ,26/08/2026,3700,4500,4000
Odisha,Mayurbhanja,Betnoti APMC,Papaya(Raw),Other,FAQ,26/08/2026,2500,2900,2700
Haryana,Jhajar,Bahadurgarh APMC,Raddish,Other,Medium,26/08/2026,1000,1200,1100
Haryana,Jhajar,Bahadurgarh APMC,Ginger(Green),Other,Medium,26/08/2026,16000,18000,17000
Andhra Pradesh,Ananthapuramu,Rapthadu APMC,Ground Nut Seed,Ground Nut Seed,Grade Range-1,26/08/2026,9500,11500,10500
Tamil Nadu,Coimbatore,Sundarapuram(Uzhavar Sandhai ),Onion,Bellary,Local,26/08/2026,5000,5500,5250
Tamil Nadu,Coimbatore,Sundarapuram(Uzhavar Sandhai ),Tomato,Local,Local,26/08/2026,1500,1800,1650
Tamil Nadu,Coimbatore,Sundarapuram(Uzhavar Sandhai ),Cluster beans,Cluster Beans,Local,26/08/2026,4000,4500,4250
Tamil Nadu,Coimbatore,Sundarapuram(Uzhavar Sandhai ),Bitter gourd,Other,Local,26/08/2026,5500,6000,5750
Tamil Nadu,Coimbatore,Sundarapuram(Uzhavar Sandhai ),Banana - Green,Banana - Green,Local,26/08/2026,4000,4500,4250
Tamil Nadu,Coimbatore,Sundarapuram(Uzhavar Sandhai ),Capsicum,Capsicum,Local,26/08/2026,5000,5500,5250
Tamil Nadu,Coimbatore,Sundarapuram(Uzhavar Sandhai ),Guava,Guava Allahabad,Local,26/08/2026,5500,6000,5750
Tamil Nadu,Coimbatore,Sundarapuram(Uzhavar Sandhai ),Onion Green,Onion Green,Local,26/08/2026,7000,7500,7250
Tamil Nadu,Coimbatore,Sundarapuram(Uzhavar Sandhai ),Sweet Corn ,Sweet Corn ,Local,26/08/2026,3600,4000,3800
Haryana,Rohtak,Meham,Apple,Apple,Medium,26/08/2026,12000,12000,12000
Odisha,Kalahandi,Kalahandi(Dharamagarh) APMC,Cabbage,Other,Grade B,26/08/2026,2700,3100,2900
Punjab,Amritsar,Majitha APMC,Bhindi(Ladies Finger),Bhindi,Local,26/08/2026,1100,1100,1100
Punjab,Gurdaspur,Kalanaur APMC,Bhindi(Ladies Finger),Other,Grade A,26/08/2026,4100,4100,4100
Punjab,Gurdaspur,Kalanaur APMC,Bottle gourd,Bottle Gourd,Grade A,26/08/2026,1200,1200,1200
Himachal Pradesh,Solan,SMY Nalagarh,Apple,Other,Grade A,26/08/2026,3000,5000,4000
Punjab,Bhatinda,Rampuraphul(Nabha Mandi) APMC,Papaya,Papaya,Grade A,26/08/2026,3000,4000,3500
Punjab,Bhatinda,Rampuraphul(Nabha Mandi) APMC,Onion,Other,Grade A,26/08/2026,2500,4500,3500
Punjab,Hoshiarpur,Mukerian(Talwara) APMC,Banana,Banana - Ripe,Medium,26/08/2026,2800,3600,3200
Punjab,Hoshiarpur,Mukerian(Talwara) APMC,Cucumbar(Kheera),Cucumbar,FAQ,26/08/2026,2000,2600,2300
Punjab,Hoshiarpur,Mukerian(Talwara) APMC,Green Chilli,Green Chilly,FAQ,26/08/2026,2000,3000,2500
Himachal Pradesh,Kangra,SMY Baijnath,Cauliflower,Cauliflower,Grade A,26/08/2026,5500,5600,5600
Himachal Pradesh,Kangra,SMY Baijnath,Cucumbar(Kheera),Cucumbar,Grade A,26/08/2026,2800,3500,3200
Himachal Pradesh,Kangra,SMY Baijnath,Potato,Desi,Grade A,26/08/2026,1800,2000,2000
Himachal Pradesh,Kangra,SMY Jaisinghpur,Pumpkin,Pumpkin,FAQ,26/08/2026,2200,2500,2400
Himachal Pradesh,Kangra,SMY Jaisinghpur,Ginger(Green),Green Ginger,FAQ,26/08/2026,13000,16000,14500
Himachal Pradesh,Kangra,SMY Jaisinghpur,Colacasia,Colacasia,FAQ,26/08/2026,3500,4000,3800
Himachal Pradesh,Kangra,SMY Jaisinghpur,Cucumbar(Kheera),Cucumbar,FAQ,26/08/2026,3000,4500,3800
Tamil Nadu,Erode,Sathiyamagalam(Uzhavar Sandhai ),Banana,Red Banana,Local,26/08/2026,5500,6000,5750
Tamil Nadu,Erode,Sathiyamagalam(Uzhavar Sandhai ),Coriander(Leaves),I Sort,Local,26/08/2026,4500,5000,4750
Tamil Nadu,Erode,Sathiyamagalam(Uzhavar Sandhai ),Chikoos(Sapota),Sapota,Local,26/08/2026,3500,4000,3750
Tamil Nadu,Erode,Sathiyamagalam(Uzhavar Sandhai ),Ashgourd,Gouard,Local,26/08/2026,2000,2600,2300
Tamil Nadu,Erode,Sathiyamagalam(Uzhavar Sandhai ),Coconut,Coconut,Local,26/08/2026,4500,5000,4750
Tamil Nadu,Erode,Sathiyamagalam(Uzhavar Sandhai ),Snakeguard,Snakeguard,Local,26/08/2026,3500,4000,3750
Tamil Nadu,Erode,Sathiyamagalam(Uzhavar Sandhai ),Raddish,Raddish,Local,26/08/2026,2500,3000,2750
Tamil Nadu,Erode,Sathiyamagalam(Uzhavar Sandhai ),Onion Green,Onion Green,Local,26/08/2026,5500,6000,5750
Tamil Nadu,Coimbatore,Mettupalayam(Uzhavar Sandhai ),Chikoos(Sapota),Sapota,Local,26/08/2026,4500,5000,4750
Tamil Nadu,Coimbatore,Mettupalayam(Uzhavar Sandhai ),Tomato,Deshi,Local,26/08/2026,1600,2000,1800
Tamil Nadu,Coimbatore,Mettupalayam(Uzhavar Sandhai ),Amaranthus,Amaranthus,Local,26/08/2026,3000,4000,3500
Tamil Nadu,Coimbatore,Mettupalayam(Uzhavar Sandhai ),Cucumbar(Kheera),Cucumbar,Local,26/08/2026,3500,4500,4000
Tamil Nadu,Coimbatore,Mettupalayam(Uzhavar Sandhai ),Thondekai,Thondekai,Local,26/08/2026,3000,3500,3250
Tamil Nadu,Coimbatore,Mettupalayam(Uzhavar Sandhai ),Capsicum,Capsicum,Local,26/08/2026,6000,7000,6500
Tamil Nadu,Coimbatore,Mettupalayam(Uzhavar Sandhai ),Yam(Ratalu),Yam (Ratalu),Local,26/08/2026,6000,7000,6500
Uttar Pradesh,Khiri (Lakhimpur),Mohammdi APMC,Wheat,Dara,FAQ,26/08/2026,2570,2570,2570
Telangana,Hyderabad,RYTHU BAZAR MEHDIPATNAM,Cluster beans,Cluster Beans,Grade A,26/08/2026,2300,2300,2300
Telangana,Hyderabad,RYTHU BAZAR MEHDIPATNAM,French Beans(Frasbean),French Beans (Frasbean),Grade A,26/08/2026,6500,6500,6500
Telangana,Hyderabad,RYTHU BAZAR MEHDIPATNAM,Other green and fresh vegetables,Other,Grade A,26/08/2026,2000,2000,2000
Telangana,Hyderabad,RYTHU BAZAR MEHDIPATNAM,Brinjal,Brinjal,Grade A,26/08/2026,3500,3500,3500
Telangana,Hyderabad,RYTHU BAZAR MEHDIPATNAM,Tinda,Other,Grade A,26/08/2026,2300,2300,2300
Uttar Pradesh,Kanpur Dehat,Pukharayan APMC,Wheat,Dara,FAQ,26/08/2026,2450,2500,2474.94
Punjab,Ludhiana,Raikot APMC,Guava,Other,Grade A,26/08/2026,2530,2530,2530
Punjab,Ludhiana,Raikot APMC,Tomato,Other,Grade A,26/08/2026,2720,2720,2720
Punjab,Ludhiana,Raikot APMC,Cauliflower,Cauliflower,Grade A,26/08/2026,4050,4050,4050
Punjab,Ludhiana,Raikot APMC,Onion,Nasik,Grade A,26/08/2026,3460,3460,3460
Haryana,Panipat,Samalkha APMC,Pumpkin,Pumpkin,FAQ,26/08/2026,1500,1500,1500
Haryana,Panipat,Samalkha APMC,Potato,Other,FAQ,26/08/2026,1000,1000,1000
Tamil Nadu,Namakkal,Tiruchengode APMC,Onion,Bellary,Local,26/08/2026,5400,6000,5700
Tamil Nadu,Namakkal,Tiruchengode APMC,Brinjal,Other,Local,26/08/2026,5400,6000,5700
Tamil Nadu,Namakkal,Tiruchengode APMC,Mousambi(Sweet Lime),Mousambi,Local,26/08/2026,3000,3500,3250
Tamil Nadu,Namakkal,Tiruchengode APMC,Ashgourd,Gouard,Local,26/08/2026,1800,2000,1900
Tamil Nadu,Namakkal,Tiruchengode APMC,Amaranthus,Amaranthus,Local,26/08/2026,3500,4000,3750
Tamil Nadu,Namakkal,Tiruchengode APMC,Cabbage,Cabbage,Local,26/08/2026,2600,3000,2800
Tamil Nadu,Namakkal,Tiruchengode APMC,Raddish,Raddish,Local,26/08/2026,2400,2800,2600
Tamil Nadu,Namakkal,Tiruchengode APMC,Tender Coconut,Tender Coconut,Local,26/08/2026,3000,3500,3250
Tamil Nadu,Namakkal,Tiruchengode APMC,Mint(Pudina),Mint(Pudina),Local,26/08/2026,4500,5000,4750
Telangana,Khammam,Nelakondapally APMC,Paddy(Common),HMT,Local,26/08/2026,2360,2400,2389
Telangana,Karimnagar,"Weekly Market Area,RBZ APMC",Bhindi(Ladies Finger),Other,Local,26/08/2026,2000,3500,2000
Telangana,Karimnagar,"Weekly Market Area,RBZ APMC",Bitter gourd,Other,Local,26/08/2026,2000,4000,2000
Tamil Nadu,Ariyalur,Jeyankondam (Uzhavar Sandhai ),Raddish,Raddish,Local,26/08/2026,3500,4000,3750
Uttar Pradesh,Siddharth Nagar,Naugarh APMC,Banana,Other,Grade A,26/08/2026,1850,1880,1860
Uttar Pradesh,Siddharth Nagar,Naugarh APMC,Papaya,Papaya,Grade A,26/08/2026,3420,3480,3460
Uttar Pradesh,Siddharth Nagar,Naugarh APMC,Pomegranate,Pomogranate,Grade A,26/08/2026,7020,7080,7040
Uttar Pradesh,Siddharth Nagar,Naugarh APMC,Banana - Green,Banana - Green,Grade A,26/08/2026,1850,1875,1860
Telangana,Hyderabad,RYTHU BAZAR ERRAGADDA,Brinjal,Brinjal,Grade A,26/08/2026,3500,3500,3500
Telangana,Hyderabad,RYTHU BAZAR ERRAGADDA,Carrot,Carrot,Grade A,26/08/2026,3700,3700,3700
Telangana,Hyderabad,RYTHU BAZAR ERRAGADDA,Potato,Potato,Grade A,26/08/2026,1600,1600,1600
Telangana,Hyderabad,RYTHU BAZAR ERRAGADDA,Cauliflower,Cauliflower,Grade A,26/08/2026,2300,2300,2300
Telangana,Hyderabad,RYTHU BAZAR ERRAGADDA,Elephant Yam(Suran)/Amorphophallus,Elephant Yam (Suran),Grade A,26/08/2026,3500,3500,3500
Telangana,Hyderabad,RYTHU BAZAR ERRAGADDA,Field Pea,Field Pea,Grade A,26/08/2026,3500,3500,3500
Telangana,Hyderabad,RYTHU BAZAR ERRAGADDA,Leafy Vegetable,Leafy Vegetables,Grade A,26/08/2026,1500,1500,1500
Telangana,Hyderabad,RYTHU BAZAR ERRAGADDA,Beetroot,Beetroot,Grade A,26/08/2026,3200,3200,3200
Tamil Nadu,Coimbatore,RSPuram(Uzhavar Sandhai ),Orange,Darjeeling,Local,26/08/2026,8000,14000,11000
Tamil Nadu,Coimbatore,RSPuram(Uzhavar Sandhai ),Banana,Red Banana,Local,26/08/2026,8000,8600,8300
Tamil Nadu,Coimbatore,RSPuram(Uzhavar Sandhai ),Grapes,Annabesahai,Local,26/08/2026,9000,10000,9500
Tamil Nadu,Coimbatore,RSPuram(Uzhavar Sandhai ),Potato,Other,Local,26/08/2026,6500,7200,6850
Tamil Nadu,Coimbatore,RSPuram(Uzhavar Sandhai ),Brinjal,Other,Local,26/08/2026,3500,4000,3750
Tamil Nadu,Coimbatore,RSPuram(Uzhavar Sandhai ),Amaranthus,Amaranthus,Local,26/08/2026,5600,6500,6050
Tamil Nadu,Coimbatore,RSPuram(Uzhavar Sandhai ),Tapioca,Tapioca,Local,26/08/2026,2500,3200,2850
Tamil Nadu,Coimbatore,RSPuram(Uzhavar Sandhai ),Snakeguard,Snakeguard,Local,26/08/2026,3400,3800,3600
Tamil Nadu,Coimbatore,RSPuram(Uzhavar Sandhai ),Raddish,Raddish,Local,26/08/2026,2400,3000,2700
Tamil Nadu,Coimbatore,RSPuram(Uzhavar Sandhai ),Capsicum,Capsicum,Local,26/08/2026,5000,5600,5300
Tamil Nadu,Coimbatore,RSPuram(Uzhavar Sandhai ),Drumstick,Drumstick,Local,26/08/2026,2800,3000,2900
Tamil Nadu,Coimbatore,RSPuram(Uzhavar Sandhai ),Karbuja(Musk Melon),Karbhuja,Local,26/08/2026,3000,3400,3200
Tamil Nadu,Coimbatore,RSPuram(Uzhavar Sandhai ),Colacasia,Colacasia,Local,26/08/2026,4500,5000,4750
Tamil Nadu,Coimbatore,Singanallur(Uzhavar Sandhai ),Grapes,Annabesahai,Local,26/08/2026,9000,10000,9500
Tamil Nadu,Coimbatore,Singanallur(Uzhavar Sandhai ),Cauliflower,Ranchi,Local,26/08/2026,4400,4800,4600
Tamil Nadu,Coimbatore,Singanallur(Uzhavar Sandhai ),Coriander(Leaves),I Sort,Local,26/08/2026,3500,4000,3750
Tamil Nadu,Coimbatore,Singanallur(Uzhavar Sandhai ),Cluster beans,Cluster Beans,Local,26/08/2026,3500,4200,3850
Tamil Nadu,Coimbatore,Singanallur(Uzhavar Sandhai ),Bottle gourd,Bottle Gourd,Local,26/08/2026,2500,3000,2750
Tamil Nadu,Coimbatore,Singanallur(Uzhavar Sandhai ),Green Chilli,Green Chilly,Local,26/08/2026,4000,4500,4250
Tamil Nadu,Coimbatore,Singanallur(Uzhavar Sandhai ),Cabbage,Cabbage,Local,26/08/2026,2500,3000,2750
Tamil Nadu,Coimbatore,Singanallur(Uzhavar Sandhai ),Beetroot,Beetroot,Local,26/08/2026,5500,6000,5750
Tamil Nadu,Coimbatore,Singanallur(Uzhavar Sandhai ),Green Avare(W),Other,Local,26/08/2026,5000,5600,5300
Tamil Nadu,Coimbatore,Singanallur(Uzhavar Sandhai ),Chow Chow,Chow Chow,Local,26/08/2026,3000,3600,3300
Tamil Nadu,Coimbatore,Singanallur(Uzhavar Sandhai ),Drumstick,Drumstick,Local,26/08/2026,3000,3200,3100
Tamil Nadu,Coimbatore,Singanallur(Uzhavar Sandhai ),Knool Khol,Knool Khol,Local,26/08/2026,4000,4500,4250
Tamil Nadu,Coimbatore,Singanallur(Uzhavar Sandhai ),Lemon,Lemon,Local,26/08/2026,15000,16200,15600
Tamil Nadu,Coimbatore,Singanallur(Uzhavar Sandhai ),Amla(Nelli Kai),Amla,Local,26/08/2026,8500,9000,8750
Tamil Nadu,Coimbatore,Singanallur(Uzhavar Sandhai ),Onion Green,Onion Green,Local,26/08/2026,7000,7500,7250
Gujarat,Banaskanth,Dhanera APMC,Cummin Seed(Jeera),Cummin Seed(Jeera),Local,26/08/2026,18175,18175,18175
Gujarat,Banaskanth,Deesa APMC,Mustard,Other,FAQ,26/08/2026,7500,7575,7550
Gujarat,Banaskanth,Deesa APMC,Guar Seed(Cluster Beans Seed),Other,FAQ,26/08/2026,4500,8550,5500
Gujarat,Rajkot,Rajkot(Veg.Sub Yard) APMC,Potato,Potato,FAQ,26/08/2026,395,1440,915
Gujarat,Rajkot,Rajkot(Veg.Sub Yard) APMC,Brinjal,Brinjal,FAQ,26/08/2026,1905,3605,2755
Tamil Nadu,Coimbatore,Pollachi(Uzhavar Sandhai ),Potato,Red Nanital,Local,26/08/2026,4000,6500,5250
Tamil Nadu,Coimbatore,Pollachi(Uzhavar Sandhai ),Cluster beans,Cluster Beans,Local,26/08/2026,4000,4500,4250
Tamil Nadu,Coimbatore,Pollachi(Uzhavar Sandhai ),Pumpkin,Pumpkin,Local,26/08/2026,2000,2500,2250
Tamil Nadu,Coimbatore,Pollachi(Uzhavar Sandhai ),Coconut,Coconut,Local,26/08/2026,5500,6000,5750
Tamil Nadu,Coimbatore,Pollachi(Uzhavar Sandhai ),Beetroot,Beetroot,Local,26/08/2026,5000,7000,6000
Tamil Nadu,Coimbatore,Pollachi(Uzhavar Sandhai ),Raddish,Raddish,Local,26/08/2026,3500,4000,3750
Tamil Nadu,Coimbatore,Pollachi(Uzhavar Sandhai ),Thondekai,Thondekai,Local,26/08/2026,4500,5000,4750
Tamil Nadu,Coimbatore,Pollachi(Uzhavar Sandhai ),Chow Chow,Chow Chow,Local,26/08/2026,3500,4000,3750
Madhya Pradesh,Betul,Betul(F&V) APMC,Tomato,Local,FAQ,26/08/2026,400,1200,800
Madhya Pradesh,Betul,Betul(F&V) APMC,Brinjal,Brinjal,FAQ,26/08/2026,800,1000,900
Telangana,Ranga Reddy,Ibrahimpatnam APMC,Brinjal,Brinjal,Local,26/08/2026,1500,1500,1500
Telangana,Ranga Reddy,Ibrahimpatnam APMC,Tomato,Local,Local,26/08/2026,1200,1200,1200
Chandigarh,Chandigarh,Chandigarh (Grain/F&V) APMC,Cucumbar(Kheera),Cucumbar,FAQ,26/08/2026,800,1500,1300
Chandigarh,Chandigarh,Chandigarh (Grain/F&V) APMC,Water Melon,Other,Medium,26/08/2026,1500,2500,2000
Chandigarh,Chandigarh,Chandigarh (Grain/F&V) APMC,Peas Wet,Peas Wet,FAQ,26/08/2026,3000,6500,6000
Telangana,Ranga Reddy,"Vanasthalipuram,RBZ ",Wild Cucumber,Wild Cucumber,Grade A,26/08/2026,1500,1500,1500
Telangana,Ranga Reddy,"Vanasthalipuram,RBZ ",Bottle gourd,Bottle Gourd,Grade A,26/08/2026,900,900,900
Telangana,Ranga Reddy,"Vanasthalipuram,RBZ ",Ladies Finger,Ladies Finger,Grade A,26/08/2026,3500,3500,3500
Telangana,Ranga Reddy,"Vanasthalipuram,RBZ ",Green Chilli,Green Chilly,Grade A,26/08/2026,3700,3700,3700
Telangana,Ranga Reddy,"Vanasthalipuram,RBZ ",Banana - Green,Banana - Green,Grade A,26/08/2026,4000,4000,4000
Telangana,Ranga Reddy,"Vanasthalipuram,RBZ ",French Beans(Frasbean),Other,Grade A,26/08/2026,6500,6500,6500
Tamil Nadu,Karur,Karur(Uzhavar Sandhai ),Potato,Other,Local,26/08/2026,5000,5500,5250
Tamil Nadu,Karur,Karur(Uzhavar Sandhai ),Coriander(Leaves),I Sort,Local,26/08/2026,5000,5500,5250
Tamil Nadu,Karur,Karur(Uzhavar Sandhai ),Papaya,Papaya,Local,26/08/2026,3500,4000,3750
Tamil Nadu,Karur,Karur(Uzhavar Sandhai ),Pumpkin,Pumpkin,Local,26/08/2026,2500,3000,2750
Tamil Nadu,Karur,Karur(Uzhavar Sandhai ),Bhindi(Ladies Finger),Bhindi,Local,26/08/2026,4000,4500,4250
Tamil Nadu,Karur,Karur(Uzhavar Sandhai ),Coconut,Coconut,Local,26/08/2026,5500,6000,5750
Tamil Nadu,Karur,Karur(Uzhavar Sandhai ),Carrot,Pusakesar,Local,26/08/2026,7500,8000,7750
Tamil Nadu,Karur,Karur(Uzhavar Sandhai ),Snakeguard,Snakeguard,Local,26/08/2026,3500,4000,3750
Tamil Nadu,Karur,Karur(Uzhavar Sandhai ),Lemon,Lemon,Local,26/08/2026,17500,18000,17750
Tamil Nadu,Coimbatore,Kurichi(Uzhavar Sandhai ),Onion,Bellary,Local,26/08/2026,5000,5500,5250
Tamil Nadu,Coimbatore,Kurichi(Uzhavar Sandhai ),Tomato,Local,Local,26/08/2026,1600,2000,1800
Tamil Nadu,Coimbatore,Kurichi(Uzhavar Sandhai ),Green Chilli,Green Chilly,Local,26/08/2026,4500,5200,4850
Tamil Nadu,Coimbatore,Kurichi(Uzhavar Sandhai ),Banana - Green,Banana - Green,Local,26/08/2026,4000,4500,4250
Tamil Nadu,Coimbatore,Kurichi(Uzhavar Sandhai ),Snakeguard,Snakeguard,Local,26/08/2026,3500,4000,3750
Tamil Nadu,Coimbatore,Kurichi(Uzhavar Sandhai ),Cucumbar(Kheera),Cucumbar,Local,26/08/2026,4000,4500,4250
Tamil Nadu,Coimbatore,Kurichi(Uzhavar Sandhai ),Raddish,Raddish,Local,26/08/2026,3500,4000,3750
Tamil Nadu,Coimbatore,Kurichi(Uzhavar Sandhai ),Thondekai,Thondekai,Local,26/08/2026,4500,5000,4750
Assam,Kamrup,Pamohi(Garchuk) APMC,Bitter gourd,Bitter Gourd,FAQ,26/08/2026,3000,3500,3200
Assam,Kamrup,Pamohi(Garchuk) APMC,Carrot,Carrot,FAQ,26/08/2026,8000,9000,8500
Assam,Kamrup,Pamohi(Garchuk) APMC,Cauliflower,Cauliflower,FAQ,26/08/2026,7000,8000,7500
Assam,Kamrup,Pamohi(Garchuk) APMC,Green Chilli,Green Chilly,FAQ,26/08/2026,5000,6000,5500
Assam,Kamrup,Pamohi(Garchuk) APMC,Ginger(Green),Green Ginger,FAQ,26/08/2026,11000,13000,12000
Assam,Kamrup,Pamohi(Garchuk) APMC,Pumpkin,Pumpkin,FAQ,26/08/2026,1700,2200,2000
Assam,Kamrup,Pamohi(Garchuk) APMC,Sponge gourd,Sponge gourd,FAQ,26/08/2026,2000,2500,2200
Assam,Kamrup,Pamohi(Garchuk) APMC,Potato,Potato,FAQ,26/08/2026,1000,1700,1200
Assam,Kamrup,Pamohi(Garchuk) APMC,Papaya(Raw),Papaya (Raw),FAQ,26/08/2026,1400,2000,1600
Assam,Kamrup,Pamohi(Garchuk) APMC,Tomato,Local,FAQ,26/08/2026,3000,3500,3200
Assam,Kamrup,Pamohi(Garchuk) APMC,"Spiny Gourd / Kartali(Kantola)
",Kartali (Kantola),FAQ,26/08/2026,3000,4000,3500
Tamil Nadu,Cuddalore,Chidambaram(Uzhavar Sandhai ),Brinjal,Round,Local,26/08/2026,5000,5000,5000
Tamil Nadu,Cuddalore,Cuddalore(Uzhavar Sandhai ),Banana,Besrai,Local,26/08/2026,4000,4000,4000
Tamil Nadu,Cuddalore,Cuddalore(Uzhavar Sandhai ),Cauliflower,Ranchi,Local,26/08/2026,4000,4000,4000
Tamil Nadu,Cuddalore,Cuddalore(Uzhavar Sandhai ),Coriander(Leaves),I Sort,Local,26/08/2026,5000,5000,5000
Tamil Nadu,Cuddalore,Cuddalore(Uzhavar Sandhai ),Papaya,Papaya,Local,26/08/2026,4000,4000,4000
Tamil Nadu,Cuddalore,Cuddalore(Uzhavar Sandhai ),Tomato,Deshi,Local,26/08/2026,2000,2000,2000
Tamil Nadu,Cuddalore,Cuddalore(Uzhavar Sandhai ),Knool Khol,Knool Khol,Local,26/08/2026,3000,3000,3000
Tamil Nadu,Cuddalore,Cuddalore(Uzhavar Sandhai ),Yam(Ratalu),Yam (Ratalu),Local,26/08/2026,6000,6000,6000
Tamil Nadu,Chengalpattu,Thirukalukundram(Uzhavar Sandhai ),Onion,Bellary,Local,26/08/2026,5500,6000,5750
Tamil Nadu,Chengalpattu,Thirukalukundram(Uzhavar Sandhai ),Papaya,Papaya,Local,26/08/2026,4000,4500,4250
Tamil Nadu,Chengalpattu,Thirukalukundram(Uzhavar Sandhai ),Green Chilli,Green Chilly,Local,26/08/2026,6000,6500,6250
Tamil Nadu,Chengalpattu,Thirukalukundram(Uzhavar Sandhai ),Raddish,Raddish,Local,26/08/2026,4000,4500,4250
Tamil Nadu,Chengalpattu,Thirukalukundram(Uzhavar Sandhai ),Thondekai,Thondekai,Local,26/08/2026,4000,5000,4500
Tamil Nadu,Tuticorin,Tuticorin(Uzhavar Sandhai ),Cauliflower,Ranchi,Local,26/08/2026,5000,6000,5500
Tamil Nadu,Tuticorin,Tuticorin(Uzhavar Sandhai ),Papaya,Papaya,Local,26/08/2026,3500,4000,3750
Tamil Nadu,Tuticorin,Tuticorin(Uzhavar Sandhai ),Tomato,Local,Local,26/08/2026,1500,2000,1750
Tamil Nadu,Tuticorin,Tuticorin(Uzhavar Sandhai ),Sweet Potato,Hosur Red,Local,26/08/2026,7500,8000,7750
Tamil Nadu,Tuticorin,Tuticorin(Uzhavar Sandhai ),Snakeguard,Snakeguard,Local,26/08/2026,3500,4000,3750
Tamil Nadu,Tuticorin,Tuticorin(Uzhavar Sandhai ),Beetroot,Beetroot,Local,26/08/2026,5000,5500,5250
Tamil Nadu,Tuticorin,Tuticorin(Uzhavar Sandhai ),Raddish,Raddish,Local,26/08/2026,3000,3500,3250
Tamil Nadu,Tuticorin,Tuticorin(Uzhavar Sandhai ),Thondekai,Thondekai,Local,26/08/2026,4500,5000,4750
Tamil Nadu,Tuticorin,Tuticorin(Uzhavar Sandhai ),Drumstick,Drumstick,Local,26/08/2026,5000,6000,5500
Madhya Pradesh,Indore,Indore APMC,Soyabean,Soyabeen,FAQ,26/08/2026,4210,4215,4215
Bihar,Khagaria,Khagaria APMC,Cucumbar(Kheera),Cucumbar,Grade A,26/08/2026,1999.9998,2399.99976,2266.66644
Bihar,Khagaria,Khagaria APMC,Onion,Red,Grade A,26/08/2026,2500,2700,2560
Madhya Pradesh,Morena,Morena APMC,Wheat,Wheat,Non-FAQ,26/08/2026,2626,2626,2626
Tamil Nadu,Nagercoil (Kannyiakumari),Vadaseri APMC,Cauliflower,Ranchi,Local,26/08/2026,5000,5500,5250
Tamil Nadu,Nagercoil (Kannyiakumari),Vadaseri APMC,Jack Fruit(Ripe),Jack Fruit,Local,26/08/2026,3000,3500,3250
Tamil Nadu,Nagercoil (Kannyiakumari),Vadaseri APMC,Colacasia,Colacasia,Local,26/08/2026,8000,8500,8250
Tamil Nadu,Pudukkottai,Karambakkudi(Uzhavar Sandhai ),Cluster beans,Cluster Beans,Local,26/08/2026,3500,4000,3750
Tamil Nadu,Pudukkottai,Karambakkudi(Uzhavar Sandhai ),Bhindi(Ladies Finger),Bhindi,Local,26/08/2026,3500,4000,3750
Tamil Nadu,Pudukkottai,Karambakkudi(Uzhavar Sandhai ),Banana - Green,Banana - Green,Local,26/08/2026,2500,3000,2750
Tamil Nadu,Pudukkottai,Karambakkudi(Uzhavar Sandhai ),Coconut,Coconut,Local,26/08/2026,3000,3500,3250
Tamil Nadu,Pudukkottai,Karambakkudi(Uzhavar Sandhai ),Ridgeguard(Tori),Ridgeguard(Tori),Local,26/08/2026,5000,6000,5500
Tamil Nadu,Pudukkottai,Karambakkudi(Uzhavar Sandhai ),Drumstick,Drumstick,Local,26/08/2026,3500,4000,3750
Tamil Nadu,Pudukkottai,Karambakkudi(Uzhavar Sandhai ),Mango(Raw-Ripe),Mango - Raw-Ripe,Local,26/08/2026,11000,12000,11500
Meghalaya,East Khasi Hills,Shillong APMC,Cauliflower,Local,FAQ,26/08/2026,5000,6000,5500
Meghalaya,East Khasi Hills,Shillong APMC,Brinjal,Other,FAQ,26/08/2026,4500,5000,4800
Meghalaya,East Khasi Hills,Shillong APMC,Tomato,17,FAQ,26/08/2026,1800,2400,2100
Meghalaya,East Khasi Hills,Shillong APMC,Pumpkin,Other,FAQ,26/08/2026,2700,2900,2800
Meghalaya,East Khasi Hills,Shillong APMC,Raddish,Other,FAQ,26/08/2026,1500,1600,1550
Meghalaya,East Khasi Hills,Shillong APMC,Capsicum,California Wonder,FAQ,26/08/2026,4500,6500,5500
Maharashtra,Ahilyanagar,Rahata APMC,Cabbage,Other,Local,26/08/2026,500,1000,750
Maharashtra,Ahilyanagar,Rahata APMC,Ridgeguard(Tori),Other,Local,26/08/2026,5000,5000,5000
Madhya Pradesh,Morena,Kailaras APMC,Pointed gourd(Parval),Pointed gourd (Parval),FAQ,26/08/2026,4000,4000,4000
Madhya Pradesh,Morena,Kailaras APMC,Potato,Other,FAQ,26/08/2026,400,700,700
Madhya Pradesh,Morena,Kailaras APMC,Sponge gourd,Sponge gourd,FAQ,26/08/2026,1000,1200,1200
Madhya Pradesh,Morena,Kailaras APMC,Bhindi(Ladies Finger),Bhindi,FAQ,26/08/2026,1500,1500,1500
Madhya Pradesh,Dhar,Kukshi APMC,Neem Seed,Neem Seed,FAQ,26/08/2026,1250,1250,1250
Tamil Nadu,Vellore,Thirupathur APMC,Cauliflower,Ranchi,Local,26/08/2026,3000,3000,3000
Tamil Nadu,Vellore,Thirupathur APMC,Brinjal,Round,Local,26/08/2026,4000,4000,4000
Tamil Nadu,Vellore,Thirupathur APMC,Coriander(Leaves),I Sort,Local,26/08/2026,4000,4000,4000
Tamil Nadu,Vellore,Thirupathur APMC,Papaya,Papaya,Local,26/08/2026,4000,4000,4000
Tamil Nadu,Vellore,Thirupathur APMC,Tomato,Deshi,Local,26/08/2026,2400,2400,2400
Tamil Nadu,Vellore,Thirupathur APMC,Cowpea(Veg),Cowpea (Veg),Local,26/08/2026,6000,6000,6000
Tamil Nadu,Vellore,Thirupathur APMC,Banana - Green,Banana - Green,Local,26/08/2026,2500,2500,2500
Tamil Nadu,Vellore,Thirupathur APMC,Beans,Beans (Whole),Local,26/08/2026,7000,7000,7000
Tamil Nadu,Vellore,Thirupathur APMC,Coconut,Coconut,Local,26/08/2026,5000,5000,5000
Tamil Nadu,Vellore,Thirupathur APMC,Cucumbar(Kheera),Cucumbar,Local,26/08/2026,4000,4000,4000
Tamil Nadu,Vellore,Thirupathur APMC,Raddish,Raddish,Local,26/08/2026,2400,2400,2400
Tamil Nadu,Vellore,Thirupathur APMC,Yam(Ratalu),Yam (Ratalu),Local,26/08/2026,4000,4000,4000
Tamil Nadu,Vellore,Thirupathur APMC,Indian Beans(Seam),Indian Beans (Seam),Local,26/08/2026,6000,6000,6000
Tamil Nadu,Vellore,Thirupathur APMC,Onion Green,Onion Green,Local,26/08/2026,7500,7500,7500
Tamil Nadu,Vellore,Thirupathur APMC,Mint(Pudina),Mint(Pudina),Local,26/08/2026,5000,5000,5000
Tamil Nadu,Vellore,Vellore APMC,Garlic,Garlic,Local,26/08/2026,20000,21000,20500
Tamil Nadu,Vellore,Vellore APMC,Cluster beans,Cluster Beans,Local,26/08/2026,2500,3000,2750
Tamil Nadu,Vellore,Vellore APMC,Bottle gourd,Bottle Gourd,Local,26/08/2026,1500,2000,1750
Tamil Nadu,Vellore,Vellore APMC,Pumpkin,Pumpkin,Local,26/08/2026,2000,2500,2250
Tamil Nadu,Vellore,Vellore APMC,Amaranthus,Amaranthus,Local,26/08/2026,4000,4000,4000
Tamil Nadu,Vellore,Vellore APMC,Green Chilli,Green Chilly,Local,26/08/2026,3500,4000,3750
Tamil Nadu,Vellore,Vellore APMC,Sweet Potato,Hosur Red,Local,26/08/2026,3000,3500,3250
Tamil Nadu,Vellore,Vellore APMC,Snakeguard,Snakeguard,Local,26/08/2026,2500,3000,2750
Tamil Nadu,Vellore,Vellore APMC,Capsicum,Capsicum,Local,26/08/2026,4000,4500,4250
Tamil Nadu,Vellore,Vellore APMC,Mango(Raw-Ripe),Mango - Raw-Ripe,Local,26/08/2026,8000,9000,8500
Tamil Nadu,Vellore,Vellore APMC,Jasmine,Jasmine,Local,26/08/2026,60000,65000,62500
Tamil Nadu,Vellore,Vellore APMC,Indian Beans(Seam),Indian Beans (Seam),Local,26/08/2026,4000,4500,4250
Tamil Nadu,Vellore,Vellore APMC,Lemon,Lemon,Local,26/08/2026,8000,9000,8500
Tamil Nadu,Vellore,Vellore APMC,Colacasia,Colacasia,Local,26/08/2026,3500,4000,3750
Tamil Nadu,Dharmapuri,Harur(Uzhavar Sandhai ),Banana,Besrai,Local,26/08/2026,4000,6000,5000
Tamil Nadu,Dharmapuri,Harur(Uzhavar Sandhai ),Amaranthus,Amaranthus,Local,26/08/2026,2500,3000,2750
Tamil Nadu,Dharmapuri,Harur(Uzhavar Sandhai ),Ginger(Green),Green Ginger,Local,26/08/2026,14000,17000,15500
Tamil Nadu,Dharmapuri,Harur(Uzhavar Sandhai ),Sweet Potato,Hosur Red,Local,26/08/2026,4000,5000,4500
Tamil Nadu,Dharmapuri,Harur(Uzhavar Sandhai ),Cabbage,Cabbage,Local,26/08/2026,3000,3500,3250
Tamil Nadu,Dharmapuri,Harur(Uzhavar Sandhai ),Beetroot,Beetroot,Local,26/08/2026,4000,5000,4500
Tamil Nadu,Dharmapuri,Harur(Uzhavar Sandhai ),Cucumbar(Kheera),Cucumbar,Local,26/08/2026,4000,5000,4500
Tamil Nadu,Dharmapuri,Harur(Uzhavar Sandhai ),Ridgeguard(Tori),Ridgeguard(Tori),Local,26/08/2026,3500,4000,3750
Tamil Nadu,Krishnagiri,Kaveripattinam(Uzhavar Sandhai ),Banana,Besrai,Local,26/08/2026,4000,7000,5500
Tamil Nadu,Krishnagiri,Kaveripattinam(Uzhavar Sandhai ),Onion,Bellary,Local,26/08/2026,5000,5000,5000
Tamil Nadu,Krishnagiri,Kaveripattinam(Uzhavar Sandhai ),Coriander(Leaves),I Sort,Local,26/08/2026,5000,5000,5000
Tamil Nadu,Krishnagiri,Kaveripattinam(Uzhavar Sandhai ),Cluster beans,Cluster Beans,Local,26/08/2026,4000,4000,4000
Tamil Nadu,Krishnagiri,Kaveripattinam(Uzhavar Sandhai ),Raddish,Raddish,Local,26/08/2026,3000,3000,3000
Tamil Nadu,Krishnagiri,Kaveripattinam(Uzhavar Sandhai ),Green Avare(W),Green Avare (W),Local,26/08/2026,6000,6000,6000
Tamil Nadu,Krishnagiri,Kaveripattinam(Uzhavar Sandhai ),Drumstick,Drumstick,Local,26/08/2026,2000,2500,2250
Tamil Nadu,The Nilgiris,Coonoor(Uzhavar Sandhai ),Tomato,Local,Local,26/08/2026,2000,2300,2150
Tamil Nadu,The Nilgiris,Coonoor(Uzhavar Sandhai ),Bottle gourd,Bottle Gourd,Local,26/08/2026,3000,3200,3100
Tamil Nadu,The Nilgiris,Coonoor(Uzhavar Sandhai ),Amaranthus,Amaranthus,Local,26/08/2026,5500,6000,5750
Tamil Nadu,The Nilgiris,Coonoor(Uzhavar Sandhai ),Banana - Green,Banana - Green,Local,26/08/2026,4500,5000,4750
Tamil Nadu,The Nilgiris,Coonoor(Uzhavar Sandhai ),Tapioca,Tapioca,Local,26/08/2026,3500,3800,3650
Tamil Nadu,The Nilgiris,Coonoor(Uzhavar Sandhai ),Ginger(Green),Green Ginger,Local,26/08/2026,16000,17000,16500
Tamil Nadu,The Nilgiris,Coonoor(Uzhavar Sandhai ),Cabbage,Cabbage,Local,26/08/2026,2500,2800,2650
Tamil Nadu,The Nilgiris,Coonoor(Uzhavar Sandhai ),Cucumbar(Kheera),Cucumbar,Local,26/08/2026,4500,5000,4750
Tamil Nadu,The Nilgiris,Coonoor(Uzhavar Sandhai ),Elephant Yam(Suran)/Amorphophallus,Elephant Yam (Suran),Local,26/08/2026,3500,4000,3750
Tamil Nadu,The Nilgiris,Gudalur(Uzhavar Sandhai ),Garlic,Garlic,Local,26/08/2026,18000,20000,19000
Tamil Nadu,The Nilgiris,Gudalur(Uzhavar Sandhai ),Brinjal,Round,Local,26/08/2026,4500,5000,4750
Tamil Nadu,The Nilgiris,Gudalur(Uzhavar Sandhai ),Cluster beans,Cluster Beans,Local,26/08/2026,3500,4000,3750
Tamil Nadu,The Nilgiris,Gudalur(Uzhavar Sandhai ),Ashgourd,Gouard,Local,26/08/2026,1500,2000,1750
Tamil Nadu,The Nilgiris,Gudalur(Uzhavar Sandhai ),Banana - Green,Banana - Green,Local,26/08/2026,4000,4500,4250
Tamil Nadu,The Nilgiris,Gudalur(Uzhavar Sandhai ),Cabbage,Cabbage,Local,26/08/2026,2000,2500,2250
Tamil Nadu,The Nilgiris,Gudalur(Uzhavar Sandhai ),Green Avare(W),Green Avare (W),Local,26/08/2026,4500,5000,4750
Tamil Nadu,The Nilgiris,Gudalur(Uzhavar Sandhai ),Drumstick,Drumstick,Local,26/08/2026,3500,4000,3750
Himachal Pradesh,Chamba,PMY Chamba,Bhindi(Ladies Finger),Bhindi,Medium,26/08/2026,3500,4000,3750
Himachal Pradesh,Chamba,PMY Chamba,Bottle gourd,Bottle Gourd,Medium,26/08/2026,3000,3500,3250
Himachal Pradesh,Chamba,PMY Chamba,Colacasia,Other,Medium,26/08/2026,3500,4000,3750
Himachal Pradesh,Chamba,PMY Chamba,Onion,Onion,Medium,26/08/2026,4500,5500,5000
Himachal Pradesh,Chamba,PMY Chamba,Potato,Potato,Medium,26/08/2026,1000,1200,1100
Himachal Pradesh,Kullu,SMY Bhuntar,Potato,Other,FAQ,26/08/2026,1000,2200,1500
Himachal Pradesh,Kullu,SMY Bhuntar,French Beans(Frasbean),Other,FAQ,26/08/2026,3500,4500,4000
Himachal Pradesh,Kullu,SMY Bhuntar,Ginger(Green),Other,FAQ,26/08/2026,10000,12000,11000
Himachal Pradesh,Kullu,SMY Bhuntar,Water Melon,Other,Medium,26/08/2026,3000,3200,3100
Himachal Pradesh,Kullu,SMY Bhuntar,Apple,Apple,Medium,26/08/2026,3500,10000,6000
Himachal Pradesh,Mandi,SMY Dhanotu,Brinjal,Brinjal,FAQ,26/08/2026,1000,1500,1250
Himachal Pradesh,Mandi,SMY Dhanotu,Squash(Chappal Kadoo),Other,FAQ,26/08/2026,1800,2000,1900
Himachal Pradesh,Mandi,SMY Dhanotu,Coriander(Leaves),Coriander,FAQ,26/08/2026,7000,10000,8500
Himachal Pradesh,Mandi,SMY Dhanotu,Cabbage,Cabbage,FAQ,26/08/2026,1500,2500,2000
Himachal Pradesh,Mandi,SMY Dhanotu,Lemon,Other,FAQ,26/08/2026,6000,8000,7000
Himachal Pradesh,Sirmore,SMY Nahan,Banana,Medium,Grade A,26/08/2026,4500,5000,4800
Himachal Pradesh,Sirmore,SMY Nahan,Apple,Apple,Grade A,26/08/2026,8000,15000,13000
Himachal Pradesh,Sirmore,SMY Nahan,Lemon,Other,FAQ,26/08/2026,6000,7000,6500
Himachal Pradesh,Kangra,SMY Palampur,Pineapple,Pine Apple,Medium,26/08/2026,4800,5000,4900
Himachal Pradesh,Kangra,SMY Palampur,Potato,Potato,FAQ,26/08/2026,1000,2300,1600
Himachal Pradesh,Kangra,SMY Palampur,Spinach,Spinach,FAQ,26/08/2026,3500,4000,3800
Himachal Pradesh,Kangra,SMY Palampur,Bottle gourd,Bottle Gourd,FAQ,26/08/2026,2500,4500,3500
Haryana,Karnal,Tarori APMC,Potato,Desi,Grade A,26/08/2026,1000,1500,1200
Haryana,Karnal,Tarori APMC,Tomato,Other,Non-FAQ,26/08/2026,3000,4000,3500
Haryana,Sirsa,KALANWALIAPMC,Guava,Other,Local,26/08/2026,2000,2000,2000
Haryana,Kurukshetra,Thanesar APMC,Cabbage,Cabbage,Local,26/08/2026,2000,4000,3000
Haryana,Kurukshetra,Thanesar APMC,Brinjal,Brinjal,Local,26/08/2026,1000,2000,1500
Haryana,Kurukshetra,Thanesar APMC,Bottle gourd,Bottle Gourd,Local,26/08/2026,1000,2000,1500
Haryana,Kurukshetra,Thanesar APMC,Peas(Dry),Other,Local,26/08/2026,6000,6500,6250
Haryana,Kurukshetra,Thanesar APMC,Sponge gourd,Sponge gourd,Local,26/08/2026,1000,1200,1100
Haryana,Kurukshetra,Thanesar APMC,Mashrooms,Mashrooms,Medium,26/08/2026,14000,16000,15000
Haryana,Kurukshetra,Thanesar APMC,Potato,Potato,Local,26/08/2026,800,3000,1900
Haryana,Kurukshetra,Thanesar APMC,Mousambi(Sweet Lime),Mousambi,Medium,26/08/2026,2500,3500,3000
Haryana,Kurukshetra,Thanesar APMC,Pumpkin,Pumpkin,Local,26/08/2026,1000,2000,1750
Uttar Pradesh,Agra,Agra APMC,Tomato,Other,FAQ,26/08/2026,1700,1800,1704.31
Punjab,Tarntaran,Patti APMC,Onion,Other,Non-FAQ,26/08/2026,0.25,0.25,0.25
Punjab,Tarntaran,Patti APMC,Raddish,Raddish,Local,26/08/2026,35.3,35.3,35.3
Punjab,Tarntaran,Patti APMC,Bhindi(Ladies Finger),Other,Local,26/08/2026,0.35,0.35,0.35
Punjab,Tarntaran,Patti APMC,Bottle gourd,Other,Local,26/08/2026,220,220,220
Punjab,Tarntaran,Patti APMC,Brinjal,Other,Local,26/08/2026,0.35,0.35,0.35
Uttarakhand,Dehradoon,Vikasnagar APMC,French Beans(Frasbean),Other,Medium,26/08/2026,1400,1500,1500
Uttarakhand,Dehradoon,Vikasnagar APMC,Bitter gourd,Other,Medium,26/08/2026,1000,1100,1100
Punjab,Mohali,Lalru APMC,Brinjal,Other,Local,26/08/2026,2600,2600,2600
Punjab,Mohali,Lalru APMC,Capsicum,Other,Local,26/08/2026,5500,5500,5500
Punjab,Mohali,Lalru APMC,Potato,Other,Local,26/08/2026,900,900,900
Telangana,Nalgonda,Venkateswarnagar APMC,Bhindi(Ladies Finger),Bhindi,Local,26/08/2026,1200,1500,1300
Telangana,Nalgonda,Venkateswarnagar APMC,Cucumbar(Kheera),Other,Local,26/08/2026,1000,1500,1300
Telangana,Nalgonda,Venkateswarnagar APMC,Cluster beans,Cluster Beans,Local,26/08/2026,1500,2000,1800
Haryana,Gurgaon,Sohna APMC,Onion,Onion,Local,26/08/2026,3000,3500,3500
Haryana,Hissar,Hansi APMC,Chikoos(Sapota),Other,Grade B,26/08/2026,6000,8000,7000
Haryana,Hissar,Hansi APMC,Cabbage,Other,FAQ,26/08/2026,2500,3000,2750
Haryana,Hissar,Hansi APMC,Brinjal,Other,FAQ,26/08/2026,1500,2000,1750
Haryana,Hissar,Hansi APMC,Bottle gourd,Other,FAQ,26/08/2026,1000,1500,1250
Haryana,Hissar,Hansi APMC,Peas Wet,Other,FAQ,26/08/2026,10000,12000,11000
Punjab,Amritsar,Rayya APMC,Green Chilli,Green Chilly,FAQ,26/08/2026,1100,1100,1100
Punjab,Amritsar,Rayya APMC,Bhindi(Ladies Finger),Bhindi,FAQ,26/08/2026,695,695,695
Punjab,Amritsar,Rayya APMC,Cauliflower,Local,FAQ,26/08/2026,3185,3185,3185
Punjab,Amritsar,Rayya APMC,Tomato,Other,FAQ,26/08/2026,702,702,702
Punjab,Amritsar,Rayya APMC,Tinda,Other,FAQ,26/08/2026,1795,1795,1795
Gujarat,Amreli,APMC Bagasara,Cotton,Other,Local,26/08/2026,6700,8550,7625
Andhra Pradesh,Anakapally,Anakapally APMC,Gur(Jaggery),Anakapalli,Grade Range-2,26/08/2026,5480,5660,5570
Nagaland,Mon,Mon APMC,Banana,Other,Local,26/08/2026,3410,3440,3420
Nagaland,Mon,Mon APMC,Squash(Chappal Kadoo),Other,Local,26/08/2026,3360,3380,3370
Himachal Pradesh,Kangra,SMY Dharamshala,Pomegranate,Pomogranate,Medium,26/08/2026,11000,13000,12000
Himachal Pradesh,Kangra,SMY Dharamshala,Bhindi(Ladies Finger),Bhindi,FAQ,26/08/2026,3000,3300,3150
Himachal Pradesh,Kangra,SMY Dharamshala,Capsicum,Capsicum,FAQ,26/08/2026,5500,6000,5750
Himachal Pradesh,Kangra,SMY Dharamshala,Cucumbar(Kheera),Cucumbar,FAQ,26/08/2026,3500,4500,4000
Himachal Pradesh,Kangra,SMY Dharamshala,Ginger(Green),Green Ginger,FAQ,26/08/2026,12000,15000,13500
Himachal Pradesh,Kangra,SMY Dharamshala,Tinda,Tinda,FAQ,26/08/2026,3000,3500,3250
Himachal Pradesh,Kangra,SMY Dharamshala,Tomato,Tomato,FAQ,26/08/2026,2000,2600,2300
Himachal Pradesh,Kullu,SMY Shatt,Pomegranate,Other,Medium,26/08/2026,4000,5000,4500
Himachal Pradesh,Mandi,SMY Jogindernagar,Potato,Desi,Grade B,26/08/2026,1200,2000,1600
Himachal Pradesh,Mandi,SMY Jogindernagar,Raddish,Raddish,Grade B,26/08/2026,1500,2000,1750
Himachal Pradesh,Mandi,SMY Jogindernagar,Apple,Apple,Grade B,26/08/2026,5000,10000,7500
Himachal Pradesh,Mandi,SMY Jogindernagar,Capsicum,Capsicum,Grade B,26/08/2026,4500,6000,5250
Himachal Pradesh,Mandi,SMY Jogindernagar,Cucumbar(Kheera),Cucumbar,Grade B,26/08/2026,3000,3200,3100
Telangana,Hyderabad,RYTHU BAZAR FALAKNUMA,Bottle gourd,Bottle Gourd,Grade A,26/08/2026,900,900,900
Telangana,Hyderabad,RYTHU BAZAR FALAKNUMA,Colacasia,Colacasia,Grade A,26/08/2026,2500,2500,2500
Telangana,Hyderabad,RYTHU BAZAR FALAKNUMA,Field Bean(Anumulu),Field Bean(Anumulu),Grade A,26/08/2026,3500,3500,3500
Telangana,Hyderabad,RYTHU BAZAR FALAKNUMA,Cabbage,Cabbage,Grade A,26/08/2026,1500,1500,1500
Telangana,Hyderabad,RYTHU BAZAR FALAKNUMA,French Beans(Frasbean),French Beans (Frasbean),Grade A,26/08/2026,6500,6500,6500
Telangana,Hyderabad,RYTHU BAZAR FALAKNUMA,Other green and fresh vegetables,Other,Grade A,26/08/2026,1800,1800,1800
Odisha,Rayagada,Gunpur APMC,Pineapple,Pine Apple,Medium,26/08/2026,4050,4420,4250
Odisha,Rayagada,Gunpur APMC,Cabbage,Cabbage,Medium,26/08/2026,6500,7080,6900
Odisha,Rayagada,Gunpur APMC,Mahua,Other,Grade Range-3,26/08/2026,4700,5100,4900
Madhya Pradesh,Sidhi,Sidhi APMC,Wheat,Mill Quality,Non-FAQ,26/08/2026,2395,2395,2395
Gujarat,Surendranagar,Dhragradhra APMC,Corriander seed,Coriander Seed,Local,26/08/2026,14000,14000,14000
Gujarat,Surendranagar,Dhragradhra APMC,Cummin Seed(Jeera),Cummin Seed(Jeera),Local,26/08/2026,16550,19170,18750
Gujarat,Surendranagar,Dhragradhra APMC,Soanf,Soanf,Local,26/08/2026,5900,5900,5900
Punjab,Fazilka,Fazilka APMC,Potato,Potato,FAQ,26/08/2026,900,900,900
Punjab,Fazilka,Fazilka APMC,Colacasia,Other,FAQ,26/08/2026,2500,2500,2500
Punjab,Fazilka,Fazilka APMC,Bitter gourd,Bitter Gourd,FAQ,26/08/2026,2500,2500,2500
Punjab,Fazilka,Fazilka APMC,Green Chilli,Green Chilly,FAQ,26/08/2026,3000,3000,3000
Punjab,Fazilka,Fazilka APMC,Banana,Banana - Ripe,Medium,26/08/2026,4000,4000,4000
Punjab,Fazilka,Fazilka APMC,Papaya,Other,Medium,26/08/2026,3500,3500,3500
Haryana,Kurukshetra,Shahabad APMC,Raddish,Raddish,Medium,26/08/2026,1500,2000,1800
Haryana,Kurukshetra,Shahabad APMC,Colacasia,Other,Medium,26/08/2026,1500,2000,1600
Haryana,Kurukshetra,Shahabad APMC,Ginger(Dry),Vegitable-fresh,Local,26/08/2026,8000,8000,8000
Haryana,Kurukshetra,Shahabad APMC,Peas Wet,Peas Wet,Medium,26/08/2026,6000,10000,9000
Haryana,Kurukshetra,Shahabad APMC,Cluster beans,Cluster Beans,Medium,26/08/2026,6000,6000,6000
Haryana,Rewari,Kosli APMC,Pumpkin,Other,FAQ,26/08/2026,1000,1200,1100
Haryana,Rewari,Kosli APMC,Apple,Other,Medium,26/08/2026,8000,8000,8000
Haryana,Sirsa,Sirsa APMC,Guava,Other,Medium,26/08/2026,1500,3500,2600
Haryana,Sirsa,Sirsa APMC,Tomato,Other,FAQ,26/08/2026,1600,3000,2000
Haryana,Sirsa,Sirsa APMC,Banana,Other,Medium,26/08/2026,2600,2600,2600
Punjab,Gurdaspur,Quadian APMC,Bhindi(Ladies Finger),Other,Grade A,26/08/2026,2800,3000,2900
Punjab,Gurdaspur,Quadian APMC,Ginger(Green),Other,Grade A,26/08/2026,7800,8000,7900
Punjab,Hoshiarpur,GarhShankar (Kotfatuhi) APMC,Potato,Other,FAQ,26/08/2026,1000,1000,1000
Punjab,Hoshiarpur,GarhShankar (Kotfatuhi) APMC,Onion,Other,FAQ,26/08/2026,4000,4000,4000
Punjab,Jalandhar,Nakodar APMC,Maize,Other,Local,26/08/2026,2344,2344,2344
Punjab,Jalandhar,Nakodar APMC,Colacasia,Colacasia,Local,26/08/2026,1500,1500,1500
Keralam,Kollam,Anchal Market,Banana,Palayamthodan,Medium,26/08/2026,4600,4600,4600
Keralam,Kollam,Anchal Market,Bhindi(Ladies Finger),Bhindi,Medium,26/08/2026,5300,5300,5300
Keralam,Kollam,Anchal Market,Ashgourd,Ashgourd,Local,26/08/2026,6000,6000,6000
Keralam,Kollam,Anchal Market,Bottle gourd,Bottle Gourd,Local,26/08/2026,2200,2200,2200
Rajasthan,Ganganagar,Sriganganagar (F&V) APMC,Colacasia,Arabi,Grade A,26/08/2026,2400,2800,2600
Rajasthan,Ganganagar,Sriganganagar (F&V) APMC,Pineapple,Pine Apple,Grade A,26/08/2026,6300,6700,6500
Rajasthan,Ganganagar,Sriganganagar (F&V) APMC,Pear(Marasebu),Other,Grade A,26/08/2026,2800,3200,3000
Rajasthan,Ganganagar,Sriganganagar (F&V) APMC,Sponge gourd,Sponge gourd,Grade Range-2,26/08/2026,3100,3500,3300
Rajasthan,Ganganagar,Sriganganagar (F&V) APMC,Raddish,Raddish,Local,26/08/2026,1800,2200,2000
Rajasthan,Hanumangarh,Rawatsar APMC,Potato,Red Nanital,FAQ,26/08/2026,500,1000,800
Rajasthan,Hanumangarh,Rawatsar APMC,Tomato,Deshi,FAQ,26/08/2026,1200,2000,1800
Rajasthan,Hanumangarh,Rawatsar APMC,Onion,1st Sort,FAQ,26/08/2026,1000,1500,1300
Rajasthan,Jalore,Jalore APMC,Coriander(Leaves),Coriander,Local,26/08/2026,3000,3500,3300
Rajasthan,Jalore,Jalore APMC,Cucumbar(Kheera),Cucumbar,Local,26/08/2026,1200,1500,1300
Rajasthan,Jalore,Jalore APMC,Tinda,Tinda,Local,26/08/2026,1800,2000,1900
Punjab,Ludhiana,Khanna APMC,Papaya,Papaya,Grade A,26/08/2026,2000,2000,2000
Punjab,Ludhiana,Khanna APMC,Capsicum,Capsicum,Grade A,26/08/2026,2500,2500,2500
Punjab,Ludhiana,Khanna APMC,Garlic,Other,Grade Range-1,26/08/2026,7000,7000,7000
Punjab,Ludhiana,Khanna APMC,Tomato,Tomato,Grade A,26/08/2026,1800,1800,1800
Punjab,Ludhiana,Khanna APMC,Bhindi(Ladies Finger),Bhindi,Grade A,26/08/2026,1500,1500,1500
Punjab,Moga,Baghapurana APMC,Potato,Potato,Grade B,26/08/2026,600,800,700
Punjab,Mohali,Dera Bassi APMC,Bottle gourd,Bottle Gourd,Local,26/08/2026,2500,2500,2500
Punjab,Patiala,Nabha APMC,Banana,Other,Grade B,26/08/2026,2100,2100,2100
Punjab,Patiala,Nabha APMC,Guava,Other,Grade B,26/08/2026,2300,3400,2700
Punjab,Patiala,Nabha APMC,Ashgourd,Other,Grade C,26/08/2026,1000,1800,1500
Punjab,Patiala,Nabha APMC,Potato,Other,Grade C,26/08/2026,350,700,500
Punjab,Patiala,Nabha APMC,Onion,Other,Grade C,26/08/2026,3000,4100,3800
Punjab,Patiala,Nabha APMC,Lemon,Other,Grade C,26/08/2026,4000,6000,5000
Punjab,Patiala,Nabha APMC,Pea Pod/Pea Cod/à¤¹à¤°à¥€ à¤®à¤Ÿà¤°,Other,Grade C,26/08/2026,4500,7000,5200
Punjab,Patiala,Patiala APMC,Guava,Guava,Grade A,26/08/2026,1700,3700,2700
Punjab,Patiala,Patiala APMC,Papaya,Other,Grade B,26/08/2026,3100,3500,3300
Punjab,Ropar (Rupnagar),Chamkaur Sahib APMC,Tomato,Tomato,Medium,26/08/2026,5000,5000,5000
Punjab,Ropar (Rupnagar),Chamkaur Sahib APMC,Mango,Other,Medium,26/08/2026,8000,8000,8000
Punjab,Ropar (Rupnagar),Chamkaur Sahib APMC,Ginger(Green),Green Ginger,Medium,26/08/2026,15000,15000,15000
Punjab,Ropar (Rupnagar),Ropar APMC,Potato,Local,Non-FAQ,26/08/2026,700,900,800
Punjab,Ropar (Rupnagar),Ropar APMC,Chilly Capsicum,Other,Local,26/08/2026,3200,3600,3400
Punjab,Sangrur,Ahmedgarh APMC,Ridgeguard(Tori),Other,Local,26/08/2026,2500,2800,2800
Karnataka,Chamarajanagar,Chamarajanagar APMC,Tomato,Tomato,Local,26/08/2026,1000,2200,1600
Karnataka,Chamarajanagar,Chamarajanagar APMC,Tender Coconut,Tender Coconut,Local,26/08/2026,20000,23500,23000
Karnataka,Chamarajanagar,Chamarajanagar APMC,Green Chilli,Green Chilly,Local,26/08/2026,2000,3000,2500
Karnataka,Chamarajanagar,Chamarajanagar APMC,Brinjal,Round/Long,Local,26/08/2026,2600,3500,3000
Karnataka,Chamarajanagar,Chamarajanagar APMC,Beetroot,Beetroot,Local,26/08/2026,1800,3000,2400
Karnataka,Chamarajanagar,Chamarajanagar APMC,Cucumbar(Kheera),Cucumbar,Local,26/08/2026,1000,2000,1500
Karnataka,Chamarajanagar,Chamarajanagar APMC,Raddish,Raddish,Local,26/08/2026,1200,2200,1700
Gujarat,Porbandar,Porbandar APMC,Groundnut,Bold,Non-FAQ,26/08/2026,6250,7300,6775
Gujarat,Porbandar,Porbandar APMC,Groundnut(Split),Groundnut(Split),FAQ,26/08/2026,8750,9450,9100
Gujarat,Porbandar,Porbandar APMC,Corriander seed,Coriander Seed,FAQ,26/08/2026,12250,14175,13210
Gujarat,Porbandar,Porbandar APMC,Orange,Darjeeling,Grade A,26/08/2026,9000,10000,9500
Gujarat,Porbandar,Porbandar APMC,Lemon,Lemon,Local,26/08/2026,3000,4000,3500
Bihar,Chhapra,Chhapra APMC,Potato,Other,Grade A,26/08/2026,1100,1300,1200
Tamil Nadu,Thirupur,Tiruppur (South) (Uzhavar Sandhai ),Cauliflower,Ranchi,Local,26/08/2026,3000,4000,3500
Tamil Nadu,Thirupur,Tiruppur (South) (Uzhavar Sandhai ),Coriander(Leaves),I Sort,Local,26/08/2026,2400,3000,2700
Tamil Nadu,Thirupur,Tiruppur (South) (Uzhavar Sandhai ),Cowpea(Veg),Cowpea (Veg),Local,26/08/2026,3000,4000,3500
Tamil Nadu,Thirupur,Tiruppur (South) (Uzhavar Sandhai ),Beans,Beans (Whole),Local,26/08/2026,8000,9000,8500
Tamil Nadu,Thirupur,Tiruppur (South) (Uzhavar Sandhai ),Ginger(Green),Green Ginger,Local,26/08/2026,13000,15000,14000
Tamil Nadu,Thirupur,Tiruppur (South) (Uzhavar Sandhai ),Coconut,Coconut,Local,26/08/2026,5000,5500,5250
Tamil Nadu,Erode,Perundurai(Uzhavar Sandhai ),Papaya,Papaya,Local,26/08/2026,2500,2800,2650
Tamil Nadu,Erode,Perundurai(Uzhavar Sandhai ),Bitter gourd,Bitter Gourd,Local,26/08/2026,4500,5000,4750
Tamil Nadu,Erode,Perundurai(Uzhavar Sandhai ),Ashgourd,Gouard,Local,26/08/2026,2000,2400,2200
Tamil Nadu,Erode,Perundurai(Uzhavar Sandhai ),Pumpkin,Pumpkin,Local,26/08/2026,2200,2500,2350
Tamil Nadu,Erode,Perundurai(Uzhavar Sandhai ),Banana - Green,Banana - Green,Local,26/08/2026,2500,2800,2650
Tamil Nadu,Erode,Perundurai(Uzhavar Sandhai ),Carrot,Pusakesar,Local,26/08/2026,6500,7000,6750
Tamil Nadu,Erode,Perundurai(Uzhavar Sandhai ),Guava,Guava Allahabad,Local,26/08/2026,5000,5500,5250
Tamil Nadu,Dharmapuri,Dharmapuri(Uzhavar Sandhai ),Onion,Bellary,Local,26/08/2026,5300,5700,5500
Tamil Nadu,Dharmapuri,Dharmapuri(Uzhavar Sandhai ),Green Peas,Green Peas,Local,26/08/2026,18000,18800,18400
Tamil Nadu,Dharmapuri,Dharmapuri(Uzhavar Sandhai ),Bottle gourd,Bottle Gourd,Local,26/08/2026,1700,1800,1750
Tamil Nadu,Dharmapuri,Dharmapuri(Uzhavar Sandhai ),Pumpkin,Pumpkin,Local,26/08/2026,1500,1600,1550
Tamil Nadu,Dharmapuri,Dharmapuri(Uzhavar Sandhai ),Raddish,Raddish,Local,26/08/2026,1500,1600,1550
Tamil Nadu,Dharmapuri,Dharmapuri(Uzhavar Sandhai ),Thondekai,Thondekai,Local,26/08/2026,4800,5200,5000
Tamil Nadu,Dharmapuri,Dharmapuri(Uzhavar Sandhai ),Mint(Pudina),Mint(Pudina),Local,26/08/2026,4600,5000,4800
Tamil Nadu,Dharmapuri,Palacode(Uzhavar Sandhai ),Potato,Other,Local,26/08/2026,2600,3000,2800
Tamil Nadu,Dharmapuri,Palacode(Uzhavar Sandhai ),Bottle gourd,Bottle Gourd,Local,26/08/2026,2000,2200,2100
Tamil Nadu,Dharmapuri,Palacode(Uzhavar Sandhai ),Amaranthus,Amaranthus,Local,26/08/2026,2000,2500,2250
Tamil Nadu,Dharmapuri,Palacode(Uzhavar Sandhai ),Carrot,Pusakesar,Local,26/08/2026,7000,7400,7200
Tamil Nadu,Dharmapuri,Palacode(Uzhavar Sandhai ),Cabbage,Cabbage,Local,26/08/2026,2800,3000,2900
Tamil Nadu,Dharmapuri,Palacode(Uzhavar Sandhai ),Thondekai,Thondekai,Local,26/08/2026,4800,5000,4900
Tamil Nadu,Dharmapuri,Palacode(Uzhavar Sandhai ),Tamarind Fruit,Tamarind Fruit,Local,26/08/2026,11000,11500,11250
Tamil Nadu,Dharmapuri,Palacode(Uzhavar Sandhai ),Sweet Corn ,Sweet Corn ,Local,26/08/2026,2800,3000,2900
Tamil Nadu,Dharmapuri,Pennagaram(Uzhavar Sandhai ),Papaya,Papaya,Local,26/08/2026,3300,3500,3400
Tamil Nadu,Dharmapuri,Pennagaram(Uzhavar Sandhai ),Bhindi(Ladies Finger),Bhindi,Local,26/08/2026,3300,3500,3400
Tamil Nadu,Dharmapuri,Pennagaram(Uzhavar Sandhai ),Ginger(Green),Green Ginger,Local,26/08/2026,19000,20000,19500
Tamil Nadu,Dharmapuri,Pennagaram(Uzhavar Sandhai ),Cucumbar(Kheera),Cucumbar,Local,26/08/2026,3600,4000,3800
Tamil Nadu,Dharmapuri,Pennagaram(Uzhavar Sandhai ),Capsicum,Capsicum,Local,26/08/2026,6600,7000,6800
Tamil Nadu,Dharmapuri,Pennagaram(Uzhavar Sandhai ),Chow Chow,Chow Chow,Local,26/08/2026,4600,5000,4800
Tamil Nadu,Dharmapuri,Pennagaram(Uzhavar Sandhai ),Knool Khol,Knool Khol,Local,26/08/2026,5500,6000,5750
Tamil Nadu,Dharmapuri,Pennagaram(Uzhavar Sandhai ),Mint(Pudina),Mint(Pudina),Local,26/08/2026,5500,6000,5750
Tamil Nadu,Dindigul,Chinnalapatti(Uzhavar Sandhai ),Cluster beans,Cluster Beans,Local,26/08/2026,3600,4000,3800
Tamil Nadu,Dindigul,Chinnalapatti(Uzhavar Sandhai ),Bitter gourd,Other,Local,26/08/2026,6000,7000,6500
Tamil Nadu,Dindigul,Chinnalapatti(Uzhavar Sandhai ),Chow Chow,Chow Chow,Local,26/08/2026,3600,4000,3800
Tamil Nadu,Dindigul,Chinnalapatti(Uzhavar Sandhai ),Mint(Pudina),Mint(Pudina),Local,26/08/2026,3000,3500,3250
Tamil Nadu,Dindigul,Dindigul(Uzhavar Sandhai ),Brinjal,Other,Local,26/08/2026,6000,7000,6500
Tamil Nadu,Dindigul,Dindigul(Uzhavar Sandhai ),Bitter gourd,Other,Local,26/08/2026,6000,7000,6500
Tamil Nadu,Dindigul,Dindigul(Uzhavar Sandhai ),Bottle gourd,Bottle Gourd,Local,26/08/2026,2500,3000,2750
Tamil Nadu,Dindigul,Dindigul(Uzhavar Sandhai ),Amaranthus,Amaranthus,Local,26/08/2026,2500,3000,2750
Tamil Nadu,Dindigul,Dindigul(Uzhavar Sandhai ),Green Chilli,Green Chilly,Local,26/08/2026,5000,6000,5500
Tamil Nadu,Dindigul,Dindigul(Uzhavar Sandhai ),Beans,Beans (Whole),Local,26/08/2026,8000,10000,9000
Tamil Nadu,Dindigul,Dindigul(Uzhavar Sandhai ),Coconut,Coconut,Local,26/08/2026,6000,6500,6250
Tamil Nadu,Dindigul,Dindigul(Uzhavar Sandhai ),Elephant Yam(Suran)/Amorphophallus,Elephant Yam (Suran),Local,26/08/2026,5000,6000,5500
Tamil Nadu,Dindigul,Dindigul(Uzhavar Sandhai ),Yam(Ratalu),Yam (Ratalu),Local,26/08/2026,8000,10000,9000
Tamil Nadu,Dindigul,Dindigul(Uzhavar Sandhai ),Lemon,Lemon,Local,26/08/2026,8000,10000,9000
Tamil Nadu,Dindigul,Dindigul(Uzhavar Sandhai ),Colacasia,Colacasia,Local,26/08/2026,5000,6000,5500
Tamil Nadu,Erode,Periyar Nagar(Uzhavar Sandhai ),Bitter gourd,Other,Local,26/08/2026,5000,5400,5200
Tamil Nadu,Erode,Periyar Nagar(Uzhavar Sandhai ),Amaranthus,Amaranthus,Local,26/08/2026,4000,4500,4250
Tamil Nadu,Erode,Periyar Nagar(Uzhavar Sandhai ),Snakeguard,Snakeguard,Local,26/08/2026,3800,4200,4000
Tamil Nadu,Erode,Periyar Nagar(Uzhavar Sandhai ),Raddish,Raddish,Local,26/08/2026,2200,2600,2400
Tamil Nadu,Erode,Periyar Nagar(Uzhavar Sandhai ),Green Avare(W),Other,Local,26/08/2026,4600,5000,4800
Tamil Nadu,Erode,Periyar Nagar(Uzhavar Sandhai ),Tender Coconut,Tender Coconut,Local,26/08/2026,3000,4000,3500
Tamil Nadu,Erode,Periyar Nagar(Uzhavar Sandhai ),Elephant Yam(Suran)/Amorphophallus,Elephant Yam (Suran),Local,26/08/2026,3000,3500,3250
Tamil Nadu,Erode,Periyar Nagar(Uzhavar Sandhai ),Onion Green,Onion Green,Local,26/08/2026,5000,6000,5500
Tamil Nadu,Erode,Periyar Nagar(Uzhavar Sandhai ),Baby Corn,Baby Corn,Grade A,26/08/2026,1500,1700,1600
Tamil Nadu,Kallakuruchi,Sankarapuram(Uzhavar Sandhai ),Potato,Red Nanital,Local,26/08/2026,3500,3500,3500
Tamil Nadu,Kallakuruchi,Sankarapuram(Uzhavar Sandhai ),Bottle gourd,Bottle Gourd,Local,26/08/2026,1500,1500,1500
Tamil Nadu,Kallakuruchi,Sankarapuram(Uzhavar Sandhai ),Pumpkin,Pumpkin,Local,26/08/2026,2500,2500,2500
Tamil Nadu,Kallakuruchi,Sankarapuram(Uzhavar Sandhai ),Beans,Beans (Whole),Local,26/08/2026,12000,12000,12000
Tamil Nadu,Kallakuruchi,Sankarapuram(Uzhavar Sandhai ),Sweet Potato,Hosur Red,Local,26/08/2026,6000,6000,6000
Tamil Nadu,Kallakuruchi,Sankarapuram(Uzhavar Sandhai ),Ridgeguard(Tori),Ridgeguard(Tori),Local,26/08/2026,4000,4000,4000
Tamil Nadu,Kallakuruchi,Sankarapuram(Uzhavar Sandhai ),Drumstick,Drumstick,Local,26/08/2026,3000,3000,3000
Tamil Nadu,Kallakuruchi,Sankarapuram(Uzhavar Sandhai ),Elephant Yam(Suran)/Amorphophallus,Elephant Yam (Suran),Local,26/08/2026,4000,4000,4000
Tamil Nadu,Kallakuruchi,Sankarapuram(Uzhavar Sandhai ),Custard Apple(Sharifa),Custard Apple(Sharifa),Local,26/08/2026,5000,5000,5000
Tamil Nadu,Kallakuruchi,Sankarapuram(Uzhavar Sandhai ),Amla(Nelli Kai),Amla,Local,26/08/2026,8000,8000,8000
Tamil Nadu,Kancheepuram,Kancheepuram(Uzhavar Sandhai ),Green Avare(W),Other,Local,26/08/2026,5000,6000,5500
Tamil Nadu,Kancheepuram,Kancheepuram(Uzhavar Sandhai ),Drumstick,Drumstick,Local,26/08/2026,2500,3000,2750
Tamil Nadu,Kancheepuram,Kancheepuram(Uzhavar Sandhai ),Guava,Guava Allahabad,Local,26/08/2026,4000,6000,5000
Tamil Nadu,Kancheepuram,Kundrathur(Uzhavar Sandhai ),Ashgourd,Gouard,Local,26/08/2026,2000,2000,2000
Tamil Nadu,Kancheepuram,Kundrathur(Uzhavar Sandhai ),Bhindi(Ladies Finger),Bhindi,Local,26/08/2026,3000,3000,3000
Tamil Nadu,Kancheepuram,Kundrathur(Uzhavar Sandhai ),Carrot,Pusakesar,Local,26/08/2026,5000,5000,5000
Tamil Nadu,Kancheepuram,Kundrathur(Uzhavar Sandhai ),Snakeguard,Snakeguard,Local,26/08/2026,3000,3000,3000
Tamil Nadu,Kancheepuram,Kundrathur(Uzhavar Sandhai ),Raddish,Raddish,Local,26/08/2026,3000,3000,3000
Tamil Nadu,Kancheepuram,Kundrathur(Uzhavar Sandhai ),Yam(Ratalu),Yam (Ratalu),Local,26/08/2026,4000,4000,4000
Tamil Nadu,Kancheepuram,Padappai(Uzhavar Sandhai ),Cauliflower,Ranchi,Local,26/08/2026,2500,3000,2750
Tamil Nadu,Kancheepuram,Padappai(Uzhavar Sandhai ),Tomato,Local,Local,26/08/2026,1800,2400,2100
Tamil Nadu,Kancheepuram,Padappai(Uzhavar Sandhai ),Amaranthus,Amaranthus,Local,26/08/2026,2500,4000,3250
Tamil Nadu,Kancheepuram,Padappai(Uzhavar Sandhai ),Beetroot,Beetroot,Local,26/08/2026,3000,4000,3500
Tamil Nadu,Kancheepuram,Padappai(Uzhavar Sandhai ),Cucumbar(Kheera),Cucumbar,Local,26/08/2026,2500,3000,2750
Tamil Nadu,Kancheepuram,Padappai(Uzhavar Sandhai ),Amla(Nelli Kai),Amla,Local,26/08/2026,8000,11000,9500
Tamil Nadu,Kancheepuram,Sunguvarchatram(Uzhavar Sandhai ),Bitter gourd,Bitter Gourd,Local,26/08/2026,4000,4000,4000
Tamil Nadu,Kancheepuram,Sunguvarchatram(Uzhavar Sandhai ),Amaranthus,Amaranthus,Local,26/08/2026,3000,3000,3000
Tamil Nadu,Kancheepuram,Sunguvarchatram(Uzhavar Sandhai ),Beans,Beans (Whole),Local,26/08/2026,6500,6500,6500
Tamil Nadu,Kancheepuram,Sunguvarchatram(Uzhavar Sandhai ),Capsicum,Capsicum,Local,26/08/2026,5000,5000,5000
Tamil Nadu,Krishnagiri,Avallapalli(Uzhavar Sandhai ),Potato,Red Nanital,Local,26/08/2026,2000,2500,2250
Tamil Nadu,Krishnagiri,Avallapalli(Uzhavar Sandhai ),Green Peas,Green Peas,Local,26/08/2026,14000,16000,15000
Tamil Nadu,Krishnagiri,Avallapalli(Uzhavar Sandhai ),Tomato,Deshi,Local,26/08/2026,1500,2000,1750
Tamil Nadu,Krishnagiri,Avallapalli(Uzhavar Sandhai ),Cluster beans,Cluster Beans,Local,26/08/2026,3500,4000,3750
Tamil Nadu,Krishnagiri,Avallapalli(Uzhavar Sandhai ),Cowpea(Veg),Cowpea (Veg),Local,26/08/2026,5000,6000,5500
Tamil Nadu,Krishnagiri,Avallapalli(Uzhavar Sandhai ),Sweet Potato,Hosur Red,Local,26/08/2026,3500,4000,3750
Tamil Nadu,Krishnagiri,Avallapalli(Uzhavar Sandhai ),Beetroot,Beetroot,Local,26/08/2026,3500,4000,3750
Tamil Nadu,Krishnagiri,Avallapalli(Uzhavar Sandhai ),Ridgeguard(Tori),Ridgeguard(Tori),Local,26/08/2026,3500,4000,3750
Tamil Nadu,Krishnagiri,Avallapalli(Uzhavar Sandhai ),Knool Khol,Knool Khol,Local,26/08/2026,2000,2500,2250
Tamil Nadu,Krishnagiri,Avallapalli(Uzhavar Sandhai ),Elephant Yam(Suran)/Amorphophallus,Elephant Yam (Suran),Local,26/08/2026,4500,5000,4750
Tamil Nadu,Krishnagiri,Avallapalli(Uzhavar Sandhai ),Yam(Ratalu),Yam (Ratalu),Local,26/08/2026,4500,5000,4750
Tamil Nadu,Dharmapuri,Karimangalam(Uzhavar Sandhai),Banana,Karpura,Local,26/08/2026,6500,7000,6750
Tamil Nadu,Dharmapuri,Karimangalam(Uzhavar Sandhai),Potato,Other,Local,26/08/2026,2600,2800,2700
Tamil Nadu,Dharmapuri,Karimangalam(Uzhavar Sandhai),Garlic,Garlic,Local,26/08/2026,20000,21000,20500
Tamil Nadu,Dharmapuri,Karimangalam(Uzhavar Sandhai),Coriander(Leaves),I Sort,Local,26/08/2026,4500,5000,4750
Tamil Nadu,Dharmapuri,Karimangalam(Uzhavar Sandhai),Green Peas,Green Peas,Local,26/08/2026,18000,19000,18500
Tamil Nadu,Dharmapuri,Karimangalam(Uzhavar Sandhai),Papaya,Papaya,Local,26/08/2026,3300,3500,3400
Tamil Nadu,Dharmapuri,Karimangalam(Uzhavar Sandhai),Pumpkin,Pumpkin,Local,26/08/2026,2300,2500,2400
Tamil Nadu,Dharmapuri,Karimangalam(Uzhavar Sandhai),Bhindi(Ladies Finger),Bhindi,Local,26/08/2026,3300,3500,3400
Tamil Nadu,Dharmapuri,Karimangalam(Uzhavar Sandhai),Banana - Green,Banana - Green,Local,26/08/2026,2800,3000,2900
Tamil Nadu,Dharmapuri,Karimangalam(Uzhavar Sandhai),Coconut,Coconut,Local,26/08/2026,6500,7000,6750
Tamil Nadu,Dharmapuri,Karimangalam(Uzhavar Sandhai),Thondekai,Thondekai,Local,26/08/2026,6000,6500,6250
Tamil Nadu,Dharmapuri,Karimangalam(Uzhavar Sandhai),Chow Chow,Chow Chow,Local,26/08/2026,4400,4800,4600
Tamil Nadu,Dharmapuri,Karimangalam(Uzhavar Sandhai),Onion Green,Onion Green,Local,26/08/2026,6000,6500,6250
Tamil Nadu,Krishnagiri,Denkanikottai(Uzhavar Sandhai ),Onion,Bellary,Local,26/08/2026,5000,5500,5250
Tamil Nadu,Krishnagiri,Denkanikottai(Uzhavar Sandhai ),Coriander(Leaves),I Sort,Local,26/08/2026,3500,4000,3750
Tamil Nadu,Krishnagiri,Denkanikottai(Uzhavar Sandhai ),Ashgourd,Gouard,Local,26/08/2026,1500,2000,1750
Tamil Nadu,Krishnagiri,Denkanikottai(Uzhavar Sandhai ),Amaranthus,Amaranthus,Local,26/08/2026,3500,4000,3750
Tamil Nadu,Krishnagiri,Denkanikottai(Uzhavar Sandhai ),Green Chilli,Green Chilly,Local,26/08/2026,4000,4500,4250
Tamil Nadu,Krishnagiri,Denkanikottai(Uzhavar Sandhai ),Knool Khol,Knool Khol,Local,26/08/2026,2000,2500,2250
Tamil Nadu,Krishnagiri,Denkanikottai(Uzhavar Sandhai ),Onion Green,Onion Green,Local,26/08/2026,7500,8000,7750
Tamil Nadu,Krishnagiri,Hosur(Uzhavar Sandhai ),Groundnut,Big (With Shell),Local,26/08/2026,8000,10000,9000
Tamil Nadu,Krishnagiri,Hosur(Uzhavar Sandhai ),Banana,Red Banana,Local,26/08/2026,8000,9000,8500
Tamil Nadu,Krishnagiri,Hosur(Uzhavar Sandhai ),Garlic,Garlic,Local,26/08/2026,20000,24000,22000
Tamil Nadu,Krishnagiri,Hosur(Uzhavar Sandhai ),Brinjal,Round,Local,26/08/2026,2500,3000,2750
Tamil Nadu,Krishnagiri,Hosur(Uzhavar Sandhai ),Ginger(Green),Green Ginger,Local,26/08/2026,13000,15000,14000
Tamil Nadu,Krishnagiri,Hosur(Uzhavar Sandhai ),Carrot,Pusakesar,Local,26/08/2026,4500,5000,4750
Tamil Nadu,Krishnagiri,Hosur(Uzhavar Sandhai ),Beetroot,Beetroot,Local,26/08/2026,3500,4000,3750
Tamil Nadu,Krishnagiri,Hosur(Uzhavar Sandhai ),Cucumbar(Kheera),Cucumbar,Local,26/08/2026,2500,3000,2750
Tamil Nadu,Krishnagiri,Hosur(Uzhavar Sandhai ),Capsicum,Capsicum,Local,26/08/2026,4000,4500,4250
Tamil Nadu,Krishnagiri,Hosur(Uzhavar Sandhai ),Drumstick,Drumstick,Local,26/08/2026,3500,4000,3750
Tamil Nadu,Krishnagiri,Hosur(Uzhavar Sandhai ),Pomegranate,Pomogranate,Local,26/08/2026,10000,12000,11000
Tamil Nadu,Krishnagiri,Hosur(Uzhavar Sandhai ),Indian Beans(Seam),Indian Beans (Seam),Local,26/08/2026,3000,3500,3250
Tamil Nadu,Krishnagiri,Hosur(Uzhavar Sandhai ),Lemon,Lemon,Local,26/08/2026,13000,15000,14000
Tamil Nadu,Madurai,Anaiyur(Uzhavar Sandhai ),Groundnut,Big (With Shell),Local,26/08/2026,7000,8000,7500
Tamil Nadu,Madurai,Anaiyur(Uzhavar Sandhai ),Cauliflower,Ranchi,Local,26/08/2026,3000,4000,3500
Tamil Nadu,Madurai,Anaiyur(Uzhavar Sandhai ),Green Peas,Green Peas,Local,26/08/2026,15000,17000,16000
Tamil Nadu,Madurai,Anaiyur(Uzhavar Sandhai ),Papaya,Papaya,Local,26/08/2026,4000,4500,4250
Tamil Nadu,Madurai,Anaiyur(Uzhavar Sandhai ),Tomato,Deshi,Local,26/08/2026,1800,2000,1900
Tamil Nadu,Madurai,Anaiyur(Uzhavar Sandhai ),Pumpkin,Pumpkin,Local,26/08/2026,2000,2400,2200
Tamil Nadu,Madurai,Anaiyur(Uzhavar Sandhai ),Beetroot,Beetroot,Local,26/08/2026,5000,5500,5250
Tamil Nadu,Madurai,Anaiyur(Uzhavar Sandhai ),Knool Khol,Knool Khol,Local,26/08/2026,4000,4500,4250
Tamil Nadu,Madurai,Anaiyur(Uzhavar Sandhai ),Yam(Ratalu),Yam (Ratalu),Local,26/08/2026,8000,9000,8500
Tamil Nadu,Madurai,Anaiyur(Uzhavar Sandhai ),Onion Green,Onion Green,Local,26/08/2026,7000,7500,7250
Tamil Nadu,Madurai,Usilampatti(Uzhavar Sandhai ),Green Chilli,Green Chilly,Local,26/08/2026,3600,4000,3800
Tamil Nadu,Nagapattinam,Sirkali(Uzhavar Sandhai ),Groundnut,Big (With Shell),Local,26/08/2026,5500,6000,5750
Tamil Nadu,Nagapattinam,Sirkali(Uzhavar Sandhai ),Coriander(Leaves),I Sort,Local,26/08/2026,3500,4000,3750
Tamil Nadu,Nagapattinam,Sirkali(Uzhavar Sandhai ),Bhindi(Ladies Finger),Bhindi,Local,26/08/2026,4500,5000,4750
Tamil Nadu,Nagapattinam,Sirkali(Uzhavar Sandhai ),Green Chilli,Green Chilly,Local,26/08/2026,5500,6000,5750
Tamil Nadu,Nagapattinam,Sirkali(Uzhavar Sandhai ),Green Avare(W),Green Avare (W),Local,26/08/2026,6500,7000,6750
Tamil Nadu,Nagapattinam,Sirkali(Uzhavar Sandhai ),Drumstick,Drumstick,Local,26/08/2026,5500,6000,5750
Tamil Nadu,Nagapattinam,Sirkali(Uzhavar Sandhai ),Lemon,Lemon,Local,26/08/2026,9500,10000,9750
Tamil Nadu,Namakkal,Kumarapalayam(Uzhavar Sandhai ),Onion,Bellary,Local,26/08/2026,2800,3000,2900
Tamil Nadu,Namakkal,Kumarapalayam(Uzhavar Sandhai ),Brinjal,Other,Local,26/08/2026,5500,6000,5750
Tamil Nadu,Namakkal,Kumarapalayam(Uzhavar Sandhai ),Bhindi(Ladies Finger),Bhindi,Local,26/08/2026,3200,4000,3600
Tamil Nadu,Namakkal,Kumarapalayam(Uzhavar Sandhai ),Amaranthus,Amaranthus,Local,26/08/2026,4500,5000,4750
Tamil Nadu,Namakkal,Kumarapalayam(Uzhavar Sandhai ),Green Chilli,Green Chilly,Local,26/08/2026,5400,6000,5700
Tamil Nadu,Namakkal,Kumarapalayam(Uzhavar Sandhai ),Banana - Green,Banana - Green,Local,26/08/2026,3500,4000,3750
Tamil Nadu,Namakkal,Kumarapalayam(Uzhavar Sandhai ),Ginger(Green),Green Ginger,Local,26/08/2026,18000,19000,18500
Tamil Nadu,Namakkal,Kumarapalayam(Uzhavar Sandhai ),Ridgeguard(Tori),Ridgeguard(Tori),Local,26/08/2026,4500,5000,4750
Tamil Nadu,Namakkal,Mohanur(Uzhavar Sandhai ),Pumpkin,Pumpkin,Local,26/08/2026,2400,3000,2700
Tamil Nadu,Namakkal,Mohanur(Uzhavar Sandhai ),Banana - Green,Banana - Green,Local,26/08/2026,3400,4000,3700
Tamil Nadu,Namakkal,Mohanur(Uzhavar Sandhai ),Beans,Beans (Whole),Local,26/08/2026,11400,12000,11700
Tamil Nadu,Namakkal,Mohanur(Uzhavar Sandhai ),Ridgeguard(Tori),Ridgeguard(Tori),Local,26/08/2026,5400,6000,5700
Tamil Nadu,Namakkal,Namakkal(Uzhavar Sandhai ),Banana,Red Banana,Local,26/08/2026,7500,8000,7750
Tamil Nadu,Namakkal,Namakkal(Uzhavar Sandhai ),Green Peas,Green Peas,Local,26/08/2026,16000,18000,17000
Tamil Nadu,Namakkal,Namakkal(Uzhavar Sandhai ),Bottle gourd,Bottle Gourd,Local,26/08/2026,1500,2000,1750
Tamil Nadu,Namakkal,Namakkal(Uzhavar Sandhai ),Amaranthus,Amaranthus,Local,26/08/2026,3000,3500,3250
Tamil Nadu,Namakkal,Namakkal(Uzhavar Sandhai ),Cowpea(Veg),Cowpea (Veg),Local,26/08/2026,4500,5000,4750
Tamil Nadu,Namakkal,Namakkal(Uzhavar Sandhai ),Cabbage,Cabbage,Local,26/08/2026,2500,2800,2650
Tamil Nadu,Namakkal,Namakkal(Uzhavar Sandhai ),Chow Chow,Chow Chow,Local,26/08/2026,3000,3500,3250
Tamil Nadu,Namakkal,Namakkal(Uzhavar Sandhai ),Drumstick,Drumstick,Local,26/08/2026,1500,2000,1750
Tamil Nadu,Namakkal,Namakkal(Uzhavar Sandhai ),Lemon,Lemon,Local,26/08/2026,8000,9000,8500
Tamil Nadu,Namakkal,Namakkal(Uzhavar Sandhai ),Onion Green,Onion Green,Local,26/08/2026,3000,7000,5000
Tamil Nadu,Namakkal,Paramathivelur(Uzhavar Sandhai ),Onion,Bellary,Local,26/08/2026,5400,6000,5700
Tamil Nadu,Namakkal,Paramathivelur(Uzhavar Sandhai ),Potato,Other,Local,26/08/2026,2500,3000,2750
Tamil Nadu,Namakkal,Paramathivelur(Uzhavar Sandhai ),Brinjal,Other,Local,26/08/2026,4900,5500,5200
Tamil Nadu,Namakkal,Paramathivelur(Uzhavar Sandhai ),Papaya,Papaya,Local,26/08/2026,3300,3800,3550
Tamil Nadu,Namakkal,Paramathivelur(Uzhavar Sandhai ),Cluster beans,Cluster Beans,Local,26/08/2026,3900,4500,4200
Tamil Nadu,Namakkal,Paramathivelur(Uzhavar Sandhai ),Cabbage,Cabbage,Local,26/08/2026,2400,2800,2600
Tamil Nadu,Namakkal,Paramathivelur(Uzhavar Sandhai ),Raddish,Raddish,Local,26/08/2026,3900,4500,4200
Tamil Nadu,Namakkal,Paramathivelur(Uzhavar Sandhai ),Thondekai,Thondekai,Local,26/08/2026,5400,6000,5700
Tamil Nadu,Namakkal,Paramathivelur(Uzhavar Sandhai ),Guava,Guava Allahabad,Local,26/08/2026,4900,5500,5200
Tamil Nadu,Namakkal,Paramathivelur(Uzhavar Sandhai ),Mint(Pudina),Mint(Pudina),Local,26/08/2026,4400,5000,4700
Tamil Nadu,Namakkal,Rasipuram(Uzhavar Sandhai ),Banana,Red Banana,Local,26/08/2026,7000,7500,7250
Tamil Nadu,Namakkal,Rasipuram(Uzhavar Sandhai ),Chili Red,Bold,Local,26/08/2026,17000,18000,17500
Tamil Nadu,Namakkal,Rasipuram(Uzhavar Sandhai ),Brinjal,Other,Local,26/08/2026,6200,6800,6500
Tamil Nadu,Namakkal,Rasipuram(Uzhavar Sandhai ),Pumpkin,Pumpkin,Local,26/08/2026,2400,2800,2600
Tamil Nadu,Namakkal,Rasipuram(Uzhavar Sandhai ),Amaranthus,Amaranthus,Local,26/08/2026,3500,4000,3750
Tamil Nadu,Namakkal,Rasipuram(Uzhavar Sandhai ),Coconut,Coconut,Local,26/08/2026,6000,6200,6100
Tamil Nadu,Namakkal,Rasipuram(Uzhavar Sandhai ),Tamarind Fruit,Tamarind Fruit,Local,26/08/2026,13000,15000,14000
Tamil Nadu,Namakkal,Rasipuram(Uzhavar Sandhai ),Lemon,Lemon,Local,26/08/2026,7500,8000,7750
Tamil Nadu,Namakkal,Rasipuram(Uzhavar Sandhai ),Custard Apple(Sharifa),Custard Apple(Sharifa),Local,26/08/2026,3500,4000,3750
Tamil Nadu,Thanjavur,Tirukattupalli(Uzhavar Sandhai ),Beans,Beans (Whole),Local,26/08/2026,6800,6800,6800
Tamil Nadu,Thanjavur,Tirukattupalli(Uzhavar Sandhai ),Coconut,Coconut,Local,26/08/2026,6000,6000,6000
Tamil Nadu,Thanjavur,Tirukattupalli(Uzhavar Sandhai ),Onion Green,Onion Green,Local,26/08/2026,7600,7600,7600
Tamil Nadu,Madurai,Palanganatham(Uzhavar Sandhai ),Garlic,Garlic,Local,26/08/2026,26000,27000,26500
Tamil Nadu,Madurai,Palanganatham(Uzhavar Sandhai ),Green Peas,Green Peas,Local,26/08/2026,15000,17000,16000
Tamil Nadu,Madurai,Palanganatham(Uzhavar Sandhai ),Papaya,Papaya,Local,26/08/2026,4000,4500,4250
Tamil Nadu,Madurai,Palanganatham(Uzhavar Sandhai ),Cabbage,Cabbage,Local,26/08/2026,2400,2600,2500
Tamil Nadu,Madurai,Palanganatham(Uzhavar Sandhai ),Knool Khol,Knool Khol,Local,26/08/2026,4000,4500,4250
Tamil Nadu,Madurai,Palanganatham(Uzhavar Sandhai ),Yam(Ratalu),Yam (Ratalu),Local,26/08/2026,8000,9000,8500
Tamil Nadu,Madurai,Palanganatham(Uzhavar Sandhai ),Colacasia,Colacasia,Local,26/08/2026,5000,6000,5500
Tamil Nadu,Madurai,Palanganatham(Uzhavar Sandhai ),Onion Green,Onion Green,Local,26/08/2026,7000,7500,7250
Tamil Nadu,Madurai,Palanganatham(Uzhavar Sandhai ),Mint(Pudina),Mint(Pudina),Local,26/08/2026,4500,5000,4750
Tamil Nadu,Madurai,Anna nagar(Uzhavar Sandhai ),Mango,Neelam,Local,26/08/2026,6000,6000,6000
Tamil Nadu,Madurai,Anna nagar(Uzhavar Sandhai ),Potato,Other,Local,26/08/2026,6400,6400,6400
Tamil Nadu,Madurai,Anna nagar(Uzhavar Sandhai ),Bitter gourd,Other,Local,26/08/2026,5000,5000,5000
Tamil Nadu,Madurai,Anna nagar(Uzhavar Sandhai ),Pumpkin,Pumpkin,Local,26/08/2026,1800,1800,1800
Tamil Nadu,Madurai,Anna nagar(Uzhavar Sandhai ),Bhindi(Ladies Finger),Bhindi,Local,26/08/2026,4600,4600,4600
Tamil Nadu,Madurai,Anna nagar(Uzhavar Sandhai ),Green Chilli,Green Chilly,Local,26/08/2026,4400,4400,4400
Tamil Nadu,Madurai,Anna nagar(Uzhavar Sandhai ),Raddish,Raddish,Local,26/08/2026,3600,3600,3600
Tamil Nadu,Madurai,Anna nagar(Uzhavar Sandhai ),Thondekai,Thondekai,Local,26/08/2026,4200,4600,4400
Tamil Nadu,Madurai,Anna nagar(Uzhavar Sandhai ),Green Avare(W),Other,Local,26/08/2026,6600,6600,6600
Tamil Nadu,Madurai,Anna nagar(Uzhavar Sandhai ),Pomegranate,Pomogranate,Local,26/08/2026,14000,14000,14000
Tamil Nadu,Madurai,Anna nagar(Uzhavar Sandhai ),Tender Coconut,Tender Coconut,Local,26/08/2026,4000,4500,4250
Tamil Nadu,Madurai,Anna nagar(Uzhavar Sandhai ),Marigold(Calcutta),Marigold(Calcutta),Local,26/08/2026,12000,12000,12000
Tamil Nadu,Madurai,Anna nagar(Uzhavar Sandhai ),Amla(Nelli Kai),Amla,Local,26/08/2026,6000,7000,6500
Tamil Nadu,Perambalur,Perambalur(Uzhavar Sandhai ),Papaya,Papaya,Local,26/08/2026,4000,4500,4250
Tamil Nadu,Perambalur,Perambalur(Uzhavar Sandhai ),Green Chilli,Green Chilly,Local,26/08/2026,5000,5400,5200
Tamil Nadu,Perambalur,Perambalur(Uzhavar Sandhai ),Cucumbar(Kheera),Cucumbar,Local,26/08/2026,6000,6400,6200
Tamil Nadu,Perambalur,Perambalur(Uzhavar Sandhai ),Green Avare(W),Green Avare (W),Local,26/08/2026,5000,8000,6500
Tamil Nadu,Perambalur,Perambalur(Uzhavar Sandhai ),Guava,Guava Allahabad,Local,26/08/2026,6000,7000,6500
Tamil Nadu,Perambalur,Perambalur(Uzhavar Sandhai ),Pomegranate,Pomogranate,Local,26/08/2026,18000,20000,19000
Tamil Nadu,Perambalur,Perambalur(Uzhavar Sandhai ),Tender Coconut,Tender Coconut,Local,26/08/2026,3000,4000,3500
Tamil Nadu,Salem,Mecheri(Uzhavar Sandhai),Brinjal,Other,Local,26/08/2026,3500,3500,3500
Tamil Nadu,Salem,Mecheri(Uzhavar Sandhai),Papaya,Papaya,Local,26/08/2026,2500,3000,2750
Tamil Nadu,Salem,Mecheri(Uzhavar Sandhai),Tomato,Other,Local,26/08/2026,1500,2000,1750
Tamil Nadu,Salem,Mecheri(Uzhavar Sandhai),Cluster beans,Cluster Beans,Local,26/08/2026,3500,3500,3500
Tamil Nadu,Salem,Mecheri(Uzhavar Sandhai),Ridgeguard(Tori),Ridgeguard(Tori),Local,26/08/2026,4000,4000,4000
Tamil Nadu,Salem,Mecheri(Uzhavar Sandhai),Mint(Pudina),Mint(Pudina),Local,26/08/2026,3000,3000,3000
Tamil Nadu,Ranipet,Arcot(Uzhavar Sandhai ),Onion,Bellary,Local,26/08/2026,5000,5600,5300
Tamil Nadu,Ranipet,Arcot(Uzhavar Sandhai ),Pumpkin,Pumpkin,Local,26/08/2026,3000,3000,3000
Tamil Nadu,Ranipet,Arcot(Uzhavar Sandhai ),Bhindi(Ladies Finger),Bhindi,Local,26/08/2026,4000,4000,4000
Tamil Nadu,Ranipet,Arcot(Uzhavar Sandhai ),Green Chilli,Green Chilly,Local,26/08/2026,6000,6000,6000
Tamil Nadu,Ranipet,Arcot(Uzhavar Sandhai ),Ginger(Green),Green Ginger,Local,26/08/2026,18000,18000,18000
Tamil Nadu,Ranipet,Arcot(Uzhavar Sandhai ),Cucumbar(Kheera),Cucumbar,Local,26/08/2026,4000,4000,4000
Tamil Nadu,Ranipet,Arcot(Uzhavar Sandhai ),Raddish,Raddish,Local,26/08/2026,3600,3600,3600
Tamil Nadu,Ranipet,Arcot(Uzhavar Sandhai ),Colacasia,Colacasia,Local,26/08/2026,4000,4000,4000
Tamil Nadu,Ranipet,Arcot(Uzhavar Sandhai ),Mint(Pudina),Mint(Pudina),Local,26/08/2026,3000,3000,3000
Tamil Nadu,Ranipet,Ranipettai(Uzhavar Sandhai ),Sweet Corn ,Sweet Corn ,Local,26/08/2026,3600,4000,3800
Tamil Nadu,Ranipet,Ranipettai(Uzhavar Sandhai ),Onion,Bellary,Local,26/08/2026,5600,5600,5600
Tamil Nadu,Ranipet,Ranipettai(Uzhavar Sandhai ),Cluster beans,Cluster Beans,Local,26/08/2026,2500,3000,2750
Tamil Nadu,Ranipet,Ranipettai(Uzhavar Sandhai ),Bottle gourd,Bottle Gourd,Local,26/08/2026,2000,2500,2250
Tamil Nadu,Ranipet,Ranipettai(Uzhavar Sandhai ),Beans,Beans (Whole),Local,26/08/2026,6500,7000,6750
Tamil Nadu,Ranipet,Ranipettai(Uzhavar Sandhai ),Ginger(Green),Green Ginger,Local,26/08/2026,8000,18000,13000
Tamil Nadu,Ranipet,Ranipettai(Uzhavar Sandhai ),Cucumbar(Kheera),Cucumbar,Local,26/08/2026,4000,4000,4000
Tamil Nadu,Ranipet,Ranipettai(Uzhavar Sandhai ),Custard Apple(Sharifa),Custard Apple(Sharifa),Local,26/08/2026,8000,10000,9000
Tamil Nadu,Ranipet,Ranipettai(Uzhavar Sandhai ),Mint(Pudina),Mint(Pudina),Local,26/08/2026,3000,3000,3000
Tamil Nadu,Salem,Ammapet(Uzhavar Sandhai ),Cauliflower,Ranchi,Local,26/08/2026,2500,3000,2750
Tamil Nadu,Salem,Ammapet(Uzhavar Sandhai ),Mousambi(Sweet Lime),Mousambi,Local,26/08/2026,3500,4000,3750
Tamil Nadu,Salem,Ammapet(Uzhavar Sandhai ),Green Chilli,Green Chilly,Local,26/08/2026,4800,5000,4900
Tamil Nadu,Salem,Ammapet(Uzhavar Sandhai ),Beans,Beans (Whole),Local,26/08/2026,7000,7500,7250
Tamil Nadu,Salem,Ammapet(Uzhavar Sandhai ),Cucumbar(Kheera),Cucumbar,Local,26/08/2026,4500,5000,4750
Tamil Nadu,Salem,Ammapet(Uzhavar Sandhai ),Lemon,Lemon,Local,26/08/2026,4500,5000,4750
Tamil Nadu,Salem,Ammapet(Uzhavar Sandhai ),Baby Corn,Baby Corn,Grade A,26/08/2026,2500,3000,2750
Tamil Nadu,Salem,Ammapet(Uzhavar Sandhai ),Sweet Corn ,Sweet Corn ,Local,26/08/2026,3000,3500,3250
Tamil Nadu,Salem,Mettur(Uzhavar Sandhai ),Coriander(Leaves),I Sort,Local,26/08/2026,3500,4000,3750
Tamil Nadu,Salem,Mettur(Uzhavar Sandhai ),Papaya,Papaya,Local,26/08/2026,2500,3000,2750
Tamil Nadu,Salem,Mettur(Uzhavar Sandhai ),Bitter gourd,Bitter Gourd,Local,26/08/2026,5000,5500,5250
Tamil Nadu,Salem,Mettur(Uzhavar Sandhai ),Pumpkin,Pumpkin,Local,26/08/2026,2000,2500,2250
Tamil Nadu,Salem,Mettur(Uzhavar Sandhai ),Ginger(Green),Green Ginger,Local,26/08/2026,16000,17000,16500
Tamil Nadu,Salem,Mettur(Uzhavar Sandhai ),Sweet Potato,Hosur Red,Local,26/08/2026,4000,4500,4250
Tamil Nadu,Salem,Mettur(Uzhavar Sandhai ),Snakeguard,Snakeguard,Local,26/08/2026,3500,3800,3650
Tamil Nadu,Salem,Mettur(Uzhavar Sandhai ),Cucumbar(Kheera),Cucumbar,Local,26/08/2026,3500,4000,3750
Tamil Nadu,Salem,Mettur(Uzhavar Sandhai ),Raddish,Raddish,Local,26/08/2026,1500,2000,1750
Tamil Nadu,Salem,Mettur(Uzhavar Sandhai ),Green Avare(W),Other,Local,26/08/2026,5000,5500,5250
Tamil Nadu,Salem,Mettur(Uzhavar Sandhai ),Lemon,Lemon,Local,26/08/2026,11000,12000,11500
Tamil Nadu,Salem,Mettur(Uzhavar Sandhai ),Mint(Pudina),Mint(Pudina),Local,26/08/2026,2500,3000,2750
Tamil Nadu,Salem,Sooramangalam(Uzhavar Sandhai ),Bhindi(Ladies Finger),Bhindi,Local,26/08/2026,3000,3400,3200
Tamil Nadu,Salem,Sooramangalam(Uzhavar Sandhai ),Ridgeguard(Tori),Ridgeguard(Tori),Local,26/08/2026,3400,4000,3700
Tamil Nadu,Salem,Sooramangalam(Uzhavar Sandhai ),Chow Chow,Chow Chow,Local,26/08/2026,3500,4000,3750
Tamil Nadu,Salem,Sooramangalam(Uzhavar Sandhai ),Lime,Lime,Local,26/08/2026,3500,4000,3750
Tamil Nadu,Salem,Sooramangalam(Uzhavar Sandhai ),Elephant Yam(Suran)/Amorphophallus,Elephant Yam (Suran),Local,26/08/2026,4500,5000,4750
Tamil Nadu,Thiruchirappalli,Thuraiyur APMC,Cauliflower,Ranchi,Local,26/08/2026,4000,5000,4500
Tamil Nadu,Thiruchirappalli,Thuraiyur APMC,Brinjal,Other,Local,26/08/2026,2000,2500,2250
Tamil Nadu,Thiruchirappalli,Thuraiyur APMC,Tomato,Other,Local,26/08/2026,2000,2400,2200
Tamil Nadu,Thiruchirappalli,Thuraiyur APMC,Ashgourd,Gouard,Local,26/08/2026,1200,1800,1500
Tamil Nadu,Thiruchirappalli,Thuraiyur APMC,Sweet Potato,Hosur Red,Local,26/08/2026,4000,4500,4250
Tamil Nadu,Thiruchirappalli,Thuraiyur APMC,Thondekai,Thondekai,Local,26/08/2026,3000,3500,3250
Tamil Nadu,Thiruchirappalli,Thuraiyur APMC,Green Avare(W),Green Avare (W),Local,26/08/2026,3500,4000,3750
Tamil Nadu,Thiruchirappalli,Thuraiyur APMC,Drumstick,Drumstick,Local,26/08/2026,3000,3500,3250
Tamil Nadu,Thiruchirappalli,Thuraiyur APMC,Yam(Ratalu),Yam (Ratalu),Local,26/08/2026,6500,7500,7000
Tamil Nadu,Thiruchirappalli,Thuraiyur APMC,Mint(Pudina),Mint(Pudina),Local,26/08/2026,4800,5200,5000
Tamil Nadu,Salem,Thammampatti (Uzhavar Sandhai ),Groundnut,Big (With Shell),Local,26/08/2026,6500,7000,6750
Tamil Nadu,Salem,Thammampatti (Uzhavar Sandhai ),Banana,Red Banana,Local,26/08/2026,6500,7000,6750
Tamil Nadu,Salem,Thammampatti (Uzhavar Sandhai ),Potato,Other,Local,26/08/2026,2800,3000,2900
Tamil Nadu,Salem,Thammampatti (Uzhavar Sandhai ),Tomato,Local,Local,26/08/2026,1500,2000,1750
Tamil Nadu,Salem,Thammampatti (Uzhavar Sandhai ),Ashgourd,Gouard,Local,26/08/2026,1800,2000,1900
Tamil Nadu,Salem,Thammampatti (Uzhavar Sandhai ),Beans,Beans (Whole),Local,26/08/2026,8000,8500,8250
Tamil Nadu,Salem,Thammampatti (Uzhavar Sandhai ),Carrot,Pusakesar,Local,26/08/2026,7000,7500,7250
Tamil Nadu,Salem,Thammampatti (Uzhavar Sandhai ),Beetroot,Beetroot,Local,26/08/2026,7000,7500,7250
Tamil Nadu,Salem,Thammampatti (Uzhavar Sandhai ),Chow Chow,Chow Chow,Local,26/08/2026,3500,4000,3750
Tamil Nadu,Salem,Thathakapatti(Uzhavar Sandhai ),Sweet Corn ,Sweet Corn ,Local,26/08/2026,3500,4000,3750
Tamil Nadu,Salem,Thathakapatti(Uzhavar Sandhai ),Groundnut,Big (With Shell),Local,26/08/2026,7000,8000,7500
Tamil Nadu,Salem,Thathakapatti(Uzhavar Sandhai ),Banana,Besrai,Local,26/08/2026,4000,8000,6000
Tamil Nadu,Salem,Thathakapatti(Uzhavar Sandhai ),Ashgourd,Gouard,Local,26/08/2026,1800,2000,1900
Tamil Nadu,Salem,Thathakapatti(Uzhavar Sandhai ),Guava,Guava Allahabad,Local,26/08/2026,5000,6000,5500
Tamil Nadu,Salem,Thathakapatti(Uzhavar Sandhai ),Pomegranate,Pomogranate,Local,26/08/2026,15000,16000,15500
Tamil Nadu,Salem,Thathakapatti(Uzhavar Sandhai ),Tender Coconut,Tender Coconut,Local,26/08/2026,3000,5000,4000
Tamil Nadu,Salem,Thathakapatti(Uzhavar Sandhai ),Jasmine,Jasmine,Local,26/08/2026,35000,40000,37500
Tamil Nadu,Salem,Thathakapatti(Uzhavar Sandhai ),Amla(Nelli Kai),Amla,Local,26/08/2026,7000,7500,7250
Tamil Nadu,Salem,Thathakapatti(Uzhavar Sandhai ),Onion Green,Onion Green,Local,26/08/2026,6000,6500,6250
Tamil Nadu,Salem,Thathakapatti(Uzhavar Sandhai ),Mint(Pudina),Mint(Pudina),Local,26/08/2026,3000,3200,3100
Tamil Nadu,Salem,Thathakapatti(Uzhavar Sandhai ),Rose(Local),Rose (Local),Local,26/08/2026,10000,12000,11000
Tamil Nadu,Theni,Chinnamanur(Uzhavar Sandhai ),Potato,Other,Local,26/08/2026,2500,2500,2500
Tamil Nadu,Theni,Chinnamanur(Uzhavar Sandhai ),Cauliflower,Ranchi,Local,26/08/2026,3500,4000,3750
Tamil Nadu,Theni,Chinnamanur(Uzhavar Sandhai ),Pumpkin,Pumpkin,Local,26/08/2026,1800,1800,1800
Tamil Nadu,Theni,Chinnamanur(Uzhavar Sandhai ),Green Chilli,Green Chilly,Local,26/08/2026,3500,4000,3750
Tamil Nadu,Theni,Chinnamanur(Uzhavar Sandhai ),Carrot,Pusakesar,Local,26/08/2026,5400,5800,5600
Tamil Nadu,Theni,Chinnamanur(Uzhavar Sandhai ),Ridgeguard(Tori),Ridgeguard(Tori),Local,26/08/2026,3600,3600,3600
Tamil Nadu,Theni,Chinnamanur(Uzhavar Sandhai ),Thondekai,Thondekai,Local,26/08/2026,2800,2800,2800
Tamil Nadu,Theni,Chinnamanur(Uzhavar Sandhai ),Knool Khol,Knool Khol,Local,26/08/2026,3500,3500,3500
Tamil Nadu,Theni,Chinnamanur(Uzhavar Sandhai ),Lemon,Lemon,Local,26/08/2026,12000,12000,12000
Tamil Nadu,Theni,Kambam(Uzhavar Sandhai ),Banana - Green,Banana - Green,Local,26/08/2026,3200,3500,3350
Tamil Nadu,Theni,Kambam(Uzhavar Sandhai ),Indian Beans(Seam),Indian Beans (Seam),Local,26/08/2026,5000,5000,5000
Tamil Nadu,Theni,Theni(Uzhavar Sandhai ),Banana,Red Banana,Local,26/08/2026,6000,7000,6500
Tamil Nadu,Theni,Theni(Uzhavar Sandhai ),Pineapple,Pine Apple,Local,26/08/2026,8000,8000,8000
Tamil Nadu,Theni,Theni(Uzhavar Sandhai ),Grapes,Annabesahai,Local,26/08/2026,12000,12000,12000
Tamil Nadu,Theni,Theni(Uzhavar Sandhai ),Brinjal,Other,Local,26/08/2026,3000,3400,3200
Tamil Nadu,Theni,Theni(Uzhavar Sandhai ),Mousambi(Sweet Lime),Mousambi,Local,26/08/2026,8000,8000,8000
Tamil Nadu,Theni,Theni(Uzhavar Sandhai ),Green Chilli,Green Chilly,Local,26/08/2026,4000,4000,4000
Tamil Nadu,Theni,Theni(Uzhavar Sandhai ),Beans,Beans (Whole),Local,26/08/2026,8500,10000,9250
Tamil Nadu,Theni,Theni(Uzhavar Sandhai ),Capsicum,Capsicum,Local,26/08/2026,5600,5600,5600
Tamil Nadu,Theni,Theni(Uzhavar Sandhai ),Indian Beans(Seam),Indian Beans (Seam),Local,26/08/2026,4600,4600,4600
Tamil Nadu,Theni,Theni(Uzhavar Sandhai ),Amla(Nelli Kai),Amla,Local,26/08/2026,6000,6000,6000
Tamil Nadu,Thirunelveli,Ambasamudram(Uzhavar Sandhai ),Coriander(Leaves),I Sort,Local,26/08/2026,3300,4000,3650
Tamil Nadu,Thirunelveli,Ambasamudram(Uzhavar Sandhai ),Ashgourd,Gouard,Local,26/08/2026,1000,1200,1100
Tamil Nadu,Thirunelveli,Kandiyaperi(Uzhavar Sandhai ),Ashgourd,Gouard,Local,26/08/2026,800,1000,900
Tamil Nadu,Thirunelveli,Kandiyaperi(Uzhavar Sandhai ),Amaranthus,Amaranthus,Local,26/08/2026,1200,1500,1350
Tamil Nadu,Thirunelveli,Melapalayam(Uzhavar Sandhai ),Papaya,Papaya,Local,26/08/2026,3500,4000,3750
Tamil Nadu,Thirunelveli,Melapalayam(Uzhavar Sandhai ),Ginger(Green),Green Ginger,Local,26/08/2026,16000,17000,16500
Tamil Nadu,Thirunelveli,Melapalayam(Uzhavar Sandhai ),Cabbage,Cabbage,Local,26/08/2026,3200,3400,3300
Tamil Nadu,Thirunelveli,Melapalayam(Uzhavar Sandhai ),Cucumbar(Kheera),Cucumbar,Local,26/08/2026,4500,6500,5500
Tamil Nadu,Thirunelveli,Melapalayam(Uzhavar Sandhai ),Green Avare(W),Other,Local,26/08/2026,5000,5500,5250
Tamil Nadu,Thirunelveli,Melapalayam(Uzhavar Sandhai ),Drumstick,Drumstick,Local,26/08/2026,2200,2500,2350
Tamil Nadu,Thirunelveli,Melapalayam(Uzhavar Sandhai ),Lemon,Lemon,Local,26/08/2026,12000,13000,12500
Tamil Nadu,Thirunelveli,NGO Colony(Uzhavar Sandhai ),Potato,Red Nanital,Local,26/08/2026,2200,2600,2400
Tamil Nadu,Thirunelveli,NGO Colony(Uzhavar Sandhai ),Cauliflower,Ranchi,Local,26/08/2026,4500,5800,5150
Tamil Nadu,Thirunelveli,NGO Colony(Uzhavar Sandhai ),Cluster beans,Cluster Beans,Local,26/08/2026,1200,2000,1600
Tamil Nadu,Thirunelveli,NGO Colony(Uzhavar Sandhai ),Beans,Beans (Whole),Local,26/08/2026,8000,8600,8300
Tamil Nadu,Thirunelveli,NGO Colony(Uzhavar Sandhai ),Carrot,Pusakesar,Local,26/08/2026,6500,7600,7050
Tamil Nadu,Thirunelveli,NGO Colony(Uzhavar Sandhai ),Ridgeguard(Tori),Ridgeguard(Tori),Local,26/08/2026,3500,4000,3750
Tamil Nadu,Thirunelveli,NGO Colony(Uzhavar Sandhai ),Chow Chow,Chow Chow,Local,26/08/2026,3000,3600,3300
Tamil Nadu,Thirunelveli,NGO Colony(Uzhavar Sandhai ),Drumstick,Drumstick,Local,26/08/2026,4500,5600,5050
Tamil Nadu,Thirunelveli,Palayamkottai(Uzhavar Sandhai ),Coriander(Leaves),I Sort,Local,26/08/2026,3500,4000,3750
Tamil Nadu,Thirunelveli,Palayamkottai(Uzhavar Sandhai ),Papaya,Papaya,Local,26/08/2026,3500,4000,3750
Tamil Nadu,Thirunelveli,Palayamkottai(Uzhavar Sandhai ),Tomato,Deshi,Local,26/08/2026,2000,2500,2250
Tamil Nadu,Thirunelveli,Palayamkottai(Uzhavar Sandhai ),Cluster beans,Cluster Beans,Local,26/08/2026,1800,2000,1900
Tamil Nadu,Thirunelveli,Palayamkottai(Uzhavar Sandhai ),Bitter gourd,Bitter Gourd,Local,26/08/2026,4500,5500,5000
Tamil Nadu,Thirunelveli,Palayamkottai(Uzhavar Sandhai ),Banana - Green,Banana - Green,Local,26/08/2026,2500,3000,2750
Tamil Nadu,Thirunelveli,Palayamkottai(Uzhavar Sandhai ),Beans,Beans (Whole),Local,26/08/2026,8000,8600,8300
Tamil Nadu,Thirunelveli,Palayamkottai(Uzhavar Sandhai ),Ginger(Green),Green Ginger,Local,26/08/2026,16000,17000,16500
Tamil Nadu,Thirunelveli,Palayamkottai(Uzhavar Sandhai ),Sweet Potato,Hosur Red,Local,26/08/2026,5000,5500,5250
Tamil Nadu,Thirunelveli,Palayamkottai(Uzhavar Sandhai ),Raddish,Raddish,Local,26/08/2026,3000,3500,3250
Tamil Nadu,Thirunelveli,Palayamkottai(Uzhavar Sandhai ),Onion Green,Onion Green,Local,26/08/2026,6000,7200,6600
Tamil Nadu,Thirupur,Kangayam(Uzhavar Sandhai ),Onion,Bellary,Local,26/08/2026,3800,4200,4000
Tamil Nadu,Thirupur,Kangayam(Uzhavar Sandhai ),Ashgourd,Gouard,Local,26/08/2026,2000,2400,2200
Tamil Nadu,Thirupur,Kangayam(Uzhavar Sandhai ),Green Chilli,Green Chilly,Local,26/08/2026,6000,6500,6250
Tamil Nadu,Thirupur,Kangayam(Uzhavar Sandhai ),Raddish,Raddish,Local,26/08/2026,3000,3500,3250
Tamil Nadu,Thirupur,Kangayam(Uzhavar Sandhai ),Tender Coconut,Tender Coconut,Local,26/08/2026,2500,3000,2750
Tamil Nadu,Thirupur,Kangayam(Uzhavar Sandhai ),Mint(Pudina),Mint(Pudina),Local,26/08/2026,4400,4600,4500
Tamil Nadu,Thirupur,Tiruppur (North) (Uzhavar Sandhai ),Cauliflower,Ranchi,Local,26/08/2026,2500,3000,2750
Tamil Nadu,Thirupur,Tiruppur (North) (Uzhavar Sandhai ),Bitter gourd,Other,Local,26/08/2026,5000,5500,5250
Tamil Nadu,Thirupur,Tiruppur (North) (Uzhavar Sandhai ),Bhindi(Ladies Finger),Bhindi,Local,26/08/2026,5000,5500,5250
Tamil Nadu,Thirupur,Tiruppur (North) (Uzhavar Sandhai ),Snakeguard,Snakeguard,Local,26/08/2026,3500,4000,3750
Tamil Nadu,Thirupur,Tiruppur (North) (Uzhavar Sandhai ),Beetroot,Beetroot,Local,26/08/2026,5000,6000,5500
Tamil Nadu,Thirupur,Tiruppur (North) (Uzhavar Sandhai ),Ridgeguard(Tori),Ridgeguard(Tori),Local,26/08/2026,4500,5000,4750
Tamil Nadu,Thirupur,Tiruppur (North) (Uzhavar Sandhai ),Drumstick,Drumstick,Local,26/08/2026,2500,3000,2750
Tamil Nadu,Thiruvannamalai,Chengam(Uzhavar Sandhai ),Coriander(Leaves),I Sort,Local,26/08/2026,5000,6000,5500
Tamil Nadu,Thiruvannamalai,Chengam(Uzhavar Sandhai ),Papaya,Papaya,Local,26/08/2026,2500,3000,2750
Tamil Nadu,Thiruvannamalai,Chengam(Uzhavar Sandhai ),Bitter gourd,Bitter Gourd,Local,26/08/2026,5000,6000,5500
Tamil Nadu,Thiruvannamalai,Chengam(Uzhavar Sandhai ),Green Chilli,Green Chilly,Local,26/08/2026,5000,6000,5500
Tamil Nadu,Thiruvannamalai,Chengam(Uzhavar Sandhai ),Ginger(Green),Green Ginger,Local,26/08/2026,16000,20000,18000
Tamil Nadu,Thiruvannamalai,Chengam(Uzhavar Sandhai ),Cucumbar(Kheera),Cucumbar,Local,26/08/2026,5000,6000,5500
Tamil Nadu,Thiruvannamalai,Chengam(Uzhavar Sandhai ),Tamarind Fruit,Tamarind Fruit,Local,26/08/2026,8000,10000,9000
Tamil Nadu,Thiruvannamalai,Chengam(Uzhavar Sandhai ),Yam(Ratalu),Yam (Ratalu),Local,26/08/2026,5000,6000,5500
Tamil Nadu,Thiruvannamalai,Chengam(Uzhavar Sandhai ),Lemon,Lemon,Local,26/08/2026,8000,10000,9000
Tamil Nadu,Thiruvannamalai,Chengam(Uzhavar Sandhai ),Onion Green,Onion Green,Local,26/08/2026,7000,8000,7500
Tamil Nadu,Thiruvannamalai,Keelpennathur(Uzhavar Sandhai ),Tomato,Deshi,Local,26/08/2026,2500,2500,2500
Tamil Nadu,Thiruvannamalai,Keelpennathur(Uzhavar Sandhai ),Tender Coconut,Tender Coconut,Local,26/08/2026,5000,6000,5500
Tamil Nadu,Thiruvannamalai,Keelpennathur(Uzhavar Sandhai ),Lemon,Lemon,Local,26/08/2026,9000,10000,9500
Tamil Nadu,Thiruvannamalai,Tamarainagar(Uzhavar Sandhai ),Cluster beans,Cluster Beans,Local,26/08/2026,3000,3500,3250
Tamil Nadu,Thiruvannamalai,Tamarainagar(Uzhavar Sandhai ),Bitter gourd,Bitter Gourd,Local,26/08/2026,4500,5600,5050
Tamil Nadu,Thiruvannamalai,Tamarainagar(Uzhavar Sandhai ),Green Chilli,Green Chilly,Local,26/08/2026,5000,6000,5500
Tamil Nadu,Thiruvannamalai,Tamarainagar(Uzhavar Sandhai ),Snakeguard,Snakeguard,Local,26/08/2026,2500,3000,2750
Tamil Nadu,Thiruvannamalai,Tamarainagar(Uzhavar Sandhai ),Ridgeguard(Tori),Ridgeguard(Tori),Local,26/08/2026,4500,5600,5050
Tamil Nadu,Thiruvannamalai,Tamarainagar(Uzhavar Sandhai ),Drumstick,Drumstick,Local,26/08/2026,2500,3000,2750
Tamil Nadu,Thiruvannamalai,Tamarainagar(Uzhavar Sandhai ),Guava,Guava Allahabad,Local,26/08/2026,4000,5000,4500
Tamil Nadu,Thiruvannamalai,Tamarainagar(Uzhavar Sandhai ),Marigold(Calcutta),Marigold(Calcutta),Local,26/08/2026,25000,30000,27500
Tamil Nadu,Thiruvannamalai,Vandavasi(Uzhavar Sandhai ),Potato,Other,Local,26/08/2026,3500,4000,3750
Tamil Nadu,Thiruvannamalai,Vandavasi(Uzhavar Sandhai ),Coriander(Leaves),I Sort,Local,26/08/2026,4000,5000,4500
Tamil Nadu,Thiruvannamalai,Vandavasi(Uzhavar Sandhai ),Tomato,Other,Local,26/08/2026,1600,2000,1800
Tamil Nadu,Thiruvannamalai,Vandavasi(Uzhavar Sandhai ),Carrot,Pusakesar,Local,26/08/2026,6000,7200,6600
Tamil Nadu,Thiruvannamalai,Vandavasi(Uzhavar Sandhai ),Chow Chow,Chow Chow,Local,26/08/2026,2500,3000,2750
Tamil Nadu,Thiruvarur,Muthupettai(Uzhavar Sandhai ),Tomato,Deshi,Local,26/08/2026,2000,2000,2000
Tamil Nadu,Thiruvarur,Muthupettai(Uzhavar Sandhai ),Bottle gourd,Bottle Gourd,Local,26/08/2026,3000,3000,3000
Tamil Nadu,Thiruvarur,Muthupettai(Uzhavar Sandhai ),Amaranthus,Amaranthus,Local,26/08/2026,2000,2000,2000
Tamil Nadu,Thiruvarur,Muthupettai(Uzhavar Sandhai ),Snakeguard,Snakeguard,Local,26/08/2026,3400,3400,3400
Maharashtra,Sangli,"Sangli(Phale, Bhajipala Market) APMC",Papaya,Other,Local,26/08/2026,2000,2500,2250
Maharashtra,Sangli,"Sangli(Phale, Bhajipala Market) APMC",Potato,Local,Local,26/08/2026,800,1500,1150
Tamil Nadu,Coimbatore,Sulur(Uzhavar Sandhai ),Onion,Bellary,Local,26/08/2026,4800,5200,5000
Tamil Nadu,Coimbatore,Sulur(Uzhavar Sandhai ),Cauliflower,Ranchi,Local,26/08/2026,4400,4800,4600
Tamil Nadu,Coimbatore,Sulur(Uzhavar Sandhai ),Brinjal,Other,Local,26/08/2026,4000,4500,4250
Tamil Nadu,Coimbatore,Sulur(Uzhavar Sandhai ),Ashgourd,Gouard,Local,26/08/2026,1500,2000,1750
Tamil Nadu,Coimbatore,Sulur(Uzhavar Sandhai ),Bhindi(Ladies Finger),Bhindi,Local,26/08/2026,4400,4800,4600
Tamil Nadu,Coimbatore,Sulur(Uzhavar Sandhai ),Coconut,Coconut,Local,26/08/2026,5200,5800,5500
Tamil Nadu,Coimbatore,Sulur(Uzhavar Sandhai ),Ridgeguard(Tori),Ridgeguard(Tori),Local,26/08/2026,3500,4000,3750
Tamil Nadu,Coimbatore,Sulur(Uzhavar Sandhai ),Green Avare(W),Other,Local,26/08/2026,5000,5600,5300
Tamil Nadu,Coimbatore,Sulur(Uzhavar Sandhai ),Elephant Yam(Suran)/Amorphophallus,Elephant Yam (Suran),Local,26/08/2026,3500,4000,3750
Tamil Nadu,Coimbatore,Sulur(Uzhavar Sandhai ),Mint(Pudina),Mint(Pudina),Local,26/08/2026,4500,5000,4750
Tamil Nadu,Pudukkottai,Gandarvakottai(Uzhavar Sandhai ),Coriander(Leaves),I Sort,Local,26/08/2026,4500,5000,4750
Tamil Nadu,Pudukkottai,Gandarvakottai(Uzhavar Sandhai ),Papaya,Papaya,Local,26/08/2026,2500,3000,2750
Tamil Nadu,Cuddalore,Panruti(Uzhavar Sandhai ),Onion,Bellary,Local,26/08/2026,4500,5000,4750
Tamil Nadu,Cuddalore,Panruti(Uzhavar Sandhai ),Brinjal,Round,Local,26/08/2026,5000,5000,5000
Tamil Nadu,Cuddalore,Panruti(Uzhavar Sandhai ),Amaranthus,Amaranthus,Local,26/08/2026,2000,2000,2000
Tamil Nadu,Cuddalore,Panruti(Uzhavar Sandhai ),Banana - Green,Banana - Green,Local,26/08/2026,2500,2500,2500
Tamil Nadu,Cuddalore,Vadalur(Uzhavar Sandhai ),Potato,Other,Local,26/08/2026,3500,4000,3750
Tamil Nadu,Cuddalore,Vadalur(Uzhavar Sandhai ),Garlic,Garlic,Local,26/08/2026,18000,22000,20000
Tamil Nadu,Cuddalore,Vadalur(Uzhavar Sandhai ),Brinjal,Other,Local,26/08/2026,3000,3000,3000
Tamil Nadu,Cuddalore,Vadalur(Uzhavar Sandhai ),Thondekai,Thondekai,Local,26/08/2026,5000,5000,5000
Tamil Nadu,Cuddalore,Vadalur(Uzhavar Sandhai ),Green Avare(W),Other,Local,26/08/2026,6000,6000,6000
Tamil Nadu,Cuddalore,Vadalur(Uzhavar Sandhai ),Knool Khol,Knool Khol,Local,26/08/2026,5000,5000,5000
Tamil Nadu,Cuddalore,Vadalur(Uzhavar Sandhai ),Onion Green,Onion Green,Local,26/08/2026,7000,7000,7000
Tamil Nadu,Cuddalore,Vadalur(Uzhavar Sandhai ),Mint(Pudina),Mint(Pudina),Local,26/08/2026,4000,4000,4000
Tamil Nadu,Dharmapuri,AJattihalli(Uzhavar Sandhai ),Cauliflower,Ranchi,Local,26/08/2026,3500,3500,3500
Tamil Nadu,Dharmapuri,AJattihalli(Uzhavar Sandhai ),Green Chilli,Green Chilly,Local,26/08/2026,4200,4500,4350
Tamil Nadu,Dharmapuri,AJattihalli(Uzhavar Sandhai ),Carrot,Pusakesar,Local,26/08/2026,7200,7200,7200
Tamil Nadu,Dharmapuri,AJattihalli(Uzhavar Sandhai ),Raddish,Raddish,Local,26/08/2026,1500,1600,1550
Tamil Nadu,Dharmapuri,AJattihalli(Uzhavar Sandhai ),Elephant Yam(Suran)/Amorphophallus,Elephant Yam (Suran),Local,26/08/2026,6400,6400,6400
Tamil Nadu,Dharmapuri,AJattihalli(Uzhavar Sandhai ),Colacasia,Colacasia,Local,26/08/2026,6800,6800,6800
Tamil Nadu,Dharmapuri,AJattihalli(Uzhavar Sandhai ),Sweet Corn ,Sweet Corn ,Local,26/08/2026,3500,4000,3750
Tamil Nadu,Karur,Pallapatti (Uzhavar Sandhai ),Banana,Other,Local,26/08/2026,5500,6000,5750
Tamil Nadu,Karur,Pallapatti (Uzhavar Sandhai ),Bhindi(Ladies Finger),Bhindi,Local,26/08/2026,4500,5000,4750
Tamil Nadu,Karur,Pallapatti (Uzhavar Sandhai ),Raddish,Raddish,Local,26/08/2026,3500,4000,3750
Tamil Nadu,Karur,Pallapatti (Uzhavar Sandhai ),Drumstick,Drumstick,Local,26/08/2026,2200,2500,2350
Tamil Nadu,Karur,Velayuthampalayam(Uzhavar Sandhai ),Banana,Other,Local,26/08/2026,5200,6000,5600
Tamil Nadu,Karur,Velayuthampalayam(Uzhavar Sandhai ),Bottle gourd,Bottle Gourd,Local,26/08/2026,2400,3000,2700
Tamil Nadu,Karur,Velayuthampalayam(Uzhavar Sandhai ),Amaranthus,Amaranthus,Local,26/08/2026,2000,2500,2250
Tamil Nadu,Karur,Velayuthampalayam(Uzhavar Sandhai ),Mint(Pudina),Mint(Pudina),Local,26/08/2026,4500,5500,5000
Tamil Nadu,Karur,Vengamedu(Uzhavar Sandhai ),Cluster beans,Cluster Beans,Local,26/08/2026,3500,4000,3750
Tamil Nadu,Karur,Vengamedu(Uzhavar Sandhai ),Bitter gourd,Other,Local,26/08/2026,5500,6000,5750
Tamil Nadu,Karur,Vengamedu(Uzhavar Sandhai ),Bottle gourd,Bottle Gourd,Local,26/08/2026,2500,3000,2750
Tamil Nadu,Karur,Vengamedu(Uzhavar Sandhai ),Bhindi(Ladies Finger),Bhindi,Local,26/08/2026,4000,4500,4250
Tamil Nadu,Karur,Vengamedu(Uzhavar Sandhai ),Green Chilli,Green Chilly,Local,26/08/2026,3000,4000,3500
Tamil Nadu,Karur,Vengamedu(Uzhavar Sandhai ),Raddish,Raddish,Local,26/08/2026,2500,3000,2750
Tamil Nadu,Karur,Vengamedu(Uzhavar Sandhai ),Green Avare(W),Other,Local,26/08/2026,6000,7000,6500
Tamil Nadu,Karur,Vengamedu(Uzhavar Sandhai ),Lemon,Lemon,Local,26/08/2026,18500,19000,18750
Tamil Nadu,Theni,Devaram(Uzhavar Sandhai ),Banana,Besrai,Local,26/08/2026,6000,6000,6000
Tamil Nadu,Theni,Devaram(Uzhavar Sandhai ),Banana - Green,Banana - Green,Local,26/08/2026,3500,3500,3500
Tamil Nadu,Theni,Devaram(Uzhavar Sandhai ),Cabbage,Cabbage,Local,26/08/2026,3000,3000,3000
Tamil Nadu,Theni,Devaram(Uzhavar Sandhai ),Knool Khol,Knool Khol,Local,26/08/2026,3500,3500,3500
Tamil Nadu,Salem,Attayampatti(Uzhavar Sandhai ),Sweet Potato,Hosur Red,Local,26/08/2026,4000,4000,4000
Tamil Nadu,Salem,Attayampatti(Uzhavar Sandhai ),Snakeguard,Snakeguard,Local,26/08/2026,3400,3800,3600
Tamil Nadu,Salem,Attayampatti(Uzhavar Sandhai ),Raddish,Raddish,Local,26/08/2026,2600,2800,2700
Tamil Nadu,Salem,Attayampatti(Uzhavar Sandhai ),Drumstick,Drumstick,Local,26/08/2026,3000,3000,3000
Tamil Nadu,Salem,Attayampatti(Uzhavar Sandhai ),Onion Green,Onion Green,Local,26/08/2026,6000,6500,6250
Tamil Nadu,Salem,Attayampatti(Uzhavar Sandhai ),Mint(Pudina),Mint(Pudina),Local,26/08/2026,4000,4000,4000
Tamil Nadu,Sivaganga,Sivagangai (Uzhavar Sandhai ),Onion,Bellary,Local,26/08/2026,4200,6600,5400
Tamil Nadu,Sivaganga,Sivagangai (Uzhavar Sandhai ),Tomato,Deshi,Local,26/08/2026,2000,2200,2100
Tamil Nadu,Sivaganga,Sivagangai (Uzhavar Sandhai ),Bottle gourd,Bottle Gourd,Local,26/08/2026,2600,3200,2900
Tamil Nadu,Sivaganga,Sivagangai (Uzhavar Sandhai ),Bhindi(Ladies Finger),Bhindi,Local,26/08/2026,2800,3200,3000
Tamil Nadu,Sivaganga,Sivagangai (Uzhavar Sandhai ),Green Avare(W),Other,Local,26/08/2026,3800,4200,4000
Tamil Nadu,Sivaganga,Sivagangai (Uzhavar Sandhai ),Yam(Ratalu),Yam (Ratalu),Local,26/08/2026,8200,9200,8700
Tamil Nadu,Sivaganga,Sivagangai (Uzhavar Sandhai ),Lemon,Lemon,Local,26/08/2026,15500,17500,16500
Tamil Nadu,Sivaganga,Sivagangai (Uzhavar Sandhai ),Mint(Pudina),Mint(Pudina),Local,26/08/2026,4600,5200,4900
Tamil Nadu,Sivaganga,Devakottai (Uzhavar Sandhai ),Onion,Bellary,Local,26/08/2026,5500,5800,5650
Tamil Nadu,Sivaganga,Devakottai (Uzhavar Sandhai ),Brinjal,Other,Local,26/08/2026,4200,4400,4300
Tamil Nadu,Sivaganga,Devakottai (Uzhavar Sandhai ),Coriander(Leaves),I Sort,Local,26/08/2026,5000,5200,5100
Tamil Nadu,Sivaganga,Devakottai (Uzhavar Sandhai ),Chikoos(Sapota),Sapota,Local,26/08/2026,4400,6200,5300
Tamil Nadu,Sivaganga,Devakottai (Uzhavar Sandhai ),Ashgourd,Gouard,Local,26/08/2026,2200,2600,2400
Tamil Nadu,Sivaganga,Devakottai (Uzhavar Sandhai ),Bhindi(Ladies Finger),Bhindi,Local,26/08/2026,4000,4200,4100
Tamil Nadu,Sivaganga,Devakottai (Uzhavar Sandhai ),Carrot,Pusakesar,Local,26/08/2026,5200,7400,6300
Tamil Nadu,Sivaganga,Devakottai (Uzhavar Sandhai ),Raddish,Raddish,Local,26/08/2026,2500,3000,2750
Tamil Nadu,Sivaganga,Devakottai (Uzhavar Sandhai ),Green Avare(W),Other,Local,26/08/2026,5000,5500,5250
Tamil Nadu,Sivaganga,Devakottai (Uzhavar Sandhai ),Lemon,Lemon,Local,26/08/2026,15000,17000,16000
Tamil Nadu,Salem,Edapadi (Uzhavar Sandhai ),Potato,Other,Local,26/08/2026,4500,4800,4650
Tamil Nadu,Salem,Edapadi (Uzhavar Sandhai ),Brinjal,Other,Local,26/08/2026,3000,3500,3250
Tamil Nadu,Salem,Edapadi (Uzhavar Sandhai ),Papaya,Papaya,Local,26/08/2026,2800,3000,2900
Tamil Nadu,Salem,Edapadi (Uzhavar Sandhai ),Cluster beans,Cluster Beans,Local,26/08/2026,3000,3500,3250
Tamil Nadu,Salem,Edapadi (Uzhavar Sandhai ),Bitter gourd,Other,Local,26/08/2026,4500,5000,4750
Tamil Nadu,Salem,Edapadi (Uzhavar Sandhai ),Amaranthus,Amaranthus,Local,26/08/2026,2200,2600,2400
Tamil Nadu,Salem,Edapadi (Uzhavar Sandhai ),Ginger(Green),Green Ginger,Local,26/08/2026,17000,17500,17250
Tamil Nadu,Salem,Edapadi (Uzhavar Sandhai ),Carrot,Pusakesar,Local,26/08/2026,7500,8000,7750
Tamil Nadu,Salem,Edapadi (Uzhavar Sandhai ),Raddish,Raddish,Local,26/08/2026,2200,2500,2350
Tamil Nadu,Salem,Edapadi (Uzhavar Sandhai ),Chow Chow,Chow Chow,Local,26/08/2026,2500,3000,2750
Tamil Nadu,Salem,Edapadi (Uzhavar Sandhai ),Lemon,Lemon,Local,26/08/2026,12000,13000,12500
Tamil Nadu,Salem,Edapadi (Uzhavar Sandhai ),Amla(Nelli Kai),Amla,Local,26/08/2026,8500,9000,8750
Tamil Nadu,Salem,Edapadi (Uzhavar Sandhai ),Mint(Pudina),Mint(Pudina),Local,26/08/2026,2800,3000,2900
Tamil Nadu,Salem,Elampillai(Uzhavar Sandhai ),Banana,Red Banana,Local,26/08/2026,7500,8000,7750
Tamil Nadu,Salem,Elampillai(Uzhavar Sandhai ),Cauliflower,Ranchi,Local,26/08/2026,2500,3000,2750
Tamil Nadu,Salem,Elampillai(Uzhavar Sandhai ),Ashgourd,Gouard,Local,26/08/2026,2000,2400,2200
Tamil Nadu,Salem,Elampillai(Uzhavar Sandhai ),Beans,Beans (Whole),Local,26/08/2026,8000,8400,8200
Tamil Nadu,Salem,Elampillai(Uzhavar Sandhai ),Coconut,Coconut,Local,26/08/2026,6000,6500,6250
Tamil Nadu,Salem,Elampillai(Uzhavar Sandhai ),Capsicum,Capsicum,Local,26/08/2026,5500,6000,5750
Tamil Nadu,Salem,Elampillai(Uzhavar Sandhai ),Drumstick,Drumstick,Local,26/08/2026,2000,2500,2250
Tamil Nadu,Salem,Elampillai(Uzhavar Sandhai ),Mint(Pudina),Mint(Pudina),Local,26/08/2026,3000,3500,3250
Tamil Nadu,Salem,Hasthampatti(Uzhavar Sandhai ),Banana,Red Banana,Local,26/08/2026,7600,8000,7800
Tamil Nadu,Salem,Hasthampatti(Uzhavar Sandhai ),Papaya,Papaya,Local,26/08/2026,3000,3500,3250
Tamil Nadu,Salem,Hasthampatti(Uzhavar Sandhai ),Ashgourd,Gouard,Local,26/08/2026,2000,2200,2100
Tamil Nadu,Salem,Hasthampatti(Uzhavar Sandhai ),Green Chilli,Green Chilly,Local,26/08/2026,4600,5000,4800
Tamil Nadu,Salem,Hasthampatti(Uzhavar Sandhai ),Cowpea(Veg),Cowpea (Veg),Local,26/08/2026,4000,5000,4500
Tamil Nadu,Salem,Hasthampatti(Uzhavar Sandhai ),Coconut,Coconut,Local,26/08/2026,6000,6500,6250
Tamil Nadu,Salem,Hasthampatti(Uzhavar Sandhai ),Tamarind Fruit,Tamarind Fruit,Local,26/08/2026,15000,16000,15500
Tamil Nadu,Salem,Hasthampatti(Uzhavar Sandhai ),Lemon,Lemon,Local,26/08/2026,6000,8000,7000
Tamil Nadu,Salem,Jalagandapuram(Uzhavar Sandhai ),Banana - Green,Banana - Green,Local,26/08/2026,2500,3000,2750
Tamil Nadu,Salem,Jalagandapuram(Uzhavar Sandhai ),Carrot,Pusakesar,Local,26/08/2026,7000,8000,7500
Tamil Nadu,Salem,Jalagandapuram(Uzhavar Sandhai ),Ridgeguard(Tori),Ridgeguard(Tori),Local,26/08/2026,3000,4000,3500
Tamil Nadu,Salem,Jalagandapuram(Uzhavar Sandhai ),Capsicum,Capsicum,Local,26/08/2026,5500,6000,5750
Tamil Nadu,Salem,Jalagandapuram(Uzhavar Sandhai ),Green Avare(W),Green Avare (W),Local,26/08/2026,5000,5500,5250
Tamil Nadu,Sivaganga,Singampunari(Uzhavar Sandhai ),Onion,Bellary,Local,26/08/2026,3200,5600,4400
Tamil Nadu,Sivaganga,Singampunari(Uzhavar Sandhai ),Cauliflower,Ranchi,Local,26/08/2026,3600,4200,3900
Tamil Nadu,Sivaganga,Singampunari(Uzhavar Sandhai ),Bhindi(Ladies Finger),Bhindi,Local,26/08/2026,2800,3200,3000
Tamil Nadu,Sivaganga,Singampunari(Uzhavar Sandhai ),Lemon,Lemon,Local,26/08/2026,15000,17000,16000
Tamil Nadu,Sivaganga,Singampunari(Uzhavar Sandhai ),Onion Green,Onion Green,Local,26/08/2026,7200,7600,7400
Tamil Nadu,Sivaganga,Karaikudi(Uzhavar Sandhai ),Coriander(Leaves),I Sort,Local,26/08/2026,5000,5500,5250
Tamil Nadu,Sivaganga,Karaikudi(Uzhavar Sandhai ),Carrot,Pusakesar,Local,26/08/2026,5500,7500,6500
Tamil Nadu,Sivaganga,Karaikudi(Uzhavar Sandhai ),Beetroot,Beetroot,Local,26/08/2026,5500,6000,5750
Tamil Nadu,Sivaganga,Karaikudi(Uzhavar Sandhai ),Mango(Raw-Ripe),Mango - Raw-Ripe,Local,26/08/2026,5500,6000,5750
Tamil Nadu,Sivaganga,Karaikudi(Uzhavar Sandhai ),Mint(Pudina),Mint(Pudina),Local,26/08/2026,5000,6000,5500
Tamil Nadu,Sivaganga,Tirupatthur(Uzhavar Sandhai ),Bitter gourd,Other,Local,26/08/2026,7000,7500,7250
Tamil Nadu,Sivaganga,Tirupatthur(Uzhavar Sandhai ),Snakeguard,Snakeguard,Local,26/08/2026,3500,4000,3750
Tamil Nadu,Sivaganga,Tirupatthur(Uzhavar Sandhai ),Chow Chow,Chow Chow,Local,26/08/2026,3000,3500,3250
Tamil Nadu,Sivaganga,Tirupatthur(Uzhavar Sandhai ),Mango(Raw-Ripe),Mango - Raw-Ripe,Local,26/08/2026,5500,6000,5750
Tamil Nadu,Sivaganga,Tirupatthur(Uzhavar Sandhai ),Knool Khol,Knool Khol,Local,26/08/2026,5400,6500,5950
Tamil Nadu,Thanjavur,Pattukottai(Uzhavar Sandhai ),Garlic,Garlic,Local,26/08/2026,16000,16000,16000
Tamil Nadu,Thanjavur,Pattukottai(Uzhavar Sandhai ),Bottle gourd,Bottle Gourd,Local,26/08/2026,2600,2600,2600
Tamil Nadu,Thanjavur,Pattukottai(Uzhavar Sandhai ),Bhindi(Ladies Finger),Bhindi,Local,26/08/2026,4400,4400,4400
Tamil Nadu,Thanjavur,Pattukottai(Uzhavar Sandhai ),Beans,Beans (Whole),Local,26/08/2026,8600,8600,8600
Tamil Nadu,Thanjavur,Pattukottai(Uzhavar Sandhai ),Coconut,Coconut,Local,26/08/2026,5000,5000,5000
Tamil Nadu,Thanjavur,Pattukottai(Uzhavar Sandhai ),Raddish,Raddish,Local,26/08/2026,4400,4400,4400
Tamil Nadu,Thanjavur,Pattukottai(Uzhavar Sandhai ),Jack Fruit(Ripe),Jack Fruit,Local,26/08/2026,3000,3000,3000
Tamil Nadu,Thanjavur,Thanjavur(Uzhavar Sandhai ),Potato,Red Nanital,Local,26/08/2026,3000,3000,3000
Tamil Nadu,Thanjavur,Thanjavur(Uzhavar Sandhai ),Pumpkin,Pumpkin,Local,26/08/2026,2000,2000,2000
Tamil Nadu,Thanjavur,Thanjavur(Uzhavar Sandhai ),Bhindi(Ladies Finger),Bhindi,Local,26/08/2026,4000,4000,4000
Tamil Nadu,Thanjavur,Thanjavur(Uzhavar Sandhai ),Amaranthus,Amaranthus,Local,26/08/2026,2000,2000,2000
Tamil Nadu,Thanjavur,Thanjavur(Uzhavar Sandhai ),Green Chilli,Green Chilly,Local,26/08/2026,5400,5400,5400
Tamil Nadu,Thanjavur,Thanjavur(Uzhavar Sandhai ),Banana - Green,Banana - Green,Local,26/08/2026,4000,4000,4000
Tamil Nadu,Thanjavur,Thanjavur(Uzhavar Sandhai ),Mango(Raw-Ripe),Mango - Raw-Ripe,Local,26/08/2026,6600,6600,6600
Tamil Nadu,Thanjavur,Thanjavur(Uzhavar Sandhai ),Onion Green,Onion Green,Local,26/08/2026,7000,7600,7300
Tamil Nadu,Thiruchirappalli,KKNagar(Uzhavar Sandhai ),Groundnut,Big (With Shell),Local,26/08/2026,8000,8000,8000
Tamil Nadu,Thiruchirappalli,KKNagar(Uzhavar Sandhai ),Grapes,Annabesahai,Local,26/08/2026,13000,13000,13000
Tamil Nadu,Thiruchirappalli,KKNagar(Uzhavar Sandhai ),Onion,Bellary,Local,26/08/2026,5000,6400,5700
Tamil Nadu,Thiruchirappalli,KKNagar(Uzhavar Sandhai ),Brinjal,Other,Local,26/08/2026,3600,4000,3800
Tamil Nadu,Thiruchirappalli,KKNagar(Uzhavar Sandhai ),Ashgourd,Gouard,Local,26/08/2026,2200,2200,2200
Tamil Nadu,Thiruchirappalli,KKNagar(Uzhavar Sandhai ),Bhindi(Ladies Finger),Bhindi,Local,26/08/2026,4600,4600,4600
Tamil Nadu,Thiruchirappalli,KKNagar(Uzhavar Sandhai ),Ginger(Green),Green Ginger,Local,26/08/2026,18600,18600,18600
Tamil Nadu,Thiruchirappalli,KKNagar(Uzhavar Sandhai ),Cucumbar(Kheera),Cucumbar,Local,26/08/2026,4800,4800,4800
Tamil Nadu,Thiruchirappalli,KKNagar(Uzhavar Sandhai ),Ridgeguard(Tori),Ridgeguard(Tori),Local,26/08/2026,4600,5000,4800
Tamil Nadu,Thiruchirappalli,KKNagar(Uzhavar Sandhai ),Raddish,Raddish,Local,26/08/2026,3600,3600,3600
Tamil Nadu,Thiruchirappalli,KKNagar(Uzhavar Sandhai ),Green Avare(W),Other,Local,26/08/2026,4000,4000,4000
Tamil Nadu,Thiruchirappalli,KKNagar(Uzhavar Sandhai ),Chow Chow,Chow Chow,Local,26/08/2026,4000,4000,4000
Tamil Nadu,Thiruchirappalli,KKNagar(Uzhavar Sandhai ),Drumstick,Drumstick,Local,26/08/2026,3000,3000,3000
Tamil Nadu,Thiruchirappalli,KKNagar(Uzhavar Sandhai ),Mango(Raw-Ripe),Mango - Raw-Ripe,Local,26/08/2026,8000,8000,8000
Tamil Nadu,Thiruchirappalli,KKNagar(Uzhavar Sandhai ),Lime,Lime,Local,26/08/2026,5000,5000,5000
Tamil Nadu,Thiruchirappalli,KKNagar(Uzhavar Sandhai ),Guava,Guava Allahabad,Local,26/08/2026,8000,8000,8000
Tamil Nadu,Thiruchirappalli,KKNagar(Uzhavar Sandhai ),Elephant Yam(Suran)/Amorphophallus,Elephant Yam (Suran),Local,26/08/2026,5800,5800,5800
Tamil Nadu,Thiruchirappalli,KKNagar(Uzhavar Sandhai ),Indian Beans(Seam),Indian Beans (Seam),Local,26/08/2026,7000,7000,7000
Tamil Nadu,Thiruchirappalli,KKNagar(Uzhavar Sandhai ),Mashrooms,Mashrooms,Local,26/08/2026,22000,22000,22000
Tamil Nadu,Thiruchirappalli,KKNagar(Uzhavar Sandhai ),Sweet Corn ,Sweet Corn ,Local,26/08/2026,3000,3000,3000
Tamil Nadu,Thiruchirappalli,Lalgudi(Uzhavar Sandhai ),Mango,Safeda,Local,26/08/2026,6000,6000,6000
Tamil Nadu,Thiruchirappalli,Lalgudi(Uzhavar Sandhai ),Potato,Red Nanital,Local,26/08/2026,3000,3400,3200
Tamil Nadu,Thiruchirappalli,Lalgudi(Uzhavar Sandhai ),Coriander(Leaves),I Sort,Local,26/08/2026,3000,3000,3000
Tamil Nadu,Thiruchirappalli,Lalgudi(Uzhavar Sandhai ),Tomato,Deshi,Local,26/08/2026,2400,2400,2400
Tamil Nadu,Thiruchirappalli,Lalgudi(Uzhavar Sandhai ),Cluster beans,Cluster Beans,Local,26/08/2026,4000,4000,4000
Tamil Nadu,Thiruchirappalli,Lalgudi(Uzhavar Sandhai ),Cucumbar(Kheera),Cucumbar,Local,26/08/2026,5000,5000,5000
Tamil Nadu,Thiruchirappalli,Lalgudi(Uzhavar Sandhai ),Thondekai,Thondekai,Local,26/08/2026,4000,4000,4000
Tamil Nadu,Thiruchirappalli,Lalgudi(Uzhavar Sandhai ),Elephant Yam(Suran)/Amorphophallus,Elephant Yam (Suran),Local,26/08/2026,5000,5000,5000
Tamil Nadu,Thiruchirappalli,Lalgudi(Uzhavar Sandhai ),Colacasia,Colacasia,Local,26/08/2026,4000,4000,4000
Tamil Nadu,Thiruchirappalli,Lalgudi(Uzhavar Sandhai ),Onion Green,Onion Green,Local,26/08/2026,7400,7400,7400
Tamil Nadu,Thiruchirappalli,Manachanallur(Uzhavar Sandhai ),Papaya,Papaya,Local,26/08/2026,3000,4000,3500
Tamil Nadu,Thiruchirappalli,Manachanallur(Uzhavar Sandhai ),Ashgourd,Gouard,Local,26/08/2026,1600,2000,1800
Tamil Nadu,Thiruchirappalli,Manapparai(Uzhavar Sandhai ),Coriander(Leaves),I Sort,Local,26/08/2026,3000,3000,3000
Tamil Nadu,Thiruchirappalli,Manapparai(Uzhavar Sandhai ),Ginger(Green),Green Ginger,Local,26/08/2026,20000,20000,20000
Tamil Nadu,Thiruchirappalli,Manapparai(Uzhavar Sandhai ),Raddish,Raddish,Local,26/08/2026,3500,3500,3500
Tamil Nadu,Thiruchirappalli,Manapparai(Uzhavar Sandhai ),Drumstick,Drumstick,Local,26/08/2026,3500,3500,3500
Tamil Nadu,Thiruchirappalli,Manapparai(Uzhavar Sandhai ),Onion Green,Onion Green,Local,26/08/2026,7000,8000,7500
Tamil Nadu,Thiruchirappalli,Musiri(Uzhavar Sandhai ),Papaya,Papaya,Local,26/08/2026,3500,4000,3750
Tamil Nadu,Thiruchirappalli,Musiri(Uzhavar Sandhai ),Tomato,Deshi,Local,26/08/2026,2000,2200,2100
Tamil Nadu,Thiruchirappalli,Musiri(Uzhavar Sandhai ),Bitter gourd,Bitter Gourd,Local,26/08/2026,5000,5600,5300
Tamil Nadu,Thiruchirappalli,Musiri(Uzhavar Sandhai ),Tapioca,Tapioca,Local,26/08/2026,3000,3600,3300
Tamil Nadu,Thiruchirappalli,Musiri(Uzhavar Sandhai ),Coconut,Coconut,Local,26/08/2026,6000,6500,6250
Tamil Nadu,Thiruchirappalli,Musiri(Uzhavar Sandhai ),Betal Leaves,Mysore,Local,26/08/2026,7000,8000,7500
Tamil Nadu,Thiruchirappalli,Musiri(Uzhavar Sandhai ),Cabbage,Cabbage,Local,26/08/2026,2500,3000,2750
Tamil Nadu,Thiruchirappalli,Musiri(Uzhavar Sandhai ),Chow Chow,Chow Chow,Local,26/08/2026,3500,4000,3750
Tamil Nadu,Thiruchirappalli,Musiri(Uzhavar Sandhai ),Guava,Guava Allahabad,Local,26/08/2026,4500,5000,4750
Tamil Nadu,Thiruchirappalli,Musiri(Uzhavar Sandhai ),Tender Coconut,Tender Coconut,Local,26/08/2026,3500,4000,3750
Tamil Nadu,Thiruchirappalli,Musiri(Uzhavar Sandhai ),Elephant Yam(Suran)/Amorphophallus,Elephant Yam (Suran),Local,26/08/2026,3500,4000,3750
Tamil Nadu,Thiruchirappalli,Musiri(Uzhavar Sandhai ),Yam(Ratalu),Yam (Ratalu),Local,26/08/2026,7000,7600,7300
Tamil Nadu,Thiruchirappalli,Musiri(Uzhavar Sandhai ),Lemon,Lemon,Local,26/08/2026,13000,14000,13500
Tamil Nadu,Thiruchirappalli,Musiri(Uzhavar Sandhai ),Onion Green,Onion Green,Local,26/08/2026,7000,8000,7500
Tamil Nadu,Thiruchirappalli,Thiruverumbur(Uzhavar Sandhai ),Banana,Karpura,Local,26/08/2026,5000,5000,5000
Tamil Nadu,Thiruchirappalli,Thiruverumbur(Uzhavar Sandhai ),Coriander(Leaves),I Sort,Local,26/08/2026,2800,2800,2800
Tamil Nadu,Thiruchirappalli,Thiruverumbur(Uzhavar Sandhai ),Bottle gourd,Bottle Gourd,Local,26/08/2026,3000,3000,3000
Tamil Nadu,Thiruchirappalli,Thiruverumbur(Uzhavar Sandhai ),Pumpkin,Pumpkin,Local,26/08/2026,2000,2000,2000
Tamil Nadu,Thiruchirappalli,Thiruverumbur(Uzhavar Sandhai ),Cowpea(Veg),Cowpea (Veg),Local,26/08/2026,4000,4000,4000
Tamil Nadu,Thiruchirappalli,Thiruverumbur(Uzhavar Sandhai ),Carrot,Pusakesar,Local,26/08/2026,7400,7400,7400
Tamil Nadu,Thiruchirappalli,Thiruverumbur(Uzhavar Sandhai ),Ridgeguard(Tori),Ridgeguard(Tori),Local,26/08/2026,5400,5400,5400
Tamil Nadu,Thiruchirappalli,Thiruverumbur(Uzhavar Sandhai ),Thondekai,Thondekai,Local,26/08/2026,4000,4000,4000
Tamil Nadu,Thiruchirappalli,Thiruverumbur(Uzhavar Sandhai ),Capsicum,Capsicum,Local,26/08/2026,5000,5000,5000
Tamil Nadu,Virudhunagar,Rajapalayam(Uzhavar Sandhai ),Onion,Bellary,Local,26/08/2026,5000,5500,5250
Tamil Nadu,Virudhunagar,Rajapalayam(Uzhavar Sandhai ),Cauliflower,Ranchi,Local,26/08/2026,2500,3000,2750
Tamil Nadu,Virudhunagar,Rajapalayam(Uzhavar Sandhai ),Tomato,Deshi,Local,26/08/2026,1000,1600,1300
Tamil Nadu,Virudhunagar,Rajapalayam(Uzhavar Sandhai ),Ashgourd,Gouard,Local,26/08/2026,2000,2500,2250
Tamil Nadu,Virudhunagar,Rajapalayam(Uzhavar Sandhai ),Banana - Green,Banana - Green,Local,26/08/2026,3000,3600,3300
Tamil Nadu,Virudhunagar,Rajapalayam(Uzhavar Sandhai ),Ginger(Green),Green Ginger,Local,26/08/2026,18000,19000,18500
Tamil Nadu,Virudhunagar,Rajapalayam(Uzhavar Sandhai ),Ridgeguard(Tori),Ridgeguard(Tori),Local,26/08/2026,3500,4000,3750
Tamil Nadu,Virudhunagar,Rajapalayam(Uzhavar Sandhai ),Green Avare(W),Green Avare (W),Local,26/08/2026,3500,4000,3750
Tamil Nadu,Virudhunagar,Rajapalayam(Uzhavar Sandhai ),Guava,Guava Allahabad,Local,26/08/2026,3500,4000,3750
Tamil Nadu,Virudhunagar,Rajapalayam(Uzhavar Sandhai ),Onion Green,Onion Green,Local,26/08/2026,6000,7000,6500
Punjab,Mohali,Kharar APMC,Green Chilli,Green Chilly,Local,26/08/2026,2500,5000,3000
Madhya Pradesh,Badwani,Sendhwa APMC,Wheat,Wheat,FAQ,26/08/2026,2100,2100,2100
Tamil Nadu,Virudhunagar,Sathur(Uzhavar Sandhai ),Pumpkin,Pumpkin,Local,26/08/2026,2000,2500,2250
Tamil Nadu,Virudhunagar,Sathur(Uzhavar Sandhai ),Green Chilli,Green Chilly,Local,26/08/2026,4500,5000,4750
Tamil Nadu,Virudhunagar,Sathur(Uzhavar Sandhai ),Cabbage,Cabbage,Local,26/08/2026,3500,4000,3750
Tamil Nadu,Virudhunagar,Sathur(Uzhavar Sandhai ),Guava,Guava Allahabad,Local,26/08/2026,4500,5000,4750
Tamil Nadu,Virudhunagar,Sivakasi(Uzhavar Sandhai ),Brinjal,Round,Local,26/08/2026,3500,4000,3750
Tamil Nadu,Virudhunagar,Sivakasi(Uzhavar Sandhai ),Banana - Green,Banana - Green,Local,26/08/2026,3500,4000,3750
Tamil Nadu,Virudhunagar,Sivakasi(Uzhavar Sandhai ),Carrot,Pusakesar,Local,26/08/2026,3500,4000,3750
Tamil Nadu,Virudhunagar,Sivakasi(Uzhavar Sandhai ),Cabbage,Cabbage,Local,26/08/2026,3500,4000,3750
Tamil Nadu,Virudhunagar,Sivakasi(Uzhavar Sandhai ),Raddish,Raddish,Local,26/08/2026,3000,3500,3250
Tamil Nadu,Virudhunagar,Thalavaipuram(Uzhavar Sandhai ),Cauliflower,Ranchi,Local,26/08/2026,2500,3000,2750
Tamil Nadu,Virudhunagar,Thalavaipuram(Uzhavar Sandhai ),Bottle gourd,Bottle Gourd,Local,26/08/2026,1600,2000,1800
Tamil Nadu,Virudhunagar,Thalavaipuram(Uzhavar Sandhai ),Green Avare(W),Green Avare (W),Local,26/08/2026,3200,4000,3600
Tamil Nadu,Virudhunagar,Thalavaipuram(Uzhavar Sandhai ),Elephant Yam(Suran)/Amorphophallus,Elephant Yam (Suran),Local,26/08/2026,4000,5000,4500
Tamil Nadu,Virudhunagar,Thalavaipuram(Uzhavar Sandhai ),Yam(Ratalu),Yam (Ratalu),Local,26/08/2026,8000,10000,9000
Tamil Nadu,Chengalpattu,Madhuranthagam(Uzhavar Sandhai ),Garlic,Garlic,Local,26/08/2026,16000,16000,16000
Tamil Nadu,Chengalpattu,Madhuranthagam(Uzhavar Sandhai ),Tomato,Deshi,Local,26/08/2026,2000,2000,2000
Tamil Nadu,Chengalpattu,Madhuranthagam(Uzhavar Sandhai ),Green Chilli,Green Chilly,Local,26/08/2026,5000,5000,5000
Tamil Nadu,Chengalpattu,Madhuranthagam(Uzhavar Sandhai ),Snakeguard,Snakeguard,Local,26/08/2026,4000,4000,4000
Tamil Nadu,Chengalpattu,Madhuranthagam(Uzhavar Sandhai ),Green Avare(W),Green Avare (W),Local,26/08/2026,6000,6000,6000
Tamil Nadu,Chengalpattu,Madhuranthagam(Uzhavar Sandhai ),Tender Coconut,Tender Coconut,Local,26/08/2026,3000,4000,3500
Tamil Nadu,Chengalpattu,Medavakkam(Uzhavar Sandhai ),Mango,Safeda,Local,26/08/2026,8000,8000,8000
Tamil Nadu,Chengalpattu,Medavakkam(Uzhavar Sandhai ),Brinjal,Round,Local,26/08/2026,4000,4000,4000
Tamil Nadu,Chengalpattu,Medavakkam(Uzhavar Sandhai ),Banana - Green,Banana - Green,Local,26/08/2026,3500,4000,3750
Tamil Nadu,Chengalpattu,Medavakkam(Uzhavar Sandhai ),Coconut,Coconut,Local,26/08/2026,5000,5000,5000
Tamil Nadu,Chengalpattu,Nanganallur(Uzhavar Sandhai ),Onion,Bellary,Local,26/08/2026,5500,6000,5750
Tamil Nadu,Chengalpattu,Nanganallur(Uzhavar Sandhai ),Garlic,Garlic,Local,26/08/2026,18000,20000,19000
Tamil Nadu,Chengalpattu,Nanganallur(Uzhavar Sandhai ),Papaya,Papaya,Local,26/08/2026,5000,6000,5500
Tamil Nadu,Chengalpattu,Nanganallur(Uzhavar Sandhai ),Water Melon,Water Melon,Local,26/08/2026,2000,2500,2250
Tamil Nadu,Chengalpattu,Nanganallur(Uzhavar Sandhai ),Amaranthus,Amaranthus,Local,26/08/2026,2000,2500,2250
Tamil Nadu,Chengalpattu,Nanganallur(Uzhavar Sandhai ),Cabbage,Cabbage,Local,26/08/2026,4500,5000,4750
Tamil Nadu,Chengalpattu,Nanganallur(Uzhavar Sandhai ),Drumstick,Drumstick,Local,26/08/2026,5500,6000,5750
Tamil Nadu,Chengalpattu,Nanganallur(Uzhavar Sandhai ),Mango(Raw-Ripe),Mango - Raw-Ripe,Local,26/08/2026,6000,7000,6500
Tamil Nadu,Chengalpattu,Nanganallur(Uzhavar Sandhai ),Knool Khol,Knool Khol,Local,26/08/2026,4500,5000,4750
Tamil Nadu,Chengalpattu,Nanganallur(Uzhavar Sandhai ),Pomegranate,Pomogranate,Local,26/08/2026,13000,14000,13500
Tamil Nadu,Chengalpattu,Nanganallur(Uzhavar Sandhai ),Elephant Yam(Suran)/Amorphophallus,Elephant Yam (Suran),Local,26/08/2026,6500,7000,6750
Tamil Nadu,Chengalpattu,Pallavaram(Uzhavar Sandhai ),Green Peas,Green Peas,Local,26/08/2026,13000,14000,13500
Tamil Nadu,Chengalpattu,Pallavaram(Uzhavar Sandhai ),Amaranthus,Amaranthus,Local,26/08/2026,2500,3000,2750
Tamil Nadu,Chengalpattu,Pallavaram(Uzhavar Sandhai ),Cowpea(Veg),Cowpea (Veg),Local,26/08/2026,5000,6000,5500
Tamil Nadu,Chengalpattu,Pallavaram(Uzhavar Sandhai ),Thondekai,Thondekai,Local,26/08/2026,6000,7000,6500
Tamil Nadu,Chengalpattu,Pallavaram(Uzhavar Sandhai ),Green Avare(W),Other,Local,26/08/2026,6000,7000,6500
Tamil Nadu,Chengalpattu,Pallavaram(Uzhavar Sandhai ),Mango(Raw-Ripe),Mango - Raw-Ripe,Local,26/08/2026,7000,8000,7500
Tamil Nadu,Chengalpattu,Pallavaram(Uzhavar Sandhai ),Sweet Corn ,Sweet Corn ,Local,26/08/2026,4000,5000,4500
Tamil Nadu,Nagercoil (Kannyiakumari),Myladi(Uzhavar Sandhai ),Green Chilli,Green Chilly,Local,26/08/2026,6500,7000,6750
Tamil Nadu,Nagercoil (Kannyiakumari),Myladi(Uzhavar Sandhai ),Ginger(Green),Green Ginger,Local,26/08/2026,23000,24000,23500
Tamil Nadu,Chengalpattu,Jameenrayapettai(Uzhavar Sandhai ),Garlic,Garlic,Local,26/08/2026,22000,30000,26000
Tamil Nadu,Chengalpattu,Jameenrayapettai(Uzhavar Sandhai ),Papaya,Papaya,Local,26/08/2026,4000,5000,4500
Tamil Nadu,Chengalpattu,Jameenrayapettai(Uzhavar Sandhai ),Bottle gourd,Bottle Gourd,Local,26/08/2026,3500,4000,3750
Tamil Nadu,Chengalpattu,Jameenrayapettai(Uzhavar Sandhai ),Tapioca,Tapioca,Local,26/08/2026,3500,4000,3750
Tamil Nadu,Chengalpattu,Jameenrayapettai(Uzhavar Sandhai ),Sweet Potato,Hosur Red,Local,26/08/2026,6000,7000,6500
Tamil Nadu,Chengalpattu,Jameenrayapettai(Uzhavar Sandhai ),Pomegranate,Pomogranate,Local,26/08/2026,14000,15000,14500
Tamil Nadu,Chengalpattu,Jameenrayapettai(Uzhavar Sandhai ),Marigold(Calcutta),Marigold(Calcutta),Local,26/08/2026,16000,18000,17000
Tamil Nadu,Chengalpattu,Jameenrayapettai(Uzhavar Sandhai ),Colacasia,Colacasia,Local,26/08/2026,5000,6000,5500
Tamil Nadu,Chengalpattu,Jameenrayapettai(Uzhavar Sandhai ),Mint(Pudina),Mint(Pudina),Local,26/08/2026,3500,4000,3750
Tamil Nadu,Chengalpattu,Jameenrayapettai(Uzhavar Sandhai ),Sweet Corn ,Sweet Corn ,Local,26/08/2026,4000,4500,4250
Tamil Nadu,Villupuram,Tindivanam APMC,Sweet Corn ,Sweet Corn ,Local,26/08/2026,3800,3800,3800
Tamil Nadu,Villupuram,Tindivanam APMC,Potato,Red Nanital,Local,26/08/2026,3800,3800,3800
Tamil Nadu,Villupuram,Tindivanam APMC,Papaya,Papaya,Local,26/08/2026,4000,4000,4000
Tamil Nadu,Villupuram,Tindivanam APMC,Tomato,Deshi,Local,26/08/2026,1600,1600,1600
Tamil Nadu,Villupuram,Tindivanam APMC,Bitter gourd,Bitter Gourd,Local,26/08/2026,5000,5000,5000
Tamil Nadu,Villupuram,Tindivanam APMC,Pumpkin,Pumpkin,Local,26/08/2026,2000,2000,2000
Tamil Nadu,Villupuram,Tindivanam APMC,Banana - Green,Banana - Green,Local,26/08/2026,5000,5000,5000
Tamil Nadu,Villupuram,Tindivanam APMC,Tapioca,Tapioca,Local,26/08/2026,4500,4500,4500
Tamil Nadu,Villupuram,Tindivanam APMC,Cucumbar(Kheera),Cucumbar,Local,26/08/2026,4500,4500,4500
Tamil Nadu,Villupuram,Tindivanam APMC,Ridgeguard(Tori),Ridgeguard(Tori),Local,26/08/2026,5000,5000,5000
Tamil Nadu,Villupuram,Tindivanam APMC,Capsicum,Capsicum,Local,26/08/2026,6000,6000,6000
Tamil Nadu,Villupuram,Tindivanam APMC,Mango(Raw-Ripe),Mango - Raw-Ripe,Local,26/08/2026,6000,6000,6000
Tamil Nadu,Villupuram,Tindivanam APMC,Yam(Ratalu),Yam (Ratalu),Local,26/08/2026,6000,6000,6000
Tamil Nadu,Villupuram,Tindivanam APMC,Lemon,Lemon,Local,26/08/2026,10000,10000,10000
Tamil Nadu,Villupuram,Tindivanam APMC,Colacasia,Colacasia,Local,26/08/2026,5800,5800,5800
Tamil Nadu,Villupuram,Ulundurpettai APMC,Bhindi(Ladies Finger),Bhindi,Local,26/08/2026,3000,3000,3000
Tamil Nadu,Villupuram,Ulundurpettai APMC,Green Avare(W),Green Avare (W),Local,26/08/2026,8000,8000,8000
Maharashtra,Chattrapati Sambhajinagar,Chattrapati Sambhajinagar APMC,Pomegranate,Other,Local,26/08/2026,1200,14000,7600
Maharashtra,Chattrapati Sambhajinagar,Chattrapati Sambhajinagar APMC,Apple,Other,Local,26/08/2026,11000,18000,14500
Maharashtra,Chattrapati Sambhajinagar,Chattrapati Sambhajinagar APMC,Carrot,Other,Local,26/08/2026,1200,2000,1600
Maharashtra,Chattrapati Sambhajinagar,Chattrapati Sambhajinagar APMC,Cabbage,Other,Local,26/08/2026,900,1200,1050
Maharashtra,Chattrapati Sambhajinagar,Chattrapati Sambhajinagar APMC,Brinjal,Other,Local,26/08/2026,1000,1800,1400
Maharashtra,Jalgaon,Bhusaval APMC,Methi(Leaves),Other,Local,26/08/2026,1200,2000,1500
Maharashtra,Jalgaon,Bhusaval APMC,Chilly Capsicum,Other,Local,26/08/2026,3000,3000,3000
Maharashtra,Jalgaon,Bhusaval APMC,Tomato,Other,Local,26/08/2026,1000,1500,1200
Maharashtra,Mumbai,Mumbai APMC,Wheat,Other,FAQ,26/08/2026,2900,4600,3750
Maharashtra,Mumbai,Mumbai APMC,Lentil(Masur)(Whole),Other,FAQ,26/08/2026,7000,7300,7200
Maharashtra,Mumbai,Mumbai APMC,Red gram split/Arhar dal/Tur dal,Other,Local,26/08/2026,9500,14000,13200
Maharashtra,Mumbai,Mumbai APMC,Beetroot,Other,Local,26/08/2026,1600,2400,2000
Maharashtra,Mumbai,Mumbai APMC,Beans,Other,Local,26/08/2026,3000,4000,3500
Maharashtra,Mumbai,Mumbai APMC,Raddish,Other,Local,26/08/2026,3000,4000,3500
Maharashtra,Mumbai,Mumbai APMC,Spinach,Other,Local,26/08/2026,500,800,650
Maharashtra,Mumbai,Mumbai APMC,Pointed gourd(Parval),Other,Local,26/08/2026,4000,5000,4500
Maharashtra,Mumbai,Mumbai APMC,Ridgeguard(Tori),Other,Local,26/08/2026,2600,3600,3100
Maharashtra,Mumbai,Mumbai APMC,Elephant Yam(Suran)/Amorphophallus,Other,Local,26/08/2026,2400,2800,2600
Maharashtra,Mumbai,Mumbai APMC,Tomato,Other,Local,26/08/2026,1400,2000,1700
Maharashtra,Pune,Khed(Chakan) APMC,Ginger(Green),Other,Local,26/08/2026,5000,10000,7500
Maharashtra,Pune,Khed(Chakan) APMC,Bottle gourd,Other,Local,26/08/2026,1000,3000,2000
Maharashtra,Pune,Khed(Chakan) APMC,Cabbage,Other,Local,26/08/2026,600,1300,1000
Maharashtra,Pune,Khed(Chakan) APMC,Green Chilli,Other,Local,26/08/2026,1500,3500,2500
Maharashtra,Ratnagiri,Ratnagiri (Nachane) APMC,Ginger(Green),Other,Local,26/08/2026,10000,15000,13000
Maharashtra,Ratnagiri,Ratnagiri (Nachane) APMC,Bhindi(Ladies Finger),Other,Local,26/08/2026,2000,3000,2500
Maharashtra,Ratnagiri,Ratnagiri (Nachane) APMC,French Beans(Frasbean),Other,Local,26/08/2026,3500,6500,5000
Maharashtra,Ratnagiri,Ratnagiri (Nachane) APMC,Cabbage,Other,Local,26/08/2026,1000,1500,1200
Maharashtra,Pune,Pune(Khadiki) APMC,Bhindi(Ladies Finger),Other,Local,26/08/2026,1600,2000,1800
Maharashtra,Pune,Pune(Khadiki) APMC,Cauliflower,Other,Local,26/08/2026,700,1100,900
Maharashtra,Pune,Pune(Khadiki) APMC,Onion,Local,Local,26/08/2026,700,1400,1050
Maharashtra,Pune,Pune(Khadiki) APMC,Cabbage,Other,Local,26/08/2026,700,1200,950
Maharashtra,Pune,Pune(Khadiki) APMC,Ridgeguard(Tori),Other,Local,26/08/2026,1400,1700,1550
Maharashtra,Pune,Pune APMC,Bajra(Pearl Millet/Cumbu),Other,FAQ,26/08/2026,3400,3800,3600
Maharashtra,Pune,Pune APMC,Jowar(Sorghum),Other,FAQ,26/08/2026,6200,6700,6450
Maharashtra,Pune,Pune APMC,Ragi(Finger Millet),Other,FAQ,26/08/2026,5300,5600,5450
Maharashtra,Pune,Pune APMC,Rice,Other,Local,26/08/2026,4600,7500,6050
Maharashtra,Pune,Pune APMC,Black Gram(Urd Beans)(Whole),Other,FAQ,26/08/2026,9300,10000,9650
Uttar Pradesh,Agra,Achnera APMC,Onion,Other,FAQ,26/08/2026,4000,4000,4000
Maharashtra,Solapur,Mangal Wedha APMC,Brinjal,Other,Local,26/08/2026,500,4000,2800
Maharashtra,Palghar,APMC VASAI,Rice,1009 Kar,Local,26/08/2026,3450,4690,4250
Uttar Pradesh,Fatehpur,Fatehpur APMC,Onion,Other,FAQ,26/08/2026,3000,3000,3000
Uttar Pradesh,Fatehpur,Fatehpur APMC,Potato,Other,FAQ,26/08/2026,700,715,706.72
Madhya Pradesh,Vidisha,Shamshabad APMC,Wheat,Mill Quality,FAQ,26/08/2026,2410,2475,2475
Gujarat,Navsari,Navsari APMC,Bhindi(Ladies Finger),Bhindi,Local,26/08/2026,1500,2000,1750
Gujarat,Navsari,Navsari APMC,Cabbage,Cabbage,Local,26/08/2026,1500,2000,1750
Gujarat,Navsari,Navsari APMC,Cowpea(Veg),Cowpea (Veg),Local,26/08/2026,5500,6000,5750
Gujarat,Navsari,Navsari APMC,Carrot,Carrot,Local,26/08/2026,2500,3000,2750
Gujarat,Navsari,Navsari APMC,Papaya,Papaya,Grade A,26/08/2026,2500,4000,3250
Madhya Pradesh,Rewa,Chaakghat APMC,Wheat,Mill Quality,FAQ,26/08/2026,2450,2450,2450
Gujarat,Gandhinagar,"Kalol(Veg,Market,Kalol) APMC",Lemon,Other,Local,26/08/2026,3000,4500,3500
Gujarat,Gandhinagar,"Kalol(Veg,Market,Kalol) APMC",Cauliflower,Cauliflower,Local,26/08/2026,1750,2900,2000
Gujarat,Anand,"Anand(Veg,Yard,Anand) APMC",Ginger(Green),Green Ginger,Grade B,26/08/2026,10000,12500,11250
Gujarat,Anand,"Anand(Veg,Yard,Anand) APMC",Bottle gourd,Bottle Gourd,Grade B,26/08/2026,500,1000,750
Gujarat,Anand,"Anand(Veg,Yard,Anand) APMC",Brinjal,Brinjal,Grade B,26/08/2026,3000,4000,3500
Gujarat,Gandhinagar,Mansa(Manas Veg Yard) APMC,Ridgeguard(Tori),Other,Local,26/08/2026,3000,3000,3000
Gujarat,Gandhinagar,Mansa(Manas Veg Yard) APMC,Tomato,Tomato,Local,26/08/2026,1800,2000,1800
West Bengal,Medinipur(W),Medinipur(West) APMC,Tomato,Tomato,FAQ,26/08/2026,3000,3200,3100
West Bengal,Medinipur(W),Medinipur(West) APMC,Ridgeguard(Tori),Ridgeguard(Tori),FAQ,26/08/2026,4000,4300,4200
Gujarat,Mehsana,Mehsana(Mehsana Veg) APMC,Bhindi(Ladies Finger),Bhindi,Local,26/08/2026,1500,3000,2000
Gujarat,Mehsana,Mehsana(Mehsana Veg) APMC,Green Chilli,Green Chilly,Local,26/08/2026,1000,2800,2000
Gujarat,Mehsana,Mehsana(Mehsana Veg) APMC,Tomato,Tomato,Local,26/08/2026,50,70,60
Gujarat,Banaskanth,Deesa(Deesa Veg Yard) APMC,Brinjal,Other,FAQ,26/08/2026,1500,5000,3250
Gujarat,Banaskanth,Deesa(Deesa Veg Yard) APMC,Cabbage,Other,FAQ,26/08/2026,1500,2500,2000
Gujarat,Banaskanth,Deesa(Deesa Veg Yard) APMC,Apple,Other,Medium,26/08/2026,7000,15000,11000
Gujarat,Banaskanth,Deesa(Deesa Veg Yard) APMC,Coriander(Leaves),Other,FAQ,26/08/2026,1000,3000,2000
Gujarat,Banaskanth,Deesa(Deesa Veg Yard) APMC,"Spiny Gourd / Kartali(Kantola)
",Other,FAQ,26/08/2026,6000,9000,7500
Gujarat,Banaskanth,Deesa(Deesa Veg Yard) APMC,Mousambi(Sweet Lime),Other,Medium,26/08/2026,3000,5000,4000
Gujarat,Rajkot,Rajkot APMC,Jowar(Sorghum),Jowar (Yellow),FAQ,26/08/2026,2155,3000,2525
Gujarat,Rajkot,Rajkot APMC,Bajra(Pearl Millet/Cumbu),Deshi,FAQ,26/08/2026,1720,2350,1910
Gujarat,Rajkot,Rajkot APMC,Groundnut,Bold,FAQ,26/08/2026,6850,7730,7245
Gujarat,Jamnagar,Jamnagar APMC,Onion,Other,Local,26/08/2026,625,3150,2050
Gujarat,Jamnagar,Jamnagar APMC,Garlic,Other,Local,26/08/2026,4000,11500,8125
Gujarat,Junagarh,Visavadar APMC,Kulthi(Horse Gram),Other,FAQ,26/08/2026,5700,6170,5935
Gujarat,Junagarh,Visavadar APMC,Black Gram(Urd Beans)(Whole),Other,FAQ,26/08/2026,6125,8155,7140
Gujarat,Junagarh,Visavadar APMC,"Sesamum(Sesame,Gingelly,Til)",White,FAQ,26/08/2026,9350,11780,10565
Gujarat,Junagarh,Visavadar APMC,Methi Seeds,Methiseeds,FAQ,26/08/2026,4250,4730,4490
Gujarat,Rajkot,Dhoraji APMC,"Sesamum(Sesame,Gingelly,Til)",Black,Non-FAQ,26/08/2026,9005,16455,15480
Gujarat,Botad,Botad APMC,Red gram/Arhar/Tur(whole),Other,Local,26/08/2026,6275,6900,6640
Gujarat,Botad,Botad APMC,Methi Seeds,Other,Local,26/08/2026,5375,5875,5675
Gujarat,Botad,Botad APMC,Soanf,Other,Local,26/08/2026,8500,9400,9000
Gujarat,Amreli,Babra APMC,Wheat,Medium,FAQ,26/08/2026,2300,2685,2485
Gujarat,Jamnagar,Jam Jodhpur APMC,Kabuli Chana(Chickpeas-White),Kabuli Chana(Chickpeas-white),Local,26/08/2026,5500,7500,6500
Gujarat,Amreli,Damnagar APMC,Green Chilli,Green Chilly,Local,26/08/2026,6500,6500,6500
Gujarat,Amreli,Damnagar APMC,Guar,Gwar,Local,26/08/2026,4500,4500,4500
Gujarat,Jamnagar,Dhrol APMC,Green Gram(Moong)(Whole),Other,Local,26/08/2026,5200,7350,6275
Gujarat,Jamnagar,Dhrol APMC,Groundnut,Other,Local,26/08/2026,5050,6550,5800
Gujarat,Jamnagar,Dhrol APMC,Wheat,Other,Local,26/08/2026,2050,2660,2355
Gujarat,Rajkot,Gondal(Veg.market Gondal) APMC,Bitter gourd,Bitter Gourd,Local,26/08/2026,1000,2200,1600
Gujarat,Morbi,APMC HALVAD,Cummin Seed(Jeera),Cummin Seed(Jeera),Local,26/08/2026,17000,19550,18950
Gujarat,Botad,Botad(Haddad) APMC,Cotton,Cotton (Unginned),Local,26/08/2026,8210,10000,9155
Tamil Nadu,Madurai,Chokkikulam(Uzhavar Sandhai ),Soyabean,Local,Local,26/08/2026,10000,11000,10500
Tamil Nadu,Madurai,Chokkikulam(Uzhavar Sandhai ),Orange,Darjeeling,Local,26/08/2026,14000,16000,15000
Tamil Nadu,Madurai,Chokkikulam(Uzhavar Sandhai ),Onion,Bellary,Local,26/08/2026,4000,6400,5200
Tamil Nadu,Madurai,Chokkikulam(Uzhavar Sandhai ),Garlic,Garlic,Local,26/08/2026,14000,27000,20500
Tamil Nadu,Madurai,Chokkikulam(Uzhavar Sandhai ),Cauliflower,Ranchi,Local,26/08/2026,3000,4000,3500
Tamil Nadu,Madurai,Chokkikulam(Uzhavar Sandhai ),Coriander(Leaves),I Sort,Local,26/08/2026,4000,4500,4250
Tamil Nadu,Madurai,Chokkikulam(Uzhavar Sandhai ),Bitter gourd,Bitter Gourd,Local,26/08/2026,6000,7000,6500
Tamil Nadu,Madurai,Chokkikulam(Uzhavar Sandhai ),Amaranthus,Amaranthus,Local,26/08/2026,3000,3600,3300
Tamil Nadu,Madurai,Chokkikulam(Uzhavar Sandhai ),Banana - Green,Banana - Green,Local,26/08/2026,2000,2400,2200
Tamil Nadu,Madurai,Chokkikulam(Uzhavar Sandhai ),Coconut,Coconut,Local,26/08/2026,6500,6800,6650
Tamil Nadu,Madurai,Chokkikulam(Uzhavar Sandhai ),Raddish,Raddish,Local,26/08/2026,3600,4000,3800
Tamil Nadu,Madurai,Chokkikulam(Uzhavar Sandhai ),Amla(Nelli Kai),Amla,Local,26/08/2026,7000,8000,7500
Gujarat,Surat,Surat APMC,Mango(Raw-Ripe),Other,FAQ,26/08/2026,8000,9000,8500
Gujarat,Surat,Surat APMC,Brinjal,Brinjal,FAQ,26/08/2026,1500,3500,2500
Gujarat,Surat,Surat APMC,Banana - Green,Other,FAQ,26/08/2026,800,1600,1200
Gujarat,Surat,Surat APMC,Cabbage,Cabbage,FAQ,26/08/2026,800,2300,1550
Gujarat,Surat,Surat APMC,French Beans(Frasbean),Other,FAQ,26/08/2026,3500,4500,4000
Gujarat,Surat,Surat APMC,Beetroot,Other,FAQ,26/08/2026,1500,2000,1750
Gujarat,Surat,Surat APMC,Cauliflower,Cauliflower,FAQ,26/08/2026,1000,3000,2000
Gujarat,Surat,Surat APMC,Groundnut pods(raw),Other,FAQ,26/08/2026,3500,4500,4000
Gujarat,Surat,Surat APMC,Onion,Other,FAQ,26/08/2026,1500,4800,3150
Gujarat,Surat,Surat APMC,Pea Pod/Pea Cod/à¤¹à¤°à¥€ à¤®à¤Ÿà¤°,Other,FAQ,26/08/2026,6000,9000,7500
Gujarat,Surat,Surat APMC,Ridgeguard(Tori),Other,FAQ,26/08/2026,2000,4700,3350
Gujarat,Surat,Surat APMC,Surat Beans(Papadi),Other,FAQ,26/08/2026,4000,10000,7000
Uttar Pradesh,Saharanpur,Saharanpur APMC,Wood,Other,FAQ,26/08/2026,2759.05,2759.05,2759.05
Andhra Pradesh,Palnadu,Krosuru APMC,Cotton,Bramha,FAQ,26/08/2026,8000,8600,8300
Telangana,Warangal,Warangal APMC,Guava,Guava,Large,26/08/2026,10000,10000,10000
Telangana,Warangal,Warangal APMC,Grapes,Black,Large,26/08/2026,6000,6000,6000
Telangana,Warangal,Warangal APMC,Mousambi(Sweet Lime),Mousambi,Small,26/08/2026,1000,2000,1200
Telangana,Warangal,Warangal APMC,Beetroot,Beetroot,FAQ,26/08/2026,2500,3000,2750
Telangana,Warangal,Warangal APMC,Bhindi(Ladies Finger),Bhindi,FAQ,26/08/2026,600,800,700
Telangana,Warangal,Warangal APMC,Bitter gourd,Bitter Gourd,FAQ,26/08/2026,2500,3000,2750
Telangana,Warangal,Warangal APMC,Cabbage,Cabbage,FAQ,26/08/2026,1600,2000,1800
Telangana,Warangal,Warangal APMC,Potato,Potato,FAQ,26/08/2026,1500,2000,1750
Telangana,Warangal,Warangal APMC,Brinjal,Brinjal,FAQ,26/08/2026,1600,2000,1800
Telangana,Warangal,Warangal APMC,Carrot,Carrot,FAQ,26/08/2026,3500,4000,3750
Telangana,Warangal,Warangal APMC,French Beans(Frasbean),French Beans (Frasbean),FAQ,26/08/2026,8500,9000,8750
Himachal Pradesh,Sirmore,PMY Paonta Sahib,Bhindi(Ladies Finger),Bhindi,FAQ,26/08/2026,1800,2000,1900
Himachal Pradesh,Sirmore,PMY Paonta Sahib,Guava,Other,Grade C,26/08/2026,2000,4000,3000
Himachal Pradesh,Sirmore,PMY Paonta Sahib,Pomegranate,Other,Grade A,26/08/2026,8000,14000,12000
Himachal Pradesh,Sirmore,PMY Paonta Sahib,Capsicum,Capsicum,Grade A,26/08/2026,6000,7000,6500
Andhra Pradesh,Prakasam,Addanki APMC,Bengal Gram(Gram)(Whole),Gulabi,FAQ,26/08/2026,5900,5950,5930
Assam,Nagaon,Haibargaon APMC,Bitter gourd,Bitter Gourd,FAQ,26/08/2026,2000,2200,2100
Gujarat,Patan,Sami APMC,Castor Seed,Castor seed,Local,26/08/2026,7050,7150,7100
Gujarat,Patan,Sami APMC,Bengal Gram(Gram)(Whole),Average (Whole),Local,26/08/2026,5000,5450,5375
Uttar Pradesh,Kanpur,Kanpur(Grain) APMC,Tomato,Other,FAQ,26/08/2026,2100,2100,2100
Uttar Pradesh,Sambhal,Muradabad APMC,Fish,Other,FAQ,26/08/2026,5000,5000,5000
Uttar Pradesh,Shahjahanpur,Shahjahanpur APMC,Wheat,Dara,FAQ,26/08/2026,2475,2475,2475
Uttar Pradesh,Sitapur,Sitapur APMC,Tomato,Other,FAQ,26/08/2026,1500,1500,1500
Uttar Pradesh,Varanasi,Varanasi APMC,Tomato,Other,FAQ,26/08/2026,1500,1500,1500
Uttar Pradesh,Varanasi,Varanasi APMC,Green Gram(Moong)(Whole),Other,FAQ,26/08/2026,9121.26,9121.26,9121.26
Uttar Pradesh,Varanasi,Varanasi APMC,Garlic,Other,FAQ,26/08/2026,7000,7000,7000
Uttar Pradesh,Varanasi,Varanasi APMC,Bengal Gram Dal(Chana Dal),Other,FAQ,26/08/2026,8615.3,8615.3,8615.3
Gujarat,Banaskanth,Vadgam APMC,Wheat,Other,Local,26/08/2026,2500,2500,2500
Uttarakhand,Haridwar,Roorkee APMC,Bhindi(Ladies Finger),Other,Local,26/08/2026,1000,1500,1300
Uttarakhand,Haridwar,Roorkee APMC,Banana,Other,Medium,26/08/2026,800,1200,1000
Assam,Darrang,Balugaon APMC,Brinjal,Brinjal,Local,26/08/2026,2600,3000,2800
Assam,Darrang,Balugaon APMC,Cabbage,Cabbage,Local,26/08/2026,1400,1600,1500
Assam,Darrang,Balugaon APMC,Ginger(Green),Green Ginger,Local,26/08/2026,9000,10000,9500
Assam,Darrang,Balugaon APMC,Green Chilli,Green Chilly,Local,26/08/2026,4800,5400,5100
Assam,Darrang,Balugaon APMC,Tomato,Tomato,Local,26/08/2026,1800,2200,2000
Assam,Darrang,Balugaon APMC,Bitter gourd,Bitter Gourd,Local,26/08/2026,2300,2700,2500
Assam,Darrang,Balugaon APMC,Bhindi(Ladies Finger),Bhindi,Local,26/08/2026,1500,1700,1600
Assam,Darrang,Balugaon APMC,Bottle gourd,Bottle Gourd,Local,26/08/2026,1200,1400,1300
Assam,Darrang,Besimari APMC,Bitter gourd,Bitter Gourd,Local,26/08/2026,2400,2800,2600
Assam,Darrang,Besimari APMC,Brinjal,Brinjal,Local,26/08/2026,2600,3000,2800
Assam,Darrang,Besimari APMC,Green Chilli,Green Chilly,Local,26/08/2026,4500,5200,4800
Tamil Nadu,Erode,Thalavadi(Uzhavar Sandhai ),Banana,Red Banana,Local,26/08/2026,5500,6000,5750
Tamil Nadu,Erode,Thalavadi(Uzhavar Sandhai ),Bitter gourd,Other,Local,26/08/2026,5000,5400,5200
Tamil Nadu,Erode,Thalavadi(Uzhavar Sandhai ),Bottle gourd,Bottle Gourd,Local,26/08/2026,2200,2600,2400
Tamil Nadu,Erode,Thalavadi(Uzhavar Sandhai ),Tapioca,Tapioca,Local,26/08/2026,2500,3000,2750
Tamil Nadu,Erode,Thalavadi(Uzhavar Sandhai ),Coconut,Coconut,Local,26/08/2026,4600,5000,4800
Tamil Nadu,Erode,Thalavadi(Uzhavar Sandhai ),Cabbage,Cabbage,Local,26/08/2026,1600,2000,1800
Tamil Nadu,Erode,Thalavadi(Uzhavar Sandhai ),Snakeguard,Snakeguard,Local,26/08/2026,4400,4800,4600
Tamil Nadu,Erode,Thalavadi(Uzhavar Sandhai ),Chow Chow,Chow Chow,Local,26/08/2026,2600,3000,2800
Tamil Nadu,Erode,Thalavadi(Uzhavar Sandhai ),Guava,Guava Allahabad,Local,26/08/2026,5000,5500,5250
Tamil Nadu,Cuddalore,Viruthachalam(Uzhavar Sandhai ),Onion,Bellary,Local,26/08/2026,5000,5000,5000
Tamil Nadu,Cuddalore,Viruthachalam(Uzhavar Sandhai ),Tomato,Deshi,Local,26/08/2026,2500,2500,2500
Tamil Nadu,Cuddalore,Viruthachalam(Uzhavar Sandhai ),Banana - Green,Banana - Green,Local,26/08/2026,2500,3000,2750
Tamil Nadu,Cuddalore,Viruthachalam(Uzhavar Sandhai ),Ridgeguard(Tori),Ridgeguard(Tori),Local,26/08/2026,6000,6000,6000
Tamil Nadu,Cuddalore,Viruthachalam(Uzhavar Sandhai ),Green Avare(W),Green Avare (W),Local,26/08/2026,6000,10000,8000
Keralam,Alappuzha,Madhavapuram Market,Banana,Robusta,Grade A,26/08/2026,2800,3200,3000
Tamil Nadu,Krishnagiri,Krishnagiri(Uzhavar Sandhai ),Banana,Red Banana,Local,26/08/2026,7500,8000,7750
Tamil Nadu,Krishnagiri,Krishnagiri(Uzhavar Sandhai ),Potato,Red Nanital,Local,26/08/2026,2200,2600,2400
Tamil Nadu,Krishnagiri,Krishnagiri(Uzhavar Sandhai ),Brinjal,Round,Local,26/08/2026,2000,2400,2200
Tamil Nadu,Krishnagiri,Krishnagiri(Uzhavar Sandhai ),Papaya,Papaya,Local,26/08/2026,2600,3000,2800
Tamil Nadu,Krishnagiri,Krishnagiri(Uzhavar Sandhai ),Cluster beans,Cluster Beans,Local,26/08/2026,2500,3000,2750
Tamil Nadu,Krishnagiri,Krishnagiri(Uzhavar Sandhai ),Bitter gourd,Bitter Gourd,Local,26/08/2026,3200,3600,3400
Tamil Nadu,Krishnagiri,Krishnagiri(Uzhavar Sandhai ),Pumpkin,Pumpkin,Local,26/08/2026,1600,2000,1800
Tamil Nadu,Krishnagiri,Krishnagiri(Uzhavar Sandhai ),Ginger(Green),Green Ginger,Local,26/08/2026,16000,18000,17000
Tamil Nadu,Krishnagiri,Krishnagiri(Uzhavar Sandhai ),Coconut,Coconut,Local,26/08/2026,5000,5500,5250
Tamil Nadu,Krishnagiri,Krishnagiri(Uzhavar Sandhai ),Sweet Potato,Hosur Red,Local,26/08/2026,2400,2800,2600
Tamil Nadu,Krishnagiri,Krishnagiri(Uzhavar Sandhai ),Raddish,Raddish,Local,26/08/2026,1000,1400,1200
Tamil Nadu,Krishnagiri,Krishnagiri(Uzhavar Sandhai ),Capsicum,Capsicum,Local,26/08/2026,5000,6000,5500
Tamil Nadu,Krishnagiri,Krishnagiri(Uzhavar Sandhai ),Green Avare(W),Green Avare (W),Local,26/08/2026,3000,3500,3250
Tamil Nadu,Krishnagiri,Krishnagiri(Uzhavar Sandhai ),Chow Chow,Chow Chow,Local,26/08/2026,3500,4000,3750
Tamil Nadu,Krishnagiri,Krishnagiri(Uzhavar Sandhai ),Drumstick,Drumstick,Local,26/08/2026,3000,3500,3250
Tamil Nadu,Nagapattinam,Nagapattinam(Uzhavar Sandhai ),Garlic,Garlic,Local,26/08/2026,17700,20000,18850
Tamil Nadu,Nagapattinam,Nagapattinam(Uzhavar Sandhai ),Brinjal,Round,Local,26/08/2026,4700,5500,5100
Tamil Nadu,Nagapattinam,Nagapattinam(Uzhavar Sandhai ),Bhindi(Ladies Finger),Bhindi,Local,26/08/2026,4900,5500,5200
Tamil Nadu,Nagapattinam,Nagapattinam(Uzhavar Sandhai ),Amaranthus,Amaranthus,Local,26/08/2026,1500,2000,1750
Tamil Nadu,Nagapattinam,Nagapattinam(Uzhavar Sandhai ),Green Chilli,Green Chilly,Local,26/08/2026,3800,3800,3800
Tamil Nadu,Nagapattinam,Nagapattinam(Uzhavar Sandhai ),Banana - Green,Banana - Green,Local,26/08/2026,2500,3000,2750
Tamil Nadu,Nagapattinam,Nagapattinam(Uzhavar Sandhai ),Coconut,Coconut,Local,26/08/2026,4500,5200,4850
Tamil Nadu,Nagapattinam,Nagapattinam(Uzhavar Sandhai ),Cabbage,Cabbage,Local,26/08/2026,3700,4200,3950
Tamil Nadu,Nagapattinam,Nagapattinam(Uzhavar Sandhai ),Drumstick,Drumstick,Local,26/08/2026,4200,4200,4200
Tamil Nadu,Nagapattinam,Nagapattinam(Uzhavar Sandhai ),Onion Green,Onion Green,Local,26/08/2026,6000,7000,6500
Uttar Pradesh,Balrampur,Utraula APMC,Wheat,Dara,FAQ,26/08/2026,2405,2405,2405
Assam,Kamrup,Fancy Bazaar APMC,Lentil(Masur)(Whole),Other,FAQ,26/08/2026,8500,9000,8700
Assam,Kamrup,Fancy Bazaar APMC,Red gram split/Arhar dal/Tur dal,Arhar Dal(Tur),FAQ,26/08/2026,10800,13000,11800
Assam,Kamrup,Fancy Bazaar APMC,Green Gram Dal(Moong Dal),Green,FAQ,26/08/2026,6750,8080,7460
Tamil Nadu,Tenkasi,Sankarankoil(Uzhavar Sandhai ),Bottle gourd,Bottle Gourd,Local,26/08/2026,1200,1500,1350
Tamil Nadu,Tenkasi,Sankarankoil(Uzhavar Sandhai ),Banana - Green,Banana - Green,Local,26/08/2026,3500,4000,3750
Tamil Nadu,Tenkasi,Sankarankoil(Uzhavar Sandhai ),Coconut,Coconut,Local,26/08/2026,5500,6000,5750
Tamil Nadu,Tenkasi,Sankarankoil(Uzhavar Sandhai ),Mint(Pudina),Mint(Pudina),Local,26/08/2026,6000,6000,6000
Tamil Nadu,Pudukkottai,Pudukottai(Uzhavar Sandhai ),Groundnut,Big (With Shell),Local,26/08/2026,6500,7000,6750
Tamil Nadu,Pudukkottai,Pudukottai(Uzhavar Sandhai ),Onion,Bellary,Local,26/08/2026,6500,7000,6750
Tamil Nadu,Pudukkottai,Pudukottai(Uzhavar Sandhai ),Coriander(Leaves),I Sort,Local,26/08/2026,4500,5000,4750
Tamil Nadu,Pudukkottai,Pudukottai(Uzhavar Sandhai ),Bitter gourd,Other,Local,26/08/2026,8000,9000,8500
Tamil Nadu,Pudukkottai,Pudukottai(Uzhavar Sandhai ),Amaranthus,Amaranthus,Local,26/08/2026,1500,2000,1750
Tamil Nadu,Pudukkottai,Pudukottai(Uzhavar Sandhai ),Ginger(Green),Green Ginger,Local,26/08/2026,25000,28000,26500
Tamil Nadu,Pudukkottai,Pudukottai(Uzhavar Sandhai ),Cabbage,Cabbage,Local,26/08/2026,3000,3500,3250
Tamil Nadu,Pudukkottai,Pudukottai(Uzhavar Sandhai ),Snakeguard,Snakeguard,Local,26/08/2026,3500,4000,3750
Tamil Nadu,Pudukkottai,Pudukottai(Uzhavar Sandhai ),Ridgeguard(Tori),Ridgeguard(Tori),Local,26/08/2026,6000,7000,6500
Tamil Nadu,Pudukkottai,Pudukottai(Uzhavar Sandhai ),Green Avare(W),Other,Local,26/08/2026,5000,6000,5500
Tamil Nadu,Pudukkottai,Pudukottai(Uzhavar Sandhai ),Drumstick,Drumstick,Local,26/08/2026,5000,6000,5500
Tamil Nadu,Pudukkottai,Pudukottai(Uzhavar Sandhai ),Jamun(Narale Hannu),Jamun,Local,26/08/2026,15000,16000,15500
Tamil Nadu,Pudukkottai,Pudukottai(Uzhavar Sandhai ),Guava,Guava Allahabad,Local,26/08/2026,7000,8000,7500
Tamil Nadu,Pudukkottai,Pudukottai(Uzhavar Sandhai ),Tender Coconut,Tender Coconut,Local,26/08/2026,5000,6000,5500
Tamil Nadu,Thanjavur,Kumbakonam (Uzhavar Sandhai ),Garlic,Garlic,Local,26/08/2026,20000,20000,20000
Tamil Nadu,Thanjavur,Kumbakonam (Uzhavar Sandhai ),Brinjal,Round,Local,26/08/2026,4800,7200,6000
Tamil Nadu,Thanjavur,Kumbakonam (Uzhavar Sandhai ),Ridgeguard(Tori),Ridgeguard(Tori),Local,26/08/2026,7200,7200,7200
Tamil Nadu,Thanjavur,Kumbakonam (Uzhavar Sandhai ),Green Avare(W),Green Avare (W),Local,26/08/2026,6000,8400,7200
Tamil Nadu,Thanjavur,Kumbakonam (Uzhavar Sandhai ),Lime,Lime,Local,26/08/2026,4000,4000,4000
Tamil Nadu,Thanjavur,Kumbakonam (Uzhavar Sandhai ),Guava,Guava Allahabad,Local,26/08/2026,8000,8000,8000
Tamil Nadu,The Nilgiris,Udhagamandalam(Uzhavar Sandhai ),Green Peas,Green Peas,Local,26/08/2026,10000,13000,11500
Tamil Nadu,The Nilgiris,Udhagamandalam(Uzhavar Sandhai ),Tomato,Deshi,Local,26/08/2026,2000,2300,2150
Tamil Nadu,The Nilgiris,Udhagamandalam(Uzhavar Sandhai ),Cluster beans,Cluster Beans,Local,26/08/2026,4000,4500,4250
Tamil Nadu,The Nilgiris,Udhagamandalam(Uzhavar Sandhai ),Banana - Green,Banana - Green,Local,26/08/2026,4000,4500,4250
Tamil Nadu,The Nilgiris,Udhagamandalam(Uzhavar Sandhai ),Coconut,Coconut,Local,26/08/2026,6000,6500,6250
Tamil Nadu,The Nilgiris,Udhagamandalam(Uzhavar Sandhai ),Cabbage,Cabbage,Local,26/08/2026,2000,2500,2250
Tamil Nadu,The Nilgiris,Udhagamandalam(Uzhavar Sandhai ),Raddish,Raddish,Local,26/08/2026,2500,3000,2750
Tamil Nadu,The Nilgiris,Udhagamandalam(Uzhavar Sandhai ),Mango(Raw-Ripe),Mango - Raw-Ripe,Local,26/08/2026,10000,12000,11000
Tamil Nadu,The Nilgiris,Udhagamandalam(Uzhavar Sandhai ),Turnip,Turnip,Local,26/08/2026,3500,4000,3750
Tamil Nadu,Theni,Andipatti(Uzhavar Sandhai ),Brinjal,Round,Local,26/08/2026,3000,3400,3200
Tamil Nadu,Theni,Andipatti(Uzhavar Sandhai ),Beans,Beans (Whole),Local,26/08/2026,9000,10000,9500
Tamil Nadu,Theni,Andipatti(Uzhavar Sandhai ),Carrot,Pusakesar,Local,26/08/2026,5500,5800,5650
Tamil Nadu,Theni,Andipatti(Uzhavar Sandhai ),Snakeguard,Snakeguard,Local,26/08/2026,3500,4000,3750
Tamil Nadu,Theni,Andipatti(Uzhavar Sandhai ),Drumstick,Drumstick,Local,26/08/2026,2000,2500,2250
Tamil Nadu,Theni,Andipatti(Uzhavar Sandhai ),Lime,Lime,Local,26/08/2026,10000,12000,11000
Assam,Hailakandi,Harbartganj Daily Market APMC,Garlic,Garlic,FAQ,26/08/2026,14000,18000,16000
Gujarat,Navsari,Bilimora APMC,Cauliflower,Other,FAQ,26/08/2026,1500,3000,2500
Gujarat,Navsari,Bilimora APMC,Cabbage,Other,FAQ,26/08/2026,1000,1500,1200
Gujarat,Navsari,Bilimora APMC,Long Melon(Kakri),Other,FAQ,26/08/2026,1500,2000,1800
Gujarat,Gandhinagar,Mansa APMC,Wheat,Local,Local,26/08/2026,2555,3005,2750
Tamil Nadu,Theni,Bodinayakanur(Uzhavar Sandhai ),Coriander(Leaves),I Sort,Local,26/08/2026,3000,3000,3000
Tamil Nadu,Theni,Bodinayakanur(Uzhavar Sandhai ),Bottle gourd,Bottle Gourd,Local,26/08/2026,2000,2000,2000
Tamil Nadu,Theni,Bodinayakanur(Uzhavar Sandhai ),Amaranthus,Amaranthus,Local,26/08/2026,2500,2500,2500
Tamil Nadu,Theni,Bodinayakanur(Uzhavar Sandhai ),Banana - Green,Banana - Green,Local,26/08/2026,3600,3600,3600
Tamil Nadu,Theni,Bodinayakanur(Uzhavar Sandhai ),Mint(Pudina),Mint(Pudina),Local,26/08/2026,5000,5000,5000
West Bengal,Bankura,Bishnupur(Bankura) APMC,Rice,Common,FAQ,26/08/2026,3600,3800,3700
West Bengal,Bankura,Bishnupur(Bankura) APMC,Wheat,Sonalika,FAQ,26/08/2026,2600,2800,2700
West Bengal,Bankura,Bishnupur(Bankura) APMC,Onion,Nasik,FAQ,26/08/2026,4500,4900,4800
Tamil Nadu,Thiruvarur,Needamangalam(Uzhavar Sandhai ),Ashgourd,Gouard,Local,26/08/2026,3000,3000,3000
Tamil Nadu,Thiruvarur,Needamangalam(Uzhavar Sandhai ),Bhindi(Ladies Finger),Bhindi,Local,26/08/2026,3600,3600,3600
Tamil Nadu,Thiruvarur,Needamangalam(Uzhavar Sandhai ),Banana - Green,Banana - Green,Local,26/08/2026,4000,4000,4000
Tamil Nadu,Thiruvarur,Needamangalam(Uzhavar Sandhai ),Coconut,Coconut,Local,26/08/2026,4000,4000,4000
Tamil Nadu,Thiruvarur,Tiruvarur(Uzhavar Sandhai ),Bitter gourd,Bitter Gourd,Local,26/08/2026,6000,6000,6000
Tamil Nadu,Thiruvarur,Tiruvarur(Uzhavar Sandhai ),Ashgourd,Gouard,Local,26/08/2026,2500,2500,2500
Tamil Nadu,Thiruvarur,Tiruvarur(Uzhavar Sandhai ),Bhindi(Ladies Finger),Bhindi,Local,26/08/2026,4000,4000,4000
Tamil Nadu,Thiruvarur,Tiruvarur(Uzhavar Sandhai ),Mango(Raw-Ripe),Mango - Raw-Ripe,Local,26/08/2026,7000,7000,7000
Uttar Pradesh,Bahraich,Bahraich APMC,Maize,Other,FAQ,26/08/2026,2300,2300,2300
Uttar Pradesh,Bahraich,Bahraich APMC,Wheat,Other,FAQ,26/08/2026,2500,2500,2500
Madhya Pradesh,Narsinghpur,Gadarwara(F&V) APMC,Green Chilli,Green Chilly,Local,26/08/2026,3000,3000,3000
Madhya Pradesh,Narsinghpur,Gadarwara(F&V) APMC,Coriander(Leaves),Coriander,Local,26/08/2026,3000,3000,3000
Madhya Pradesh,Narsinghpur,Gadarwara(F&V) APMC,Bottle gourd,Bottle Gourd,Local,26/08/2026,2500,2500,2500
Tamil Nadu,Virudhunagar,Aruppukottai(Uzhavar Sandhai ),Banana,Besrai,Local,26/08/2026,3000,4000,3500
Tamil Nadu,Virudhunagar,Aruppukottai(Uzhavar Sandhai ),Mango,Safeda,Local,26/08/2026,8000,10000,9000
Tamil Nadu,Virudhunagar,Aruppukottai(Uzhavar Sandhai ),Onion,Bellary,Local,26/08/2026,5000,6000,5500
Tamil Nadu,Virudhunagar,Aruppukottai(Uzhavar Sandhai ),Garlic,Garlic,Local,26/08/2026,22000,24000,23000
Tamil Nadu,Virudhunagar,Aruppukottai(Uzhavar Sandhai ),Cauliflower,Ranchi,Local,26/08/2026,3000,4000,3500
Tamil Nadu,Virudhunagar,Aruppukottai(Uzhavar Sandhai ),Coriander(Leaves),I Sort,Local,26/08/2026,3000,4000,3500
Tamil Nadu,Virudhunagar,Aruppukottai(Uzhavar Sandhai ),Tomato,Deshi,Local,26/08/2026,1500,2000,1750
Tamil Nadu,Virudhunagar,Aruppukottai(Uzhavar Sandhai ),Bitter gourd,Bitter Gourd,Local,26/08/2026,6000,8000,7000
Tamil Nadu,Virudhunagar,Aruppukottai(Uzhavar Sandhai ),Beans,Beans (Whole),Local,26/08/2026,8000,10000,9000
Tamil Nadu,Virudhunagar,Aruppukottai(Uzhavar Sandhai ),Green Avare(W),Green Avare (W),Local,26/08/2026,6000,7000,6500
Tamil Nadu,Virudhunagar,Aruppukottai(Uzhavar Sandhai ),Drumstick,Drumstick,Local,26/08/2026,4000,5000,4500
Tamil Nadu,Villupuram,Gingee(Uzhavar Sandhai ),Bottle gourd,Bottle Gourd,Local,26/08/2026,2500,2500,2500
Tamil Nadu,Villupuram,Gingee(Uzhavar Sandhai ),Bhindi(Ladies Finger),Bhindi,Local,26/08/2026,3000,3000,3000
Tamil Nadu,Villupuram,Gingee(Uzhavar Sandhai ),Cabbage,Cabbage,Local,26/08/2026,4000,4000,4000
Tamil Nadu,Villupuram,Gingee(Uzhavar Sandhai ),Snakeguard,Snakeguard,Local,26/08/2026,5000,5000,5000
Tamil Nadu,Villupuram,Gingee(Uzhavar Sandhai ),Mango(Raw-Ripe),Mango - Raw-Ripe,Local,26/08/2026,7000,7000,7000
Tamil Nadu,Villupuram,Gingee(Uzhavar Sandhai ),Lemon,Lemon,Local,26/08/2026,10000,10000,10000
Tamil Nadu,Villupuram,Gingee(Uzhavar Sandhai ),Amla(Nelli Kai),Amla,Local,26/08/2026,8000,8000,8000
Uttar Pradesh,Bareilly,Bareilly APMC,Green Chilli,Other,FAQ,26/08/2026,4000,4000,4000
Uttar Pradesh,Bareilly,Bareilly APMC,Wheat,Dara,FAQ,26/08/2026,2600,2600,2600
Uttar Pradesh,Bareilly,Bareilly APMC,Wheat,Other,FAQ,26/08/2026,2604,2604,2604
Uttar Pradesh,Bareilly,Bareilly APMC,Wheat,Deshi,FAQ,26/08/2026,2600,2600,2600
Uttar Pradesh,Bareilly,Bareilly APMC,Wood,Other,FAQ,26/08/2026,550,600,584.73
Uttar Pradesh,Bareilly,Bareilly APMC,Masur Dal,Other,FAQ,26/08/2026,8850.5,8850.5,8850.5
Uttar Pradesh,Unnao,Bangarmau APMC,Wood,Eucalyptus,FAQ,26/08/2026,450,450,450
Uttar Pradesh,Etawah,Bharthna APMC,Garlic,Other,FAQ,26/08/2026,3000,3000,3000
Uttar Pradesh,Badaun,Bilsi APMC,Maize,Other,FAQ,26/08/2026,2000,2000,2000
Uttar Pradesh,Fatehpur,Bindki APMC,Wood,Eucalyptus,FAQ,26/08/2026,500,500,500
Tamil Nadu,Thiruvarur,Valangaiman APMC,Bottle gourd,Bottle Gourd,Local,26/08/2026,3000,3000,3000
Tamil Nadu,Thiruvarur,Valangaiman APMC,Amaranthus,Amaranthus,Local,26/08/2026,2000,2000,2000
Tamil Nadu,Thiruvarur,Valangaiman APMC,Green Chilli,Green Chilly,Local,26/08/2026,5000,5000,5000
Tamil Nadu,Thiruvarur,Valangaiman APMC,Coconut,Coconut,Local,26/08/2026,5000,5000,5000
Tamil Nadu,Thiruvarur,Valangaiman APMC,Snakeguard,Snakeguard,Local,26/08/2026,4000,4000,4000
Tamil Nadu,Thiruvarur,Valangaiman APMC,Green Avare(W),Green Avare (W),Local,26/08/2026,6000,6000,6000
Tamil Nadu,Thiruvarur,Valangaiman APMC,Mango(Raw-Ripe),Mango - Raw-Ripe,Local,26/08/2026,6000,6000,6000
Tamil Nadu,Thiruvellore,Tiruthani(Uzhavar Sandhai ),Cabbage,Cabbage,Local,26/08/2026,4000,4000,4000
Tamil Nadu,Thiruvellore,Tiruthani(Uzhavar Sandhai ),Ridgeguard(Tori),Ridgeguard(Tori),Local,26/08/2026,5000,5000,5000
Tamil Nadu,Thiruvellore,Tiruthani(Uzhavar Sandhai ),Green Avare(W),Green Avare (W),Local,26/08/2026,6000,6000,6000
Tamil Nadu,Thiruvellore,Tiruthani(Uzhavar Sandhai ),Turnip,Turnip,Local,26/08/2026,4000,4000,4000
Tamil Nadu,Virudhunagar,Kariyapatti(Uzhavar Sandhai ),Banana,Besrai,Local,26/08/2026,3500,4000,3750
Tamil Nadu,Virudhunagar,Kariyapatti(Uzhavar Sandhai ),Cluster beans,Cluster Beans,Local,26/08/2026,3500,4000,3750
Tamil Nadu,Virudhunagar,Kariyapatti(Uzhavar Sandhai ),Amaranthus,Amaranthus,Local,26/08/2026,3000,3500,3250
Tamil Nadu,Virudhunagar,Kariyapatti(Uzhavar Sandhai ),Beans,Beans (Whole),Local,26/08/2026,9000,10000,9500
Tamil Nadu,Virudhunagar,Kariyapatti(Uzhavar Sandhai ),Carrot,Pusakesar,Local,26/08/2026,7500,8000,7750
Tamil Nadu,Virudhunagar,Kariyapatti(Uzhavar Sandhai ),Cabbage,Cabbage,Local,26/08/2026,3500,4000,3750
Tamil Nadu,Virudhunagar,Kariyapatti(Uzhavar Sandhai ),Onion Green,Onion Green,Local,26/08/2026,7000,7500,7250
Uttar Pradesh,Pillibhit,Bishalpur APMC,Wheat,Dara,FAQ,26/08/2026,2500,2500,2500
Uttar Pradesh,Sitapur,Viswan APMC,Wood,Other,FAQ,26/08/2026,490,2350,2086.23
Uttar Pradesh,Sambhal,Chandausi APMC,Green Gram Dal(Moong Dal),Other,FAQ,26/08/2026,8250,8250,8250
Tamil Nadu,Thiruvellore,Tiruvallur(Uzhavar Sandhai ),Tomato,Local,Local,26/08/2026,2500,2500,2500
Tamil Nadu,Thiruvellore,Tiruvallur(Uzhavar Sandhai ),Green Chilli,Green Chilly,Local,26/08/2026,5000,5000,5000
Tamil Nadu,Thiruvellore,Tiruvallur(Uzhavar Sandhai ),Thondekai,Thondekai,Local,26/08/2026,5000,5000,5000
Madhya Pradesh,Shivpuri,Karera(F&V) APMC,Potato,Potato,Local,26/08/2026,500,1400,800
Tamil Nadu,Vellore,Katpadi (Uzhavar Sandhai ),Apple,American,Local,26/08/2026,25000,25000,25000
Tamil Nadu,Vellore,Katpadi (Uzhavar Sandhai ),Papaya,Papaya,Local,26/08/2026,4000,4500,4250
Tamil Nadu,Vellore,Katpadi (Uzhavar Sandhai ),Cluster beans,Cluster Beans,Local,26/08/2026,3500,3500,3500
Tamil Nadu,Vellore,Katpadi (Uzhavar Sandhai ),Bitter gourd,Bitter Gourd,Local,26/08/2026,4500,4500,4500
Tamil Nadu,Vellore,Katpadi (Uzhavar Sandhai ),Amaranthus,Amaranthus,Local,26/08/2026,3500,3500,3500
Tamil Nadu,Vellore,Katpadi (Uzhavar Sandhai ),Cowpea(Veg),Cowpea (Veg),Local,26/08/2026,4500,4500,4500
Tamil Nadu,Vellore,Katpadi (Uzhavar Sandhai ),Tapioca,Tapioca,Local,26/08/2026,3500,3500,3500
Tamil Nadu,Vellore,Katpadi (Uzhavar Sandhai ),Ginger(Green),Green Ginger,Local,26/08/2026,17000,17000,17000
Tamil Nadu,Vellore,Katpadi (Uzhavar Sandhai ),Cucumbar(Kheera),Cucumbar,Local,26/08/2026,3500,4000,3750
Tamil Nadu,Vellore,Katpadi (Uzhavar Sandhai ),Raddish,Raddish,Local,26/08/2026,2500,2500,2500
Tamil Nadu,Vellore,Katpadi (Uzhavar Sandhai ),Chow Chow,Chow Chow,Local,26/08/2026,4000,4000,4000
Tamil Nadu,Vellore,Katpadi (Uzhavar Sandhai ),Tender Coconut,Tender Coconut,Local,26/08/2026,2500,3000,2750
Tamil Nadu,Vellore,Katpadi (Uzhavar Sandhai ),Mint(Pudina),Mint(Pudina),Local,26/08/2026,3500,3500,3500
Assam,Nagaon,Ambagan APMC,Green Chilli,Green Chilly,FAQ,26/08/2026,3500,3700,3600
Tamil Nadu,Madurai,Thirumangalam(Uzhavar Sandhai ),Bitter gourd,Other,Local,26/08/2026,6000,6500,6250
Tamil Nadu,Madurai,Thirumangalam(Uzhavar Sandhai ),Bottle gourd,Bottle Gourd,Local,26/08/2026,2000,2400,2200
Tamil Nadu,Madurai,Thirumangalam(Uzhavar Sandhai ),Green Chilli,Green Chilly,Local,26/08/2026,3600,4000,3800
Tamil Nadu,Madurai,Thirumangalam(Uzhavar Sandhai ),Elephant Yam(Suran)/Amorphophallus,Elephant Yam (Suran),Local,26/08/2026,4000,4500,4250
Tamil Nadu,Madurai,Melur(Uzhavar Sandhai ),Coriander(Leaves),I Sort,Local,26/08/2026,4000,4500,4250
Tamil Nadu,Madurai,Melur(Uzhavar Sandhai ),Papaya,Papaya,Local,26/08/2026,4000,4500,4250
Tamil Nadu,Madurai,Melur(Uzhavar Sandhai ),Green Chilli,Green Chilly,Local,26/08/2026,3600,4000,3800
Tamil Nadu,Madurai,Melur(Uzhavar Sandhai ),Snakeguard,Snakeguard,Local,26/08/2026,3000,3600,3300
Tamil Nadu,Madurai,Melur(Uzhavar Sandhai ),Colacasia,Colacasia,Local,26/08/2026,5000,6000,5500
Tamil Nadu,Madurai,Melur(Uzhavar Sandhai ),Onion Green,Onion Green,Local,26/08/2026,7000,7500,7250
Tamil Nadu,Salem,Vazhapadi(Uzhavar Sandhai),Bhindi(Ladies Finger),Bhindi,Local,26/08/2026,3800,3800,3800
Tamil Nadu,Salem,Vazhapadi(Uzhavar Sandhai),Carrot,Pusakesar,Local,26/08/2026,7500,7500,7500
Tamil Nadu,Salem,Vazhapadi(Uzhavar Sandhai),Cabbage,Cabbage,Local,26/08/2026,3500,3500,3500
Tamil Nadu,Salem,Vazhapadi(Uzhavar Sandhai),Ridgeguard(Tori),Ridgeguard(Tori),Local,26/08/2026,4000,5000,4500
Tamil Nadu,Salem,Vazhapadi(Uzhavar Sandhai),Green Avare(W),Green Avare (W),Local,26/08/2026,8000,8000,8000
Tamil Nadu,Salem,Vazhapadi(Uzhavar Sandhai),Knool Khol,Knool Khol,Local,26/08/2026,5500,5500,5500
Tamil Nadu,Karur,Gandhigramam(Uzhavar Sandhai),Banana,Other,Local,26/08/2026,5000,6000,5500
Tamil Nadu,Karur,Gandhigramam(Uzhavar Sandhai),Coriander(Leaves),I Sort,Local,26/08/2026,5000,5500,5250
Tamil Nadu,Karur,Gandhigramam(Uzhavar Sandhai),Chikoos(Sapota),Sapota,Local,26/08/2026,4500,5000,4750
Tamil Nadu,Karur,Gandhigramam(Uzhavar Sandhai),Green Chilli,Green Chilly,Local,26/08/2026,3500,4000,3750
Tamil Nadu,Karur,Gandhigramam(Uzhavar Sandhai),Tapioca,Tapioca,Local,26/08/2026,3000,3500,3250
Tamil Nadu,Karur,Gandhigramam(Uzhavar Sandhai),Ginger(Green),Green Ginger,Local,26/08/2026,17000,19000,18000
Tamil Nadu,Karur,Gandhigramam(Uzhavar Sandhai),Sweet Potato,Hosur Red,Local,26/08/2026,3500,4000,3750
Karnataka,Bengaluru South,Ramanagara APMC,Ginger(Green),Green Ginger,Local,26/08/2026,7000,14200,10800
Tamil Nadu,Pudukkottai,Aranthangi(Uzhavar Sandhai ),Brinjal,Other,Local,26/08/2026,5000,6000,5500
Tamil Nadu,Pudukkottai,Aranthangi(Uzhavar Sandhai ),Bhindi(Ladies Finger),Bhindi,Local,26/08/2026,3500,4000,3750
Tamil Nadu,Pudukkottai,Aranthangi(Uzhavar Sandhai ),Amaranthus,Amaranthus,Local,26/08/2026,1500,2000,1750
Tamil Nadu,Pudukkottai,Aranthangi(Uzhavar Sandhai ),Green Avare(W),Other,Local,26/08/2026,5000,6000,5500
Maharashtra,Nagpur,Ramtek APMC,Potato,Local,Local,26/08/2026,1000,1500,1300
Maharashtra,Nagpur,Ramtek APMC,Bitter gourd,Other,Local,26/08/2026,1000,2000,1500
Maharashtra,Nagpur,Ramtek APMC,Ridgeguard(Tori),Other,Local,26/08/2026,1500,2000,1500
Tamil Nadu,Nagapattinam,Vedaranyam(Uzhavar Sandhai),Cluster beans,Cluster Beans,Local,26/08/2026,3000,3500,3250
Tamil Nadu,Nagapattinam,Vedaranyam(Uzhavar Sandhai),Bitter gourd,Bitter Gourd,Local,26/08/2026,4000,4800,4400
Tamil Nadu,Nagapattinam,Vedaranyam(Uzhavar Sandhai),Bottle gourd,Bottle Gourd,Local,26/08/2026,2800,2800,2800
Tamil Nadu,Nagapattinam,Vedaranyam(Uzhavar Sandhai),Green Chilli,Green Chilly,Local,26/08/2026,4000,4500,4250
Tamil Nadu,Nagapattinam,Vedaranyam(Uzhavar Sandhai),Banana - Green,Banana - Green,Local,26/08/2026,2000,2500,2250
Tamil Nadu,Nagapattinam,Vedaranyam(Uzhavar Sandhai),Lime,Lime,Local,26/08/2026,3000,3000,3000
Tamil Nadu,Vellore,Perampet(Uzhavar Sandhai),Onion,Bellary,Local,26/08/2026,4000,4500,4250
Tamil Nadu,Vellore,Perampet(Uzhavar Sandhai),Cluster beans,Cluster Beans,Local,26/08/2026,4000,4000,4000
Tamil Nadu,Vellore,Perampet(Uzhavar Sandhai),Bottle gourd,Bottle Gourd,Local,26/08/2026,1500,2000,1750
Tamil Nadu,Vellore,Perampet(Uzhavar Sandhai),Carrot,Pusakesar,Local,26/08/2026,6000,6600,6300
Tamil Nadu,Vellore,Perampet(Uzhavar Sandhai),Cucumbar(Kheera),Cucumbar,Local,26/08/2026,3000,3000,3000
Tamil Nadu,Vellore,Perampet(Uzhavar Sandhai),Chow Chow,Chow Chow,Local,26/08/2026,3000,3600,3300
Uttar Pradesh,Ayodhya,Ayodhya APMC,Wheat,Dara,FAQ,26/08/2026,2425,2425,2425
Maharashtra,Pune,Pune(Pimpri) APMC,Cabbage,Other,Local,26/08/2026,1400,1600,1500
Maharashtra,Pune,Pune(Pimpri) APMC,Spinach,Other,Local,26/08/2026,7,8,8
Maharashtra,Pune,Pune(Pimpri) APMC,Rajgir,Other,Local,26/08/2026,5,7,6
Madhya Pradesh,Badwani,Sendhwa(F&V) APMC,Brinjal,Round,Small,26/08/2026,700,1100,900
Andhra Pradesh,Srikakulam,Etcherla APMC,Maize,Deshi White,Local,26/08/2026,2400,2400,2400
Tamil Nadu,Karur,Kulithalai(Uzhavar Sandhai ),Mango,Neelam,Local,26/08/2026,5000,6000,5500
Tamil Nadu,Karur,Kulithalai(Uzhavar Sandhai ),Potato,Other,Local,26/08/2026,5000,5500,5250
Tamil Nadu,Karur,Kulithalai(Uzhavar Sandhai ),Cauliflower,Ranchi,Local,26/08/2026,4000,4500,4250
Tamil Nadu,Karur,Kulithalai(Uzhavar Sandhai ),Cluster beans,Cluster Beans,Local,26/08/2026,3600,4000,3800
Tamil Nadu,Karur,Kulithalai(Uzhavar Sandhai ),Bhindi(Ladies Finger),Bhindi,Local,26/08/2026,3000,3600,3300
Tamil Nadu,Karur,Kulithalai(Uzhavar Sandhai ),Cowpea(Veg),Cowpea (Veg),Local,26/08/2026,2500,3000,2750
Tamil Nadu,Karur,Kulithalai(Uzhavar Sandhai ),Banana - Green,Banana - Green,Local,26/08/2026,3500,4000,3750
Tamil Nadu,Karur,Kulithalai(Uzhavar Sandhai ),Ginger(Green),Green Ginger,Local,26/08/2026,19500,20000,19750
Tamil Nadu,Karur,Kulithalai(Uzhavar Sandhai ),Sweet Potato,Hosur Red,Local,26/08/2026,2500,3000,2750
Tamil Nadu,Karur,Kulithalai(Uzhavar Sandhai ),Cucumbar(Kheera),Cucumbar,Local,26/08/2026,6000,6500,6250
Tamil Nadu,Karur,Kulithalai(Uzhavar Sandhai ),Drumstick,Drumstick,Local,26/08/2026,2500,3000,2750
Tamil Nadu,Karur,Kulithalai(Uzhavar Sandhai ),Elephant Yam(Suran)/Amorphophallus,Elephant Yam (Suran),Local,26/08/2026,5000,5500,5250
Tamil Nadu,Chengalpattu,Guduvancheri(Uzhavar Sandhai ),Brinjal,Round,Local,26/08/2026,3500,4000,3750
Tamil Nadu,Chengalpattu,Guduvancheri(Uzhavar Sandhai ),Coriander(Leaves),I Sort,Local,26/08/2026,5000,6000,5500
Tamil Nadu,Chengalpattu,Guduvancheri(Uzhavar Sandhai ),Cluster beans,Cluster Beans,Local,26/08/2026,5000,6000,5500
Tamil Nadu,Chengalpattu,Guduvancheri(Uzhavar Sandhai ),Bitter gourd,Other,Local,26/08/2026,5000,6000,5500
Tamil Nadu,Chengalpattu,Guduvancheri(Uzhavar Sandhai ),Pumpkin,Pumpkin,Local,26/08/2026,2500,3000,2750
Tamil Nadu,Chengalpattu,Guduvancheri(Uzhavar Sandhai ),Ginger(Green),Green Ginger,Local,26/08/2026,17000,18000,17500
Tamil Nadu,Chengalpattu,Guduvancheri(Uzhavar Sandhai ),Coconut,Coconut,Local,26/08/2026,6000,7000,6500
Tamil Nadu,Chengalpattu,Guduvancheri(Uzhavar Sandhai ),Ridgeguard(Tori),Ridgeguard(Tori),Local,26/08/2026,6000,7000,6500
Tamil Nadu,Chengalpattu,Guduvancheri(Uzhavar Sandhai ),Thondekai,Thondekai,Local,26/08/2026,3500,4000,3750
Tamil Nadu,Chengalpattu,Guduvancheri(Uzhavar Sandhai ),Marigold(Calcutta),Marigold(Calcutta),Local,26/08/2026,16000,18000,17000
Tamil Nadu,Chengalpattu,Guduvancheri(Uzhavar Sandhai ),Amla(Nelli Kai),Amla,Local,26/08/2026,10000,12000,11000
Tamil Nadu,Thirupathur,Vaniyampadi(Uzhavar Sandhai ),Coriander(Leaves),I Sort,Local,26/08/2026,3000,3000,3000
Tamil Nadu,Thirupathur,Vaniyampadi(Uzhavar Sandhai ),Bitter gourd,Bitter Gourd,Local,26/08/2026,5000,5000,5000
Tamil Nadu,Thirupathur,Vaniyampadi(Uzhavar Sandhai ),Snakeguard,Snakeguard,Local,26/08/2026,3000,3000,3000
Tamil Nadu,Thirupathur,Vaniyampadi(Uzhavar Sandhai ),Karbuja(Musk Melon),Karbhuja,Local,26/08/2026,4000,4000,4000
Tamil Nadu,Thirupathur,Vaniyampadi(Uzhavar Sandhai ),Indian Beans(Seam),Indian Beans (Seam),Local,26/08/2026,5000,5000,5000
Tamil Nadu,Thirupathur,Vaniyampadi(Uzhavar Sandhai ),Onion Green,Onion Green,Local,26/08/2026,6000,6000,6000
Tamil Nadu,Thirupur,Dharapuram(Uzhavar Sandhai ),Onion,Bellary,Local,26/08/2026,5000,5500,5250
Tamil Nadu,Thirupur,Dharapuram(Uzhavar Sandhai ),Coriander(Leaves),I Sort,Local,26/08/2026,3500,4000,3750
Tamil Nadu,Thirupur,Dharapuram(Uzhavar Sandhai ),Bhindi(Ladies Finger),Bhindi,Local,26/08/2026,4500,5000,4750
Tamil Nadu,Thirupur,Dharapuram(Uzhavar Sandhai ),Green Chilli,Green Chilly,Local,26/08/2026,4500,5000,4750
Tamil Nadu,Thirupur,Dharapuram(Uzhavar Sandhai ),Beans,Beans (Whole),Local,26/08/2026,8000,8500,8250
Tamil Nadu,Thirupur,Dharapuram(Uzhavar Sandhai ),Carrot,Pusakesar,Local,26/08/2026,6500,7000,6750
Tamil Nadu,Thirupur,Dharapuram(Uzhavar Sandhai ),Beetroot,Beetroot,Local,26/08/2026,3500,7000,5250
Tamil Nadu,Thirupur,Dharapuram(Uzhavar Sandhai ),Raddish,Raddish,Local,26/08/2026,3000,3500,3250
Tamil Nadu,Thirupur,Dharapuram(Uzhavar Sandhai ),Mint(Pudina),Mint(Pudina),Local,26/08/2026,2500,3000,2750
Tamil Nadu,Thirupur,Palladam(Uzhavar Sandhai ),Cauliflower,Ranchi,Local,26/08/2026,3500,4000,3750
Tamil Nadu,Thirupur,Palladam(Uzhavar Sandhai ),Cluster beans,Cluster Beans,Local,26/08/2026,3500,4000,3750
Tamil Nadu,Thirupur,Palladam(Uzhavar Sandhai ),Snakeguard,Snakeguard,Local,26/08/2026,3000,4000,3500
Tamil Nadu,Thirupur,Palladam(Uzhavar Sandhai ),Beetroot,Beetroot,Local,26/08/2026,2500,3000,2750
Tamil Nadu,Thirupur,Palladam(Uzhavar Sandhai ),Green Avare(W),Other,Local,26/08/2026,6000,7000,6500
Tamil Nadu,Thirupur,Palladam(Uzhavar Sandhai ),Chow Chow,Chow Chow,Local,26/08/2026,3000,3500,3250
Tamil Nadu,Thirupur,Palladam(Uzhavar Sandhai ),Drumstick,Drumstick,Local,26/08/2026,2500,3000,2750
Telangana,Ranga Reddy,"Saroornagar,RBZ",Potato,Other,Medium,26/08/2026,1600,1600,1600
Uttar Pradesh,Ghaziabad,Hapur APMC,Rice,Other,FAQ,26/08/2026,4100,4100,4100
Uttar Pradesh,Ghaziabad,Hapur APMC,Gram Raw(Chholia),Other,FAQ,26/08/2026,6600,6600,6600
Uttar Pradesh,Ghaziabad,Hapur APMC,Peas(Dry),Other,FAQ,26/08/2026,4900,4900,4900
Uttar Pradesh,Jalaun (Orai),Jalaun APMC,Wood,Other,FAQ,26/08/2026,590,590,590
Uttar Pradesh,Mathura,Kosikalan APMC,Green Gram(Moong)(Whole),Other,FAQ,26/08/2026,8768,8768,8768
Tamil Nadu,Kallakuruchi,Kallakurichi(Uzhavar Sandhai ),Potato,Red Nanital,Local,26/08/2026,3500,3500,3500
Tamil Nadu,Kallakuruchi,Kallakurichi(Uzhavar Sandhai ),Cauliflower,Ranchi,Local,26/08/2026,3000,3000,3000
Tamil Nadu,Kallakuruchi,Kallakurichi(Uzhavar Sandhai ),Bitter gourd,Bitter Gourd,Local,26/08/2026,6000,6000,6000
Tamil Nadu,Kallakuruchi,Kallakurichi(Uzhavar Sandhai ),Amaranthus,Amaranthus,Local,26/08/2026,3000,3000,3000
Tamil Nadu,Kallakuruchi,Kallakurichi(Uzhavar Sandhai ),Banana - Green,Banana - Green,Local,26/08/2026,3000,3000,3000
Tamil Nadu,Kallakuruchi,Kallakurichi(Uzhavar Sandhai ),Beans,Beans (Whole),Local,26/08/2026,10000,10000,10000
Tamil Nadu,Kallakuruchi,Kallakurichi(Uzhavar Sandhai ),Coconut,Coconut,Local,26/08/2026,6000,6000,6000
Tamil Nadu,Kallakuruchi,Kallakurichi(Uzhavar Sandhai ),Carrot,Pusakesar,Local,26/08/2026,8000,8000,8000
Tamil Nadu,Kallakuruchi,Kallakurichi(Uzhavar Sandhai ),Ridgeguard(Tori),Ridgeguard(Tori),Local,26/08/2026,4000,4000,4000
Tamil Nadu,Kallakuruchi,Kallakurichi(Uzhavar Sandhai ),Raddish,Raddish,Local,26/08/2026,5000,5000,5000
Tamil Nadu,Kallakuruchi,Kallakurichi(Uzhavar Sandhai ),Thondekai,Thondekai,Local,26/08/2026,5000,5000,5000
Tamil Nadu,Kallakuruchi,Kallakurichi(Uzhavar Sandhai ),Capsicum,Capsicum,Local,26/08/2026,9000,9000,9000
Tamil Nadu,Kallakuruchi,Kallakurichi(Uzhavar Sandhai ),Knool Khol,Knool Khol,Local,26/08/2026,7000,7000,7000
Tamil Nadu,Kallakuruchi,Kallakurichi(Uzhavar Sandhai ),Tender Coconut,Tender Coconut,Local,26/08/2026,3000,3000,3000
Tamil Nadu,Kallakuruchi,Kallakurichi(Uzhavar Sandhai ),Jasmine,Jasmine,Local,26/08/2026,60000,60000,60000
Tamil Nadu,Kallakuruchi,Kallakurichi(Uzhavar Sandhai ),Onion Green,Onion Green,Local,26/08/2026,7000,7000,7000
Uttar Pradesh,Bulandshahar,Khurja APMC,Capsicum,Other,FAQ,26/08/2026,2500,2500,2500
Uttar Pradesh,Bulandshahar,Khurja APMC,Wheat,Other,FAQ,26/08/2026,2455,2455,2455
Uttar Pradesh,Mathura,Mathura APMC,Green Chilli,Other,FAQ,26/08/2026,4000,4000,4000
Uttar Pradesh,Mathura,Mathura APMC,Onion,Other,FAQ,26/08/2026,3000,3000,3000
Uttar Pradesh,Mathura,Mathura APMC,Potato,Other,FAQ,26/08/2026,600,600,600
Tamil Nadu,Thirupathur,Natrampalli(Uzhavar Sandhai ),Potato,Red Nanital,Local,26/08/2026,3000,3500,3250
Tamil Nadu,Thirupathur,Natrampalli(Uzhavar Sandhai ),Cauliflower,Ranchi,Local,26/08/2026,2500,3000,2750
Tamil Nadu,Thirupathur,Natrampalli(Uzhavar Sandhai ),Bhindi(Ladies Finger),Bhindi,Local,26/08/2026,2500,3000,2750
Tamil Nadu,Thirupathur,Natrampalli(Uzhavar Sandhai ),Amaranthus,Amaranthus,Local,26/08/2026,1500,2000,1750
Tamil Nadu,Thirupathur,Natrampalli(Uzhavar Sandhai ),Raddish,Raddish,Local,26/08/2026,1500,2000,1750
Tamil Nadu,Thirupathur,Natrampalli(Uzhavar Sandhai ),Green Avare(W),Green Avare (W),Local,26/08/2026,4000,5000,4500
Tamil Nadu,Thirupathur,Natrampalli(Uzhavar Sandhai ),Guava,Guava Allahabad,Local,26/08/2026,3000,4000,3500
Tamil Nadu,Thirupathur,Natrampalli(Uzhavar Sandhai ),Mint(Pudina),Mint(Pudina),Local,26/08/2026,3000,4000,3500
Haryana,Panipat,Panipat APMC,Banana,Banana - Ripe,Local,26/08/2026,2000,3000,2500
Punjab,Pathankot,Pathankot APMC,Bitter gourd,Bitter Gourd,Medium,26/08/2026,1500,1500,1500
Punjab,Pathankot,Pathankot APMC,Capsicum,Capsicum,Medium,26/08/2026,3500,3500,3500
Andhra Pradesh,Srikakulam,Jalumuru APMC,Paddy(Common),1121,FAQ,26/08/2026,2369,2369,2369
Andhra Pradesh,Palnadu,Gurazala APMC,Chili Red,Red,Grade Range-1,26/08/2026,17000,27500,25000
Andhra Pradesh,Srikakulam,Hiramandalam APMC,Maize,Medium,Local,26/08/2026,2200,2200,2200
Andhra Pradesh,Vijayanagaram,Kothavalasa APMC,Paddy(Common),1001,Local,26/08/2026,2369,2369,2369
Andhra Pradesh,Kakinada,Pithapuram APMC,Paddy(Common),B P T,FAQ,26/08/2026,2369,2389,2379
Uttar Pradesh,Lakhimpur,Paliakala APMC,Wheat,Other,FAQ,26/08/2026,2400,2400,2400
Uttar Pradesh,Shravasti,Payagpur APMC,Wheat,Medium,FAQ,26/08/2026,2425,2425,2425
Tamil Nadu,Salem,Athur(Uzhavar Sandhai ),Onion,Bellary,Local,26/08/2026,5500,6000,5750
Tamil Nadu,Salem,Athur(Uzhavar Sandhai ),Coriander(Leaves),I Sort,Local,26/08/2026,2500,3000,2750
Tamil Nadu,Salem,Athur(Uzhavar Sandhai ),Ashgourd,Gouard,Local,26/08/2026,1800,2000,1900
Tamil Nadu,Salem,Athur(Uzhavar Sandhai ),Pumpkin,Pumpkin,Local,26/08/2026,1800,2000,1900
Tamil Nadu,Salem,Athur(Uzhavar Sandhai ),Coconut,Coconut,Local,26/08/2026,6000,6500,6250
Tamil Nadu,Salem,Athur(Uzhavar Sandhai ),Cabbage,Cabbage,Local,26/08/2026,3000,3500,3250
Tamil Nadu,Salem,Athur(Uzhavar Sandhai ),Capsicum,Capsicum,Local,26/08/2026,7500,8000,7750
Tamil Nadu,Salem,Athur(Uzhavar Sandhai ),Tender Coconut,Tender Coconut,Local,26/08/2026,2500,3000,2750
Tamil Nadu,Salem,Athur(Uzhavar Sandhai ),Marigold(Calcutta),Marigold(Calcutta),Local,26/08/2026,15000,18000,16500
Tamil Nadu,Salem,Athur(Uzhavar Sandhai ),Tamarind Fruit,Tamarind Fruit,Local,26/08/2026,12000,13000,12500
Tamil Nadu,Salem,Athur(Uzhavar Sandhai ),Tube Rose(Loose),Tube Rose (Loose),Local,26/08/2026,14000,20000,17000
Uttar Pradesh,Pratapgarh,Pratapgarh APMC,Potato,Other,FAQ,26/08/2026,600,600,600
Punjab,Ludhiana,Machhiwara APMC,Potato,Local,FAQ,26/08/2026,600,800,700
Punjab,Ludhiana,Machhiwara APMC,Bitter gourd,Other,FAQ,26/08/2026,2000,2500,2200
Tamil Nadu,Theni,Periyakulam(Uzhavar Sandhai ),Coriander(Leaves),I Sort,Local,26/08/2026,3000,3000,3000
Tamil Nadu,Theni,Periyakulam(Uzhavar Sandhai ),Bhindi(Ladies Finger),Bhindi,Local,26/08/2026,3000,3400,3200
Tamil Nadu,Theni,Periyakulam(Uzhavar Sandhai ),Amaranthus,Amaranthus,Local,26/08/2026,2000,2500,2250
Tamil Nadu,Theni,Periyakulam(Uzhavar Sandhai ),Banana - Green,Banana - Green,Local,26/08/2026,3000,3500,3250
Tamil Nadu,Theni,Periyakulam(Uzhavar Sandhai ),Raddish,Raddish,Local,26/08/2026,2200,2200,2200
Tamil Nadu,Theni,Periyakulam(Uzhavar Sandhai ),Elephant Yam(Suran)/Amorphophallus,Elephant Yam (Suran),Local,26/08/2026,4000,4000,4000
Tamil Nadu,Virudhunagar,Srivilliputhur(Uzhavar Sandhai ),Ginger(Green),Green Ginger,Local,26/08/2026,19000,20000,19500
Tamil Nadu,Virudhunagar,Srivilliputhur(Uzhavar Sandhai ),Snakeguard,Snakeguard,Local,26/08/2026,3500,4000,3750
Tamil Nadu,Virudhunagar,Srivilliputhur(Uzhavar Sandhai ),Colacasia,Colacasia,Local,26/08/2026,5000,6000,5500
Tamil Nadu,Virudhunagar,Srivilliputhur(Uzhavar Sandhai ),Onion Green,Onion Green,Local,26/08/2026,6000,7000,6500
Uttar Pradesh,Rampur,Rampur APMC,Firewood,Firewood,FAQ,26/08/2026,400,400,400
Uttar Pradesh,Prayagraj,Sirsa APMC,Wood,Other,FAQ,26/08/2026,400,400,400
Uttar Pradesh,Shamli,Shamli APMC,Green Chilli,Other,FAQ,26/08/2026,3500,3500,3500
Uttar Pradesh,Bulandshahar,Siyana APMC,Paddy(Basmati),Basmati 1509,Non-FAQ,26/08/2026,1800,1900,1850
Uttar Pradesh,Bulandshahar,Siyana APMC,Carrot,Carrot,Medium,26/08/2026,1100,1140,1120
Uttar Pradesh,Bulandshahar,Siyana APMC,Papaya,Papaya,Medium,26/08/2026,1700,1800,1750
Uttar Pradesh,Bulandshahar,Siyana APMC,Apple,Other,Medium,26/08/2026,11000,11400,11200
Uttar Pradesh,Bulandshahar,Siyana APMC,Guava,Guava,Medium,26/08/2026,3500,3600,3550
Punjab,Ferozpur,Zira APMC,Papaya,Other,Local,26/08/2026,3500,3500,3500
Punjab,Ferozpur,Zira APMC,Banana - Green,Other,Local,26/08/2026,1400,1400,1400
Punjab,Ferozpur,Zira APMC,Coconut Coir,Coconut Coir,Local,26/08/2026,6000,6000,6000
Punjab,Ferozpur,Zira APMC,Bottle gourd,Other,Local,26/08/2026,2000,2000,2000
Punjab,Ferozpur,Zira APMC,Colacasia,Other,Local,26/08/2026,1600,1600,1600
Punjab,Ferozpur,Zira APMC,Brinjal,Other,Local,26/08/2026,1000,1000,1000
Nagaland,Tsemenyu,Tsemenyu APMC,Chow Chow,Chow Chow,Local,26/08/2026,2500,2500,2500
Nagaland,Tsemenyu,Tsemenyu APMC,Pumpkin,pumpkin-Organic,Local,26/08/2026,4000,4000,4000
Punjab,Sangrur,Bhawanigarh APMC,Pineapple,Other,Medium,26/08/2026,7000,7500,7250
Punjab,Sangrur,Bhawanigarh APMC,Water Melon,Other,Medium,26/08/2026,1000,1100,1050
Punjab,Sangrur,Bhawanigarh APMC,Bhindi(Ladies Finger),Other,Medium,26/08/2026,2500,2700,2600
Punjab,Sangrur,Bhawanigarh APMC,Bitter gourd,Other,Local,26/08/2026,2500,2700,2600
Punjab,Sangrur,Bhawanigarh APMC,Tomato,Other,Medium,26/08/2026,2000,2400,2200
Punjab,Sangrur,Bhawanigarh APMC,Ridgeguard(Tori),Other,Local,26/08/2026,2600,2800,2700
Punjab,Sangrur,Bhawanigarh APMC,Pumpkin,Other,Medium,26/08/2026,1600,1800,1700
Odisha,Kalahandi,Mukhiguda APMC,Bottle gourd,Bottle Gourd,Grade B,26/08/2026,2000,3000,2500
Odisha,Kalahandi,Mukhiguda APMC,Brinjal,Brinjal,Grade B,26/08/2026,2500,3100,2800
West Bengal,North 24 Parganas,Habra APMC,Green Chilli,Green Chilly,FAQ,26/08/2026,5000,5000,5000
West Bengal,North 24 Parganas,Habra APMC,Pumpkin,Other,FAQ,26/08/2026,2400,2500,2400
West Bengal,North 24 Parganas,Habra APMC,Tomato,Other,FAQ,26/08/2026,2400,2400,2400
Punjab,Amritsar,Chogawan APMC,Bhindi(Ladies Finger),Bhindi,Grade A,26/08/2026,1170,1170,1170
Punjab,Amritsar,Mehta APMC,Cauliflower,African Sarson,FAQ,26/08/2026,3000,3000,3000
West Bengal,Bankura,Khatra APMC,Paddy(Common),I.R. 36,FAQ,26/08/2026,2300,2389,2369
Uttar Pradesh,Kanpur,Baripaal APMC,Potato,Other,FAQ,26/08/2026,700,700,700
Andhra Pradesh,Annamayya,Mulakalacheruvu APMC,Tomato,Local,FAQ,26/08/2026,1000,1800,1500
Nagaland,Kohima,Kohima APMC,Carrot,Carrot,Local,26/08/2026,7000,7000,7000
Nagaland,Kohima,Kohima APMC,Tomato,Tomato,Local,26/08/2026,5000,5000,5000
Tamil Nadu,Coimbatore,Vadavalli(Uzhavar Sandhai ),Apple,American,Local,26/08/2026,20000,28000,24000
Tamil Nadu,Coimbatore,Vadavalli(Uzhavar Sandhai ),Orange,Darjeeling,Local,26/08/2026,8000,14000,11000
Tamil Nadu,Coimbatore,Vadavalli(Uzhavar Sandhai ),Brinjal,Other,Local,26/08/2026,3500,4000,3750
Tamil Nadu,Coimbatore,Vadavalli(Uzhavar Sandhai ),Bottle gourd,Bottle Gourd,Local,26/08/2026,2600,3000,2800
Tamil Nadu,Coimbatore,Vadavalli(Uzhavar Sandhai ),Pumpkin,Pumpkin,Local,26/08/2026,1800,2000,1900
Tamil Nadu,Coimbatore,Vadavalli(Uzhavar Sandhai ),Green Chilli,Green Chilly,Local,26/08/2026,3800,4400,4100
Tamil Nadu,Coimbatore,Vadavalli(Uzhavar Sandhai ),Coconut,Coconut,Local,26/08/2026,5400,5800,5600
Tamil Nadu,Coimbatore,Vadavalli(Uzhavar Sandhai ),Sweet Potato,Hosur Red,Local,26/08/2026,4200,5000,4600
Tamil Nadu,Coimbatore,Vadavalli(Uzhavar Sandhai ),Chow Chow,Chow Chow,Local,26/08/2026,3000,3400,3200
Tamil Nadu,Coimbatore,Vadavalli(Uzhavar Sandhai ),Pomegranate,Pomogranate,Local,26/08/2026,10000,14000,12000
Tamil Nadu,Coimbatore,Vadavalli(Uzhavar Sandhai ),Amla(Nelli Kai),Amla,Local,26/08/2026,7500,8500,8000
Uttar Pradesh,Shahjahanpur,Powayan APMC,Wheat,Dara,FAQ,26/08/2026,2520,2530,2524.83
Tamil Nadu,Dindigul,Vedasanthur(Uzhavar Sandhai ),Raddish,Raddish,Local,26/08/2026,3000,3500,3250
Himachal Pradesh,Mandi,PMY Kangni Mandi,Cucumbar(Kheera),Cucumbar,Grade B,26/08/2026,1500,3500,2500
Himachal Pradesh,Mandi,PMY Kangni Mandi,Apple,Apple,Grade B,26/08/2026,2000,12000,8000
Himachal Pradesh,Mandi,PMY Kangni Mandi,Bottle gourd,Bottle Gourd,Grade B,26/08/2026,1000,3000,2000
Andhra Pradesh,Annamayya,Piler APMC,Gur(Jaggery),NO 3,Local,26/08/2026,4400,5000,4800
Gujarat,Vadodara(Baroda),Padra APMC,Ridgeguard(Tori),Other,FAQ,26/08/2026,2000,3000,2500
Gujarat,Vadodara(Baroda),Padra APMC,Cowpea(Veg),Other,FAQ,26/08/2026,3000,4500,3750
Gujarat,Vadodara(Baroda),Padra APMC,Cucumbar(Kheera),Other,FAQ,26/08/2026,3000,5000,4000
Gujarat,Vadodara(Baroda),Padra APMC,Onion,Other,FAQ,26/08/2026,4000,5150,4500
Gujarat,Vadodara(Baroda),Padra APMC,Tomato,Other,FAQ,26/08/2026,1000,1500,1250
Uttar Pradesh,Sitapur,Mishrit APMC,Wood,Other,FAQ,26/08/2026,780,780,780
Uttar Pradesh,Bulandshahar,Gulavati APMC,Cucumbar(Kheera),Cucumbar,FAQ,26/08/2026,1500,1700,1600
Uttar Pradesh,Bulandshahar,Gulavati APMC,Cauliflower,Cauliflower,FAQ,26/08/2026,2100,2300,2200
Uttar Pradesh,Bulandshahar,Gulavati APMC,Brinjal,Brinjal,FAQ,26/08/2026,1500,1700,1600
Uttar Pradesh,Bulandshahar,Gulavati APMC,Bhindi(Ladies Finger),Bhindi,FAQ,26/08/2026,3100,3300,3200
Haryana,Hissar,Barwala(Hisar) APMC,Ridgeguard(Tori),Ridgeguard(Tori),Local,26/08/2026,1500,2500,2000
Haryana,Hissar,Barwala(Hisar) APMC,Banana,Other,Local,26/08/2026,3500,4000,3800
Haryana,Hissar,Barwala(Hisar) APMC,Round gourd,Other,Local,26/08/2026,1500,2000,1800
Haryana,Hissar,Barwala(Hisar) APMC,Mango,Other,Local,26/08/2026,8000,10000,9000
Haryana,Kaithal,Dhand APMC,Potato,Other,Medium,26/08/2026,800,1000,950
Punjab,Fazilka,Jalalabad APMC,Mousambi(Sweet Lime),Mousambi,Medium,26/08/2026,4800,5200,5000
Punjab,Fazilka,Jalalabad APMC,Pear(Marasebu),Pears,Medium,26/08/2026,6000,6400,6200
Punjab,Fazilka,Jalalabad APMC,Capsicum,Capsicum,Medium,26/08/2026,4500,4700,4600
Punjab,Fazilka,Jalalabad APMC,Banana,Other,Medium,26/08/2026,3300,3500,3400
Punjab,Fazilka,Jalalabad APMC,Bitter gourd,Bitter Gourd,Medium,26/08/2026,4200,4400,4300
Punjab,Fazilka,Jalalabad APMC,Brinjal,Other,Medium,26/08/2026,2100,2300,2200
Punjab,Fazilka,Jalalabad APMC,Garlic,Garlic,Local,26/08/2026,12000,12000,12000
Punjab,Fazilka,Jalalabad APMC,Ridgeguard(Tori),Other,Medium,26/08/2026,3200,3400,3300
West Bengal,Medinipur(E),Egra/contai APMC,Rice,Fine,FAQ,26/08/2026,3200,3350,3300
West Bengal,Medinipur(E),Egra/contai APMC,Sweet Pumpkin,Sweet Pumpkin,FAQ,26/08/2026,1800,1900,1850
Punjab,Jalandhar,Jalandhar City(Jalandhar) APMC,Orange,Other,Medium,26/08/2026,2000,4200,3000
Punjab,Jalandhar,Jalandhar City(Jalandhar) APMC,Banana - Green,Banana - Green,FAQ,26/08/2026,1000,1700,1400
Punjab,Jalandhar,Jalandhar City(Jalandhar) APMC,Water Melon,Water Melon,Medium,26/08/2026,1000,2400,1600
Punjab,Jalandhar,Jalandhar City(Jalandhar) APMC,Bottle gourd,Bottle Gourd,FAQ,26/08/2026,600,1200,900
Punjab,Jalandhar,Jalandhar City(Jalandhar) APMC,Elephant Yam(Suran)/Amorphophallus,Elephant Yam (Suran),FAQ,26/08/2026,3000,4000,3500
Punjab,Jalandhar,Jalandhar City(Jalandhar) APMC,Ridgeguard(Tori),Other,FAQ,26/08/2026,1000,1800,1400
Tamil Nadu,Coimbatore,Udumalpet APMC,Bottle gourd,Bottle Gourd,Local,26/08/2026,1800,2000,1900
Tamil Nadu,Coimbatore,Udumalpet APMC,Bhindi(Ladies Finger),Bhindi,Local,26/08/2026,4500,5000,4750
Tamil Nadu,Coimbatore,Udumalpet APMC,Cabbage,Cabbage,Local,26/08/2026,3000,3500,3250
Tamil Nadu,Coimbatore,Udumalpet APMC,Capsicum,Capsicum,Local,26/08/2026,9000,10000,9500
Tamil Nadu,Coimbatore,Udumalpet APMC,Chow Chow,Chow Chow,Local,26/08/2026,4000,4500,4250
Tamil Nadu,Coimbatore,Udumalpet APMC,Onion Green,Onion Green,Local,26/08/2026,6000,8000,7000
Himachal Pradesh,Kangra,SMY Nagrota Bagwan,Apple,Apple,Medium,26/08/2026,4000,17000,9500
Himachal Pradesh,Kangra,SMY Nagrota Bagwan,Mousambi(Sweet Lime),Mousambi,Medium,26/08/2026,4000,4800,4400
Himachal Pradesh,Kangra,SMY Nagrota Bagwan,Pomegranate,Pomogranate,Medium,26/08/2026,10000,11000,10500
Himachal Pradesh,Kangra,SMY Nagrota Bagwan,Brinjal,Brinjal,FAQ,26/08/2026,2000,2400,2200
Himachal Pradesh,Kangra,SMY Nagrota Bagwan,Onion,Onion,FAQ,26/08/2026,4800,5200,5000
Himachal Pradesh,Kullu,SMY Patli Kulh,Apple,Other,Grade Range-1,26/08/2026,1000,9000,7000
Himachal Pradesh,Shimla,SMY Rampur,Cauliflower,Other,Local,26/08/2026,4000,6000,5000
Himachal Pradesh,Shimla,SMY Rampur,Green Chilli,Green Chilly,Local,26/08/2026,5000,7000,6000
Himachal Pradesh,Shimla,SMY Rampur,Spinach,Other,Local,26/08/2026,2000,2000,2000
Himachal Pradesh,Shimla,SMY Rampur,Tomato,Tomato,Local,26/08/2026,3000,3000,3000
Himachal Pradesh,Shimla,SMY Rampur,Apple,Apple,Small,26/08/2026,3500,3500,3500
West Bengal,Darjeeling,Siliguri APMC,Tomato,Tomato,FAQ,26/08/2026,2600,2800,2700
West Bengal,Darjeeling,Siliguri APMC,Banana,Banana - Ripe,Grade A,26/08/2026,2200,2400,2300
West Bengal,Darjeeling,Siliguri APMC,Onion,Onion,FAQ,26/08/2026,4000,4400,4200
Tamil Nadu,Erode,Gobichettipalayam(Uzhavar Sandhai ),Banana,Besrai,Local,26/08/2026,3500,4000,3750
Tamil Nadu,Erode,Gobichettipalayam(Uzhavar Sandhai ),Onion,Bellary,Local,26/08/2026,5000,5400,5200
Tamil Nadu,Erode,Gobichettipalayam(Uzhavar Sandhai ),Cauliflower,Ranchi,Local,26/08/2026,4200,4500,4350
Tamil Nadu,Erode,Gobichettipalayam(Uzhavar Sandhai ),Banana - Green,Banana - Green,Local,26/08/2026,3000,3200,3100
Tamil Nadu,Erode,Gobichettipalayam(Uzhavar Sandhai ),Tapioca,Tapioca,Local,26/08/2026,2000,2500,2250
Tamil Nadu,Erode,Gobichettipalayam(Uzhavar Sandhai ),Coconut,Coconut,Local,26/08/2026,4600,4800,4700
Tamil Nadu,Erode,Gobichettipalayam(Uzhavar Sandhai ),Raddish,Raddish,Local,26/08/2026,2800,3000,2900
Tamil Nadu,Erode,Sampath Nagar(Uzhavar Sandhai ),Groundnut,Big (With Shell),Local,26/08/2026,5500,6000,5750
Tamil Nadu,Erode,Sampath Nagar(Uzhavar Sandhai ),Coriander(Leaves),I Sort,Local,26/08/2026,3200,3600,3400
Tamil Nadu,Erode,Sampath Nagar(Uzhavar Sandhai ),Bitter gourd,Other,Local,26/08/2026,5000,5400,5200
Tamil Nadu,Erode,Sampath Nagar(Uzhavar Sandhai ),Coconut,Coconut,Local,26/08/2026,5000,5400,5200
Tamil Nadu,Erode,Sampath Nagar(Uzhavar Sandhai ),Amla(Nelli Kai),Amla,Local,26/08/2026,9000,9500,9250
Uttar Pradesh,Kannuj,Kannauj APMC,Potato,Other,FAQ,26/08/2026,550,550,550
Himachal Pradesh,Shimla,SMY Rohroo,Banana,Other,Grade B,26/08/2026,3333.3335,3666.66685,3500.000175
Himachal Pradesh,Shimla,SMY Rohroo,Papaya,Other,Grade B,26/08/2026,4000,4500,4250
Punjab,Jalandhar,Phillaur(Apra Mandi) APMC,Cauliflower,Other,FAQ,26/08/2026,5000,5000,5000
Punjab,Jalandhar,Phillaur(Apra Mandi) APMC,Potato,Other,FAQ,26/08/2026,900,900,900
Punjab,Jalandhar,Phillaur(Apra Mandi) APMC,Onion,Other,FAQ,26/08/2026,4500,4500,4500
Punjab,Jalandhar,Mehatpur APMC,Bhindi(Ladies Finger),Bhindi,Local,26/08/2026,2600,2800,2700
Punjab,Jalandhar,Mehatpur APMC,Green Chilli,Green Chilly,Local,26/08/2026,2500,2700,2600
Tamil Nadu,Vellore,Pallikonda(Uzhavar Sandhai),Onion,Bellary,Local,26/08/2026,5000,5500,5250
Tamil Nadu,Vellore,Pallikonda(Uzhavar Sandhai),Papaya,Papaya,Local,26/08/2026,3500,4000,3750
Tamil Nadu,Vellore,Pallikonda(Uzhavar Sandhai),Cluster beans,Cluster Beans,Local,26/08/2026,3500,4000,3750
Tamil Nadu,Vellore,Pallikonda(Uzhavar Sandhai),Pumpkin,Pumpkin,Local,26/08/2026,2500,2500,2500
Tamil Nadu,Vellore,Pallikonda(Uzhavar Sandhai),Beans,Beans (Whole),Local,26/08/2026,6000,6500,6250
Tamil Nadu,Vellore,Pallikonda(Uzhavar Sandhai),Snakeguard,Snakeguard,Local,26/08/2026,2500,3000,2750
Tamil Nadu,Vellore,Pallikonda(Uzhavar Sandhai),Green Avare(W),Green Avare (W),Local,26/08/2026,3500,4000,3750
Tamil Nadu,Vellore,Pallikonda(Uzhavar Sandhai),Tender Coconut,Tender Coconut,Local,26/08/2026,3500,4000,3750
Tamil Nadu,Vellore,Pallikonda(Uzhavar Sandhai),Onion Green,Onion Green,Local,26/08/2026,7500,8000,7750
Tamil Nadu,Vellore,Pallikonda(Uzhavar Sandhai),Sweet Corn ,Sweet Corn ,Local,26/08/2026,2500,2500,2500
Tamil Nadu,Pudukkottai,Ponnamaravathi(Uzhavar Sandhai),Bottle gourd,Bottle Gourd,Local,26/08/2026,2500,3000,2750
Tamil Nadu,Pudukkottai,Ponnamaravathi(Uzhavar Sandhai),Green Chilli,Green Chilly,Local,26/08/2026,6500,7000,6750
Tamil Nadu,Pudukkottai,Ponnamaravathi(Uzhavar Sandhai),Raddish,Raddish,Local,26/08/2026,3500,4000,3750
Odisha,Kalahandi,Bhawanipatna APMC,Cabbage,Cabbage,Local,26/08/2026,2700,2700,2700
Odisha,Kalahandi,Junagarh APMC,Banana - Green,Other,Grade B,26/08/2026,2000,2400,2200
Tamil Nadu,Nagapattinam,Mayiladuthurai(Uzhavar Sandhai ),Snakeguard,Snakeguard,Local,26/08/2026,4500,5000,4750
Tamil Nadu,Nagapattinam,Mayiladuthurai(Uzhavar Sandhai ),Raddish,Raddish,Local,26/08/2026,3600,4000,3800
Tamil Nadu,Nagapattinam,Mayiladuthurai(Uzhavar Sandhai ),Mint(Pudina),Mint(Pudina),Local,26/08/2026,4000,4500,4250
Uttar Pradesh,Lucknow,Lucknow APMC,Pegeon Pea(Arhar Fali),Other,FAQ,26/08/2026,11175,11175,11175
Uttar Pradesh,Mainpuri,Mainpuri APMC,Wheat,2329,FAQ,26/08/2026,2551,2551,2551
Tamil Nadu,Pudukkottai,Viralimalai(Uzhavar Sandhai ),Banana,Besrai,Local,26/08/2026,7500,8000,7750
Tamil Nadu,Pudukkottai,Viralimalai(Uzhavar Sandhai ),Brinjal,Round,Local,26/08/2026,6500,7000,6750
Tamil Nadu,Pudukkottai,Viralimalai(Uzhavar Sandhai ),Amaranthus,Amaranthus,Local,26/08/2026,1500,2000,1750
Tamil Nadu,Pudukkottai,Viralimalai(Uzhavar Sandhai ),Green Chilli,Green Chilly,Local,26/08/2026,6500,7000,6750
Tamil Nadu,Pudukkottai,Viralimalai(Uzhavar Sandhai ),Mint(Pudina),Mint(Pudina),Local,26/08/2026,5500,6000,5750
Tamil Nadu,Ramanathapuram,Paramakudi(Uzhavar Sandhai ),Cauliflower,Ranchi,Local,26/08/2026,5000,5500,5250
Tamil Nadu,Ramanathapuram,Paramakudi(Uzhavar Sandhai ),Bhindi(Ladies Finger),Bhindi,Local,26/08/2026,4500,5000,4750
Tamil Nadu,Ramanathapuram,Paramakudi(Uzhavar Sandhai ),Banana - Green,Banana - Green,Local,26/08/2026,3000,3500,3250
Tamil Nadu,Ramanathapuram,Paramakudi(Uzhavar Sandhai ),Beans,Beans (Whole),Local,26/08/2026,8000,9000,8500
Tamil Nadu,Ramanathapuram,Paramakudi(Uzhavar Sandhai ),Beetroot,Beetroot,Local,26/08/2026,5000,5200,5100
Tamil Nadu,Ramanathapuram,Paramakudi(Uzhavar Sandhai ),Elephant Yam(Suran)/Amorphophallus,Elephant Yam (Suran),Local,26/08/2026,7000,7500,7250
Tamil Nadu,Ramanathapuram,Paramakudi(Uzhavar Sandhai ),Yam(Ratalu),Yam (Ratalu),Local,26/08/2026,7000,7500,7250
Tamil Nadu,Ramanathapuram,Paramakudi(Uzhavar Sandhai ),Lemon,Lemon,Local,26/08/2026,9000,10000,9500
Tamil Nadu,Ramanathapuram,Paramakudi(Uzhavar Sandhai ),Colacasia,Colacasia,Local,26/08/2026,6800,7000,6900
Tamil Nadu,Ramanathapuram,Ramanathapuram(Uzhavar Sandhai ),Ashgourd,Gouard,Local,26/08/2026,2500,2800,2650
Tamil Nadu,Ramanathapuram,Ramanathapuram(Uzhavar Sandhai ),Green Chilli,Green Chilly,Local,26/08/2026,6000,6500,6250
Tamil Nadu,Ramanathapuram,Ramanathapuram(Uzhavar Sandhai ),Ginger(Green),Green Ginger,Local,26/08/2026,20000,21000,20500
Tamil Nadu,Ramanathapuram,Ramanathapuram(Uzhavar Sandhai ),Carrot,Pusakesar,Local,26/08/2026,8000,8500,8250
Tamil Nadu,Ramanathapuram,Ramanathapuram(Uzhavar Sandhai ),Raddish,Raddish,Local,26/08/2026,4200,4500,4350
Tamil Nadu,Ramanathapuram,Ramanathapuram(Uzhavar Sandhai ),Mango(Raw-Ripe),Mango - Raw-Ripe,Local,26/08/2026,5000,5500,5250
Tamil Nadu,Ramanathapuram,Ramanathapuram(Uzhavar Sandhai ),Jasmine,Jasmine,Local,26/08/2026,60000,65000,62500
Tamil Nadu,Ramanathapuram,Ramanathapuram(Uzhavar Sandhai ),Lemon,Lemon,Local,26/08/2026,9000,9500,9250
Tamil Nadu,Ramanathapuram,Ramanathapuram(Uzhavar Sandhai ),Onion Green,Onion Green,Local,26/08/2026,8500,9000,8750
Tamil Nadu,Pudukkottai,Alangudi(Uzhavar Sandhai ),Bottle gourd,Bottle Gourd,Local,26/08/2026,2000,2500,2250
Tamil Nadu,Pudukkottai,Alangudi(Uzhavar Sandhai ),Raddish,Raddish,Local,26/08/2026,3500,4000,3750
Tamil Nadu,Pudukkottai,Alangudi(Uzhavar Sandhai ),Lemon,Lemon,Local,26/08/2026,11000,12000,11500
Tamil Nadu,Thiruvannamalai,Arani(Uzhavar Sandhai ),Potato,Red Nanital,Local,26/08/2026,3000,4000,3500
Tamil Nadu,Thiruvannamalai,Arani(Uzhavar Sandhai ),Coriander(Leaves),I Sort,Local,26/08/2026,4000,5000,4500
Tamil Nadu,Thiruvannamalai,Arani(Uzhavar Sandhai ),Papaya,Papaya,Local,26/08/2026,3000,4000,3500
Tamil Nadu,Thiruvannamalai,Arani(Uzhavar Sandhai ),Bitter gourd,Bitter Gourd,Local,26/08/2026,4000,4800,4400
Tamil Nadu,Thiruvannamalai,Arani(Uzhavar Sandhai ),Amaranthus,Amaranthus,Local,26/08/2026,1500,2000,1750
Tamil Nadu,Thiruvannamalai,Arani(Uzhavar Sandhai ),Green Chilli,Green Chilly,Local,26/08/2026,6000,7200,6600
Tamil Nadu,Thiruvannamalai,Arani(Uzhavar Sandhai ),Ridgeguard(Tori),Ridgeguard(Tori),Local,26/08/2026,3500,4200,3850
Tamil Nadu,Thiruvannamalai,Arani(Uzhavar Sandhai ),Raddish,Raddish,Local,26/08/2026,2500,3000,2750
Tamil Nadu,Thiruvannamalai,Arani(Uzhavar Sandhai ),Thondekai,Thondekai,Local,26/08/2026,3500,4000,3750
Tamil Nadu,Thiruvannamalai,Arani(Uzhavar Sandhai ),Colacasia,Colacasia,Local,26/08/2026,3500,4200,3850
Andhra Pradesh,Srikakulam,Narasannapet APMC,Paddy(Common),Paddy,FAQ,26/08/2026,2369,2369,2369
Tamil Nadu,Thiruvannamalai,Polur(Uzhavar Sandhai ),Banana,Besrai,Local,26/08/2026,4200,5000,4600
Tamil Nadu,Thiruvannamalai,Polur(Uzhavar Sandhai ),Mango,Safeda,Local,26/08/2026,5000,6000,5500
Tamil Nadu,Thiruvannamalai,Polur(Uzhavar Sandhai ),Potato,Red Nanital,Local,26/08/2026,2500,3000,2750
Tamil Nadu,Thiruvannamalai,Polur(Uzhavar Sandhai ),Brinjal,Round,Local,26/08/2026,4000,4800,4400
Tamil Nadu,Thiruvannamalai,Polur(Uzhavar Sandhai ),Bottle gourd,Bottle Gourd,Local,26/08/2026,1600,2000,1800
Tamil Nadu,Thiruvannamalai,Polur(Uzhavar Sandhai ),Banana - Green,Banana - Green,Local,26/08/2026,1600,2000,1800
Tamil Nadu,Thiruvannamalai,Polur(Uzhavar Sandhai ),Ginger(Green),Green Ginger,Local,26/08/2026,15000,18000,16500
Tamil Nadu,Thiruvannamalai,Polur(Uzhavar Sandhai ),Coconut,Coconut,Local,26/08/2026,4000,4500,4250
Tamil Nadu,Thiruvannamalai,Polur(Uzhavar Sandhai ),Snakeguard,Snakeguard,Local,26/08/2026,2500,3000,2750
Tamil Nadu,Thiruvannamalai,Polur(Uzhavar Sandhai ),Drumstick,Drumstick,Local,26/08/2026,3300,4000,3650
Tamil Nadu,Thiruvannamalai,Polur(Uzhavar Sandhai ),Mango(Raw-Ripe),Mango - Raw-Ripe,Local,26/08/2026,2500,3000,2750
Tamil Nadu,Thiruvannamalai,Polur(Uzhavar Sandhai ),Lemon,Lemon,Local,26/08/2026,8000,10000,9000
Tamil Nadu,Thiruvannamalai,Polur(Uzhavar Sandhai ),Colacasia,Colacasia,Local,26/08/2026,4000,4800,4400
Tamil Nadu,Thiruvannamalai,Tiruvannamalai(Uzhavar Sandhai ),Mousambi(Sweet Lime),Mousambi,Local,26/08/2026,5000,6000,5500
Tamil Nadu,Thiruvannamalai,Tiruvannamalai(Uzhavar Sandhai ),Tomato,Deshi,Local,26/08/2026,1600,2000,1800
Tamil Nadu,Thiruvannamalai,Tiruvannamalai(Uzhavar Sandhai ),Green Chilli,Green Chilly,Local,26/08/2026,5000,6000,5500
Tamil Nadu,Thiruvannamalai,Tiruvannamalai(Uzhavar Sandhai ),Sweet Potato,Hosur Red,Local,26/08/2026,3600,4000,3800
Tamil Nadu,Thiruvannamalai,Tiruvannamalai(Uzhavar Sandhai ),Green Avare(W),Green Avare (W),Local,26/08/2026,4000,5000,4500
Tamil Nadu,Thiruvannamalai,Tiruvannamalai(Uzhavar Sandhai ),Knool Khol,Knool Khol,Local,26/08/2026,3600,4000,3800
Tamil Nadu,Thiruvannamalai,Tiruvannamalai(Uzhavar Sandhai ),Elephant Yam(Suran)/Amorphophallus,Elephant Yam (Suran),Local,26/08/2026,4000,5000,4500
Tamil Nadu,Thiruvannamalai,Tiruvannamalai(Uzhavar Sandhai ),Lemon,Lemon,Local,26/08/2026,15000,16000,15500
Tamil Nadu,Thiruvarur,Mannargudi I(Uzhavar Sandhai ),Orange,Darjeeling,Local,26/08/2026,16000,16000,16000
Tamil Nadu,Thiruvarur,Mannargudi I(Uzhavar Sandhai ),Mango,Safeda,Local,26/08/2026,10000,14000,12000
Tamil Nadu,Thiruvarur,Mannargudi I(Uzhavar Sandhai ),Grapes,Annabesahai,Local,26/08/2026,10000,10000,10000
Tamil Nadu,Thiruvarur,Mannargudi I(Uzhavar Sandhai ),Onion,Bellary,Local,26/08/2026,5000,6400,5700
Tamil Nadu,Thiruvarur,Mannargudi I(Uzhavar Sandhai ),Tomato,Other,Local,26/08/2026,2000,2000,2000
Tamil Nadu,Thiruvarur,Mannargudi I(Uzhavar Sandhai ),Bottle gourd,Bottle Gourd,Local,26/08/2026,3000,3000,3000
Tamil Nadu,Thiruvarur,Mannargudi I(Uzhavar Sandhai ),Tapioca,Tapioca,Local,26/08/2026,4600,4600,4600
Tamil Nadu,Thiruvarur,Mannargudi I(Uzhavar Sandhai ),Ginger(Green),Green Ginger,Local,26/08/2026,10000,18000,14000
Tamil Nadu,Thiruvarur,Mannargudi I(Uzhavar Sandhai ),Raddish,Raddish,Local,26/08/2026,3000,3000,3000
Tamil Nadu,Thiruvarur,Mannargudi I(Uzhavar Sandhai ),Chow Chow,Chow Chow,Local,26/08/2026,4000,4000,4000
Tamil Nadu,Thiruvarur,Mannargudi I(Uzhavar Sandhai ),Guava,Guava Allahabad,Local,26/08/2026,5000,5000,5000
Tamil Nadu,Thiruvarur,Mannargudi I(Uzhavar Sandhai ),Mint(Pudina),Mint(Pudina),Local,26/08/2026,5000,5000,5000
Tamil Nadu,Thiruvarur,Mannargudi II(Uzhavar Sandhai ),Garlic,Garlic,Local,26/08/2026,20000,24000,22000
Tamil Nadu,Thiruvarur,Mannargudi II(Uzhavar Sandhai ),Cauliflower,Ranchi,Local,26/08/2026,6000,6000,6000
Tamil Nadu,Thiruvarur,Mannargudi II(Uzhavar Sandhai ),Banana - Green,Banana - Green,Local,26/08/2026,4800,4800,4800
Tamil Nadu,Thiruvarur,Mannargudi II(Uzhavar Sandhai ),Beans,Beans (Whole),Local,26/08/2026,6600,6600,6600
Tamil Nadu,Thiruvarur,Mannargudi II(Uzhavar Sandhai ),Snakeguard,Snakeguard,Local,26/08/2026,3600,4200,3900
Tamil Nadu,Thiruvarur,Mannargudi II(Uzhavar Sandhai ),Elephant Yam(Suran)/Amorphophallus,Elephant Yam (Suran),Local,26/08/2026,6000,6000,6000
Tamil Nadu,Thiruvarur,Tiruthuraipoondi(Uzhavar Sandhai ),Groundnut,Big (With Shell),Local,26/08/2026,6000,6000,6000
Tamil Nadu,Thiruvarur,Tiruthuraipoondi(Uzhavar Sandhai ),Mango,Safeda,Local,26/08/2026,12000,12000,12000
Tamil Nadu,Thiruvarur,Tiruthuraipoondi(Uzhavar Sandhai ),Brinjal,Round,Local,26/08/2026,4000,4000,4000
Tamil Nadu,Thiruvarur,Tiruthuraipoondi(Uzhavar Sandhai ),Cluster beans,Cluster Beans,Local,26/08/2026,4400,4400,4400
Tamil Nadu,Thiruvarur,Tiruthuraipoondi(Uzhavar Sandhai ),Ashgourd,Gouard,Local,26/08/2026,2500,2500,2500
Tamil Nadu,Thiruvarur,Tiruthuraipoondi(Uzhavar Sandhai ),Snakeguard,Snakeguard,Local,26/08/2026,3500,3500,3500
Tamil Nadu,Thiruvellore,Ambattur(Uzhavar Sandhai ),Potato,Other,Local,26/08/2026,3000,3000,3000
Tamil Nadu,Thiruvellore,Naravarikuppam(Uzhavar Sandhai ),Bhindi(Ladies Finger),Bhindi,Local,26/08/2026,4500,4500,4500
Tamil Nadu,Thiruvellore,Naravarikuppam(Uzhavar Sandhai ),Green Chilli,Green Chilly,Local,26/08/2026,4000,4000,4000
Tamil Nadu,Thiruvellore,Naravarikuppam(Uzhavar Sandhai ),Ridgeguard(Tori),Ridgeguard(Tori),Local,26/08/2026,4500,4500,4500
Tamil Nadu,Thiruvellore,Paruthipattu(Uzhavar Sandhai ),Tomato,Deshi,Local,26/08/2026,2500,2500,2500
Tamil Nadu,Thiruvellore,Paruthipattu(Uzhavar Sandhai ),Coconut,Coconut,Local,26/08/2026,6000,6000,6000
Tamil Nadu,Thiruvellore,Paruthipattu(Uzhavar Sandhai ),Snakeguard,Snakeguard,Local,26/08/2026,4000,4000,4000
Tamil Nadu,Thiruvellore,Paruthipattu(Uzhavar Sandhai ),Cucumbar(Kheera),Cucumbar,Local,26/08/2026,4000,4000,4000
Tamil Nadu,Thiruvellore,Paruthipattu(Uzhavar Sandhai ),Raddish,Raddish,Local,26/08/2026,4000,4000,4000
Tamil Nadu,Thiruvellore,Perambakkam(Uzhavar Sandhai ),Onion,Bellary,Local,26/08/2026,5000,5000,5000
Tamil Nadu,Thiruvellore,Perambakkam(Uzhavar Sandhai ),Tomato,Deshi,Local,26/08/2026,2500,2500,2500
Tamil Nadu,Thiruvellore,Perambakkam(Uzhavar Sandhai ),Bhindi(Ladies Finger),Bhindi,Local,26/08/2026,5000,5000,5000
Tamil Nadu,Tuticorin,Kovilpatti(Uzhavar Sandhai ),Pumpkin,Pumpkin,Local,26/08/2026,2500,3000,2750
Tamil Nadu,Tuticorin,Kovilpatti(Uzhavar Sandhai ),Beans,Beans (Whole),Local,26/08/2026,8000,8500,8250
Tamil Nadu,Tuticorin,Kovilpatti(Uzhavar Sandhai ),Coconut,Coconut,Local,26/08/2026,6500,7000,6750
Tamil Nadu,Tuticorin,Kovilpatti(Uzhavar Sandhai ),Snakeguard,Snakeguard,Local,26/08/2026,3500,4000,3750
Tamil Nadu,Tuticorin,Kovilpatti(Uzhavar Sandhai ),Green Avare(W),Other,Local,26/08/2026,4000,4500,4250
Tamil Nadu,Tuticorin,Kovilpatti(Uzhavar Sandhai ),Mango(Raw-Ripe),Mango - Raw-Ripe,Local,26/08/2026,6500,7000,6750
Tamil Nadu,Tuticorin,Kovilpatti(Uzhavar Sandhai ),Lime,Lime,Local,26/08/2026,17000,18000,17500
Tamil Nadu,Vellore,Gudiyatham(Uzhavar Sandhai ),Brinjal,Other,Local,26/08/2026,3600,3600,3600
Tamil Nadu,Vellore,Gudiyatham(Uzhavar Sandhai ),Bitter gourd,Bitter Gourd,Local,26/08/2026,4000,4000,4000
Tamil Nadu,Vellore,Gudiyatham(Uzhavar Sandhai ),Bottle gourd,Bottle Gourd,Local,26/08/2026,2000,2000,2000
Tamil Nadu,Vellore,Gudiyatham(Uzhavar Sandhai ),Bhindi(Ladies Finger),Bhindi,Local,26/08/2026,2400,2400,2400
Tamil Nadu,Vellore,Gudiyatham(Uzhavar Sandhai ),Ginger(Green),Green Ginger,Local,26/08/2026,18000,18000,18000
Tamil Nadu,Vellore,Gudiyatham(Uzhavar Sandhai ),Beetroot,Beetroot,Local,26/08/2026,5600,5600,5600
Tamil Nadu,Vellore,Gudiyatham(Uzhavar Sandhai ),Thondekai,Thondekai,Local,26/08/2026,4000,4000,4000
Tamil Nadu,Vellore,Gudiyatham(Uzhavar Sandhai ),Knool Khol,Knool Khol,Local,26/08/2026,3600,3600,3600
Tamil Nadu,Vellore,Gudiyatham(Uzhavar Sandhai ),Tender Coconut,Tender Coconut,Local,26/08/2026,3500,3500,3500
Tamil Nadu,Vellore,Gudiyatham(Uzhavar Sandhai ),Colacasia,Colacasia,Local,26/08/2026,5600,5600,5600
Tamil Nadu,Vellore,Gudiyatham(Uzhavar Sandhai ),Onion Green,Onion Green,Local,26/08/2026,8500,8500,8500
Tamil Nadu,Vellore,Gudiyatham(Uzhavar Sandhai ),Sweet Corn ,Sweet Corn ,Local,26/08/2026,3000,3000,3000
Tamil Nadu,Vellore,Kahithapattarai(Uzhavar Sandhai ),Groundnut,Big (With Shell),Local,26/08/2026,8000,8000,8000
Tamil Nadu,Vellore,Kahithapattarai(Uzhavar Sandhai ),Onion,Bellary,Local,26/08/2026,5800,5800,5800
Tamil Nadu,Vellore,Kahithapattarai(Uzhavar Sandhai ),Mousambi(Sweet Lime),Mousambi,Local,26/08/2026,6000,8000,7000
Tamil Nadu,Vellore,Kahithapattarai(Uzhavar Sandhai ),Pumpkin,Pumpkin,Local,26/08/2026,1500,1500,1500
Tamil Nadu,Vellore,Kahithapattarai(Uzhavar Sandhai ),Bhindi(Ladies Finger),Bhindi,Local,26/08/2026,3000,3000,3000
Tamil Nadu,Vellore,Kahithapattarai(Uzhavar Sandhai ),Beans,Beans (Whole),Local,26/08/2026,5500,6600,6050
Tamil Nadu,Vellore,Kahithapattarai(Uzhavar Sandhai ),Tapioca,Tapioca,Local,26/08/2026,3500,3500,3500
Tamil Nadu,Vellore,Kahithapattarai(Uzhavar Sandhai ),Snakeguard,Snakeguard,Local,26/08/2026,2000,2000,2000
Tamil Nadu,Vellore,Kahithapattarai(Uzhavar Sandhai ),Mint(Pudina),Mint(Pudina),Local,26/08/2026,7000,7000,7000
Andhra Pradesh,Prakasam,Darsi APMC,Paddy(Common),B P T,Local,26/08/2026,2500,2600,2600
Himachal Pradesh,Solan,PMY Kather Solan,Tomato,Other,Medium,26/08/2026,400,2400,1700
Himachal Pradesh,Solan,PMY Kather Solan,Cabbage,Other,Medium,26/08/2026,600,2800,1800
Himachal Pradesh,Solan,PMY Kather Solan,Potato,Other,Medium,26/08/2026,600,2000,1800
Himachal Pradesh,Solan,PMY Kather Solan,Cucumbar(Kheera),Other,Medium,26/08/2026,1500,3300,2800
Himachal Pradesh,Solan,PMY Kather Solan,Pomegranate,Other,Medium,26/08/2026,9000,11000,10000
Himachal Pradesh,Solan,PMY Kather Solan,Water Melon,Other,Medium,26/08/2026,2500,3500,3000
Punjab,Hoshiarpur,Mukerian APMC,Banana,Medium,Grade B,26/08/2026,2500,3500,3000
Punjab,Hoshiarpur,Mukerian APMC,Green Chilli,Green Chilly,Grade B,26/08/2026,2500,4500,3500
Punjab,Hoshiarpur,Mukerian APMC,Onion,Onion,Grade B,26/08/2026,3500,4500,4000
Punjab,Ludhiana,Samrala APMC,Green Chilli,Other,Local,26/08/2026,3000,3500,3200
Punjab,Ludhiana,Samrala APMC,Onion,Other,Local,26/08/2026,2500,3500,3000
Tripura,Sepahijala,Melaghar APMC,Potato,Jalander,Local,26/08/2026,1300,1500,1400
Punjab,Ludhiana,Ludhiana APMC,Ginger(Green),Other,FAQ,26/08/2026,4000,5000,4500
Punjab,Ludhiana,Ludhiana APMC,Apple,Other,Medium,26/08/2026,3000,9500,6000
Punjab,Ludhiana,Ludhiana APMC,Pea Pod/Pea Cod/à¤¹à¤°à¥€ à¤®à¤Ÿà¤°,Other,FAQ,26/08/2026,2500,7000,5000
Punjab,Ludhiana,Ludhiana APMC,Ridgeguard(Tori),Other,FAQ,26/08/2026,800,1700,1300
Punjab,Ludhiana,Ludhiana APMC,Bhindi(Ladies Finger),Other,FAQ,26/08/2026,1600,2000,1800
Punjab,Ludhiana,Ludhiana APMC,Potato,Other,FAQ,26/08/2026,100,600,300
Punjab,Ludhiana,Ludhiana APMC,Capsicum,Other,FAQ,26/08/2026,1000,3000,2000
Uttar Pradesh,Badaun,Badayoun APMC,Peas(Dry),Other,FAQ,26/08/2026,4800,4800,4800
Uttar Pradesh,Badaun,Badayoun APMC,Wood,Other,FAQ,26/08/2026,500,500,500
Odisha,Dhenkanal,Hindol APMC,Bitter gourd,Bitter Gourd,Grade B,26/08/2026,5500,6000,5800
Odisha,Dhenkanal,Hindol APMC,Brinjal,Brinjal,Grade B,26/08/2026,5000,6000,5500
Tamil Nadu,Thiruvannamalai,Cheyyar(Uzhavar Sandhai ),Brinjal,Other,Local,26/08/2026,4000,4800,4400
Tamil Nadu,Thiruvannamalai,Cheyyar(Uzhavar Sandhai ),Carrot,Pusakesar,Local,26/08/2026,6000,7200,6600
Tamil Nadu,Thiruvannamalai,Cheyyar(Uzhavar Sandhai ),Ridgeguard(Tori),Ridgeguard(Tori),Local,26/08/2026,3500,4200,3850
Tamil Nadu,Thiruvannamalai,Cheyyar(Uzhavar Sandhai ),Lemon,Lemon,Local,26/08/2026,10000,12000,11000
Tamil Nadu,Thiruvannamalai,Cheyyar(Uzhavar Sandhai ),Colacasia,Colacasia,Local,26/08/2026,3500,4200,3850
Andhra Pradesh,Kakinada,Kakinada (Urban) APMC,Paddy(Common),Common,FAQ,26/08/2026,2369,2390,2375
Andhra Pradesh,SPSR Nellore,Gudur APMC,Paddy(Common),MTU-1010,Local,26/08/2026,2389,2470,2430
Haryana,Ambala,Naraingarh APMC,Bitter gourd,Bitter Gourd,Medium,26/08/2026,1200,3000,2000
Haryana,Ambala,Naraingarh APMC,Banana,Banana - Ripe,Medium,26/08/2026,2200,3500,3000
Haryana,Ambala,Naraingarh APMC,Colacasia,Colacasia,Medium,26/08/2026,1000,2000,1500
Haryana,Ambala,Naraingarh APMC,Cauliflower,Cauliflower,Medium,26/08/2026,2500,5000,3500
Haryana,Ambala,Naraingarh APMC,Ginger(Green),Green Ginger,Medium,26/08/2026,3000,6000,5000
Haryana,Ambala,Naraingarh APMC,Onion,Onion,Medium,26/08/2026,2200,4000,3500
Haryana,Ambala,Naraingarh APMC,Guava,Guava,Medium,26/08/2026,3000,4000,3300
Punjab,Fatehgarh,Sirhind APMC,Apple,Other,Medium,26/08/2026,5000,9000,7000
Punjab,Fatehgarh,Sirhind APMC,Pineapple,Other,Medium,26/08/2026,4000,5000,4500
Punjab,Fatehgarh,Sirhind APMC,French Beans(Frasbean),Other,FAQ,26/08/2026,6000,6500,6200
Punjab,Fatehgarh,Sirhind APMC,Garlic,Other,FAQ,26/08/2026,10000,16000,13000
Punjab,Fatehgarh,Sirhind APMC,Ginger(Green),Other,FAQ,26/08/2026,7000,7600,7300
Punjab,Fatehgarh,Sirhind APMC,Brinjal,Other,Local,26/08/2026,100,2000,1600
Punjab,Fatehgarh,Sirhind APMC,Green Chilli,Other,FAQ,26/08/2026,2000,3000,2500
Odisha,Sundergarh,Panposh APMC,Bhindi(Ladies Finger),Other,FAQ,26/08/2026,3000,4000,3500
Tamil Nadu,Ariyalur,Ariyalur(Uzhavar Sandhai),Brinjal,Round,Local,26/08/2026,4000,4500,4250
Tamil Nadu,Ariyalur,Ariyalur(Uzhavar Sandhai),Coriander(Leaves),I Sort,Local,26/08/2026,4500,5000,4750
Tamil Nadu,Ariyalur,Ariyalur(Uzhavar Sandhai),Cluster beans,Cluster Beans,Local,26/08/2026,3000,3500,3250
Tamil Nadu,Ariyalur,Ariyalur(Uzhavar Sandhai),Bhindi(Ladies Finger),Bhindi,Local,26/08/2026,3500,4000,3750
Tamil Nadu,Ariyalur,Ariyalur(Uzhavar Sandhai),Amaranthus,Amaranthus,Local,26/08/2026,3000,3500,3250
Tamil Nadu,Ariyalur,Ariyalur(Uzhavar Sandhai),Beans,Beans (Whole),Local,26/08/2026,8000,9000,8500
Tamil Nadu,Ariyalur,Ariyalur(Uzhavar Sandhai),Cabbage,Cabbage,Local,26/08/2026,3000,3500,3250
Tamil Nadu,Ariyalur,Ariyalur(Uzhavar Sandhai),Beetroot,Beetroot,Local,26/08/2026,4000,4500,4250
Tamil Nadu,Ariyalur,Ariyalur(Uzhavar Sandhai),Raddish,Raddish,Local,26/08/2026,3000,3500,3250
Gujarat,Mehsana,Visnagar APMC,Jowar(Sorghum),Other,Local,26/08/2026,5500,7400,6450
Gujarat,Mehsana,Visnagar APMC,Wheat,Other,Local,26/08/2026,2455,2705,2577
Haryana,Mahendragarh-Narnaul,Narnaul APMC,Raddish,Raddish,Medium,26/08/2026,2500,3000,3000
Haryana,Mahendragarh-Narnaul,Narnaul APMC,Cabbage,Cabbage,Medium,26/08/2026,2000,3500,2500
Haryana,Mahendragarh-Narnaul,Narnaul APMC,Bhindi(Ladies Finger),Bhindi,Medium,26/08/2026,2000,3000,2500
Haryana,Mahendragarh-Narnaul,Narnaul APMC,Onion,Onion,Medium,26/08/2026,3000,4000,3500
Haryana,Mahendragarh-Narnaul,Narnaul APMC,Bitter gourd,Bitter Gourd,Medium,26/08/2026,2000,3500,2500
Haryana,Mahendragarh-Narnaul,Narnaul APMC,Pear(Marasebu),Pears,Medium,26/08/2026,8000,10000,9000
Haryana,Mahendragarh-Narnaul,Narnaul APMC,Banana,Banana - Ripe,Medium,26/08/2026,4000,5000,5000
Odisha,Cuttack,Banki APMC,Banana - Green,Banana - Green,Medium,26/08/2026,1200,1800,1500
Odisha,Cuttack,Banki APMC,Green Chilli,Other,Medium,26/08/2026,6000,7000,6500
Odisha,Cuttack,Banki APMC,Bhindi(Ladies Finger),Bhindi,Medium,26/08/2026,4500,5500,5000
Odisha,Cuttack,Banki APMC,Pointed gourd(Parval),Other,Medium,26/08/2026,5000,6000,5500
Himachal Pradesh,Kangra,PMY Kangra,Garlic,Average,FAQ,26/08/2026,18000,20000,19000
Himachal Pradesh,Kangra,PMY Kangra,Cauliflower,Cauliflower,FAQ,26/08/2026,5000,6000,5500
Himachal Pradesh,Kangra,PMY Kangra,Colacasia,Colacasia,FAQ,26/08/2026,3000,3200,3100
Himachal Pradesh,Kangra,PMY Kangra,Spinach,Spinach,FAQ,26/08/2026,3500,4000,3700
Himachal Pradesh,Kangra,PMY Kangra,Sponge gourd,Other,FAQ,26/08/2026,2500,3000,2700
Himachal Pradesh,Kangra,PMY Kangra,Lemon,Other,Medium,26/08/2026,9500,10000,9700
Uttarakhand,Haridwar,Haridwar Union APMC,Bottle gourd,Other,Local,26/08/2026,650,900,750
Uttarakhand,Haridwar,Haridwar Union APMC,Tomato,Other,Medium,26/08/2026,1200,2200,1500
Uttar Pradesh,Amroha,Hasanpur APMC,Bhindi(Ladies Finger),Bhindi,FAQ,26/08/2026,1850,2010,2000
Uttar Pradesh,Amroha,Hasanpur APMC,Cucumbar(Kheera),Cucumbar,FAQ,26/08/2026,1850,2020,2000
Punjab,Hoshiarpur,Garh Shankar APMC,Papaya,Papaya,Medium,26/08/2026,3500,3500,3500
Punjab,Hoshiarpur,Garh Shankar APMC,Tomato,Other,FAQ,26/08/2026,1800,1800,1800
Punjab,Hoshiarpur,Tanda Urmur APMC,Plum,Other,Grade A,26/08/2026,10000,12000,11000
Punjab,Hoshiarpur,Tanda Urmur APMC,Cucumbar(Kheera),Cucumbar,Grade A,26/08/2026,3000,4000,3500
Punjab,Hoshiarpur,Tanda Urmur APMC,Field Pea,Field Pea,Grade A,26/08/2026,7000,8000,7500
Punjab,Hoshiarpur,Tanda Urmur APMC,Green Chilli,Green Chilly,Grade A,26/08/2026,2500,3000,2800
Punjab,Hoshiarpur,Tanda Urmur APMC,Cabbage,Cabbage,Grade A,26/08/2026,2000,2500,2200
Punjab,Hoshiarpur,Tanda Urmur APMC,Potato,Potato,Grade A,26/08/2026,1100,1300,1200
Punjab,Hoshiarpur,Tanda Urmur APMC,Pumpkin,Pumpkin,Grade A,26/08/2026,1000,1200,1100
Punjab,Jalandhar,Adampur APMC,Cucumbar(Kheera),Cucumbar,FAQ,26/08/2026,2000,4000,4000
Punjab,Jalandhar,Adampur APMC,Onion,Onion,FAQ,26/08/2026,3800,4000,4000
Punjab,Jalandhar,Adampur APMC,Cabbage,Cabbage,FAQ,26/08/2026,1800,2000,2000
Punjab,Jalandhar,Adampur APMC,Green Chilli,Green Chilly,FAQ,26/08/2026,2000,3000,3000
Punjab,Jalandhar,Adampur APMC,Bottle gourd,Other,FAQ,26/08/2026,1200,1500,1500
Punjab,Jalandhar,Adampur APMC,Carrot,Carrot,FAQ,26/08/2026,1800,2000,2000
Punjab,Jalandhar,Adampur APMC,Tomato,Tomato,FAQ,26/08/2026,2000,2250,2250
Punjab,Jalandhar,Adampur APMC,Spinach,Spinach,FAQ,26/08/2026,2500,3000,3000
Punjab,Jalandhar,Adampur APMC,Ridgeguard(Tori),Ridgeguard(Tori),FAQ,26/08/2026,2000,2500,2500
Punjab,Jalandhar,Adampur APMC,Pumpkin,Pumpkin,FAQ,26/08/2026,800,1000,1000
Punjab,Jalandhar,Lohian Khas APMC,Bitter gourd,Other,Local,26/08/2026,2200,2600,2400
Punjab,Ludhiana,Doraha APMC,Bitter gourd,Other,Local,26/08/2026,1800,2500,2200
Punjab,Ludhiana,Doraha APMC,Bottle gourd,Bottle Gourd,Local,26/08/2026,1500,2500,2000
Punjab,Ludhiana,Doraha APMC,Carrot,Carrot,Local,26/08/2026,2000,2000,2000
Punjab,Ludhiana,Doraha APMC,Cauliflower,Local,Local,26/08/2026,3300,5000,4500
Punjab,Ludhiana,Doraha APMC,Coriander(Leaves),Coriander,Local,26/08/2026,3000,5000,4000
Punjab,Ludhiana,Doraha APMC,Lemon,Lemon,Local,26/08/2026,7000,8000,7500
Punjab,Ludhiana,Doraha APMC,Green Chilli,Other,Local,26/08/2026,1800,2500,2300
Punjab,Nawanshahr,Banga APMC,Green Chilli,Other,FAQ,26/08/2026,2000,2100,2100
Punjab,Nawanshahr,Banga APMC,Field Pea,Field Pea,FAQ,26/08/2026,6200,6900,6500
Punjab,Nawanshahr,Banga APMC,Potato,Other,FAQ,26/08/2026,650,910,800
Punjab,Nawanshahr,Banga APMC,Pear(Marasebu),Other,Medium,26/08/2026,4500,7500,7500
Punjab,Nawanshahr,Banga APMC,Bitter gourd,Other,FAQ,26/08/2026,1800,3000,3000
Haryana,Jhajar,Bahadurgarh APMC,Tomato,Other,FAQ,26/08/2026,1200,2200,2000
Haryana,Jhajar,Bahadurgarh APMC,Cucumbar(Kheera),Other,Medium,26/08/2026,1200,1500,1400
Haryana,Jhajar,Bahadurgarh APMC,Bottle gourd,Other,Medium,26/08/2026,1200,1500,1400
Haryana,Jhajar,Bahadurgarh APMC,Bhindi(Ladies Finger),Other,Medium,26/08/2026,2500,3000,2800
Tamil Nadu,Coimbatore,Sundarapuram(Uzhavar Sandhai ),Potato,Other,Local,26/08/2026,6500,7200,6850
Tamil Nadu,Coimbatore,Sundarapuram(Uzhavar Sandhai ),Ashgourd,Gouard,Local,26/08/2026,2000,2200,2100
Tamil Nadu,Coimbatore,Sundarapuram(Uzhavar Sandhai ),Bhindi(Ladies Finger),Bhindi,Local,26/08/2026,4400,4800,4600
Tamil Nadu,Coimbatore,Sundarapuram(Uzhavar Sandhai ),Green Chilli,Green Chilly,Local,26/08/2026,4400,4800,4600
Tamil Nadu,Coimbatore,Sundarapuram(Uzhavar Sandhai ),Cowpea(Veg),Cowpea (Veg),Local,26/08/2026,4000,4500,4250
Tamil Nadu,Coimbatore,Sundarapuram(Uzhavar Sandhai ),Sweet Potato,Hosur Red,Local,26/08/2026,4500,5000,4750
Tamil Nadu,Coimbatore,Sundarapuram(Uzhavar Sandhai ),Snakeguard,Snakeguard,Local,26/08/2026,3500,4000,3750
Tamil Nadu,Coimbatore,Sundarapuram(Uzhavar Sandhai ),Raddish,Raddish,Local,26/08/2026,3500,4000,3750
Tamil Nadu,Coimbatore,Sundarapuram(Uzhavar Sandhai ),Drumstick,Drumstick,Local,26/08/2026,3400,3800,3600
Tamil Nadu,Coimbatore,Sundarapuram(Uzhavar Sandhai ),Elephant Yam(Suran)/Amorphophallus,Elephant Yam (Suran),Local,26/08/2026,3800,4200,4000
Tamil Nadu,Coimbatore,Sundarapuram(Uzhavar Sandhai ),Amla(Nelli Kai),Amla,Local,26/08/2026,8500,9000,8750
Tamil Nadu,Coimbatore,Sundarapuram(Uzhavar Sandhai ),Mint(Pudina),Mint(Pudina),Local,26/08/2026,4500,5000,4750
Haryana,Rohtak,Meham,Banana,Medium,Medium,26/08/2026,1700,1700,1700
Haryana,Rohtak,Meham,Potato,Potato,Medium,26/08/2026,800,800,800
Haryana,Rohtak,Meham,Bitter gourd,Bitter Gourd,Medium,26/08/2026,2000,2000,2000
Punjab,Gurdaspur,Kalanaur APMC,Pumpkin,Pumpkin,Grade A,26/08/2026,1300,1300,1300
Himachal Pradesh,Solan,SMY Nalagarh,Bottle gourd,Other,Grade A,26/08/2026,1200,2000,1600
Himachal Pradesh,Solan,SMY Nalagarh,Potato,Other,Grade A,26/08/2026,400,1000,700
Himachal Pradesh,Solan,SMY Nalagarh,Pumpkin,Other,Grade A,26/08/2026,1000,1500,1300
Himachal Pradesh,Solan,SMY Nalagarh,Onion,Other,Grade A,26/08/2026,1500,4500,3000
Himachal Pradesh,Solan,SMY Nalagarh,Brinjal,Other,Grade A,26/08/2026,2000,2500,2300
Himachal Pradesh,Solan,SMY Nalagarh,Cucumbar(Kheera),Other,Grade A,26/08/2026,2000,2500,2300
Punjab,Bhatinda,Rampuraphul(Nabha Mandi) APMC,Mousambi(Sweet Lime),Mousambi,Grade A,26/08/2026,4000,6000,5000
Punjab,Bhatinda,Rampuraphul(Nabha Mandi) APMC,Raddish,Other,Grade A,26/08/2026,1500,2500,2000
Punjab,Hoshiarpur,Mukerian(Talwara) APMC,Potato,Potato,FAQ,26/08/2026,800,1600,1200
Himachal Pradesh,Kangra,SMY Baijnath,Banana,Banana - Ripe,Grade B,26/08/2026,3800,4000,3900
Himachal Pradesh,Kangra,SMY Baijnath,Bottle gourd,Bottle Gourd,Grade A,26/08/2026,3500,4500,4000
Himachal Pradesh,Kangra,SMY Baijnath,Papaya,Papaya,Grade B,26/08/2026,4800,5000,4800
Himachal Pradesh,Kangra,SMY Baijnath,Brinjal,Brinjal,Grade B,26/08/2026,3200,3500,3400
Himachal Pradesh,Kangra,SMY Baijnath,Carrot,Carrot,Grade A,26/08/2026,3200,3300,3300
Himachal Pradesh,Kangra,SMY Baijnath,Onion,Onion,Grade A,26/08/2026,4800,5200,4800
Himachal Pradesh,Kangra,SMY Baijnath,Raddish,Raddish,Grade A,26/08/2026,2400,2500,2500
Himachal Pradesh,Kangra,SMY Jaisinghpur,Green Chilli,Green Chilly,FAQ,26/08/2026,4200,4800,4500
Himachal Pradesh,Kangra,SMY Jaisinghpur,Papaya,Other,Medium,26/08/2026,5200,5800,5500
Himachal Pradesh,Kangra,SMY Jaisinghpur,Pineapple,Other,Medium,26/08/2026,5000,5200,5100
Himachal Pradesh,Kangra,SMY Jaisinghpur,Potato,Potato,FAQ,26/08/2026,1200,2500,1800
Himachal Pradesh,Kangra,SMY Jaisinghpur,Bhindi(Ladies Finger),Bhindi,FAQ,26/08/2026,3000,3200,3100
Tamil Nadu,Erode,Sathiyamagalam(Uzhavar Sandhai ),Onion,Bellary,Local,26/08/2026,5400,5800,5600
Tamil Nadu,Erode,Sathiyamagalam(Uzhavar Sandhai ),Cauliflower,Ranchi,Local,26/08/2026,2800,3200,3000
Tamil Nadu,Erode,Sathiyamagalam(Uzhavar Sandhai ),Papaya,Papaya,Local,26/08/2026,2000,2300,2150
Tamil Nadu,Erode,Sathiyamagalam(Uzhavar Sandhai ),Bottle gourd,Bottle Gourd,Local,26/08/2026,1500,2000,1750
Tamil Nadu,Erode,Sathiyamagalam(Uzhavar Sandhai ),Amaranthus,Amaranthus,Local,26/08/2026,3500,4000,3750
Tamil Nadu,Erode,Sathiyamagalam(Uzhavar Sandhai ),Banana - Green,Banana - Green,Local,26/08/2026,3000,3500,3250
Tamil Nadu,Erode,Sathiyamagalam(Uzhavar Sandhai ),Beans,Beans (Whole),Local,26/08/2026,8500,9000,8750
Tamil Nadu,Erode,Sathiyamagalam(Uzhavar Sandhai ),Ginger(Green),Green Ginger,Local,26/08/2026,15000,16000,15500
Tamil Nadu,Erode,Sathiyamagalam(Uzhavar Sandhai ),Ridgeguard(Tori),Ridgeguard(Tori),Local,26/08/2026,4400,4800,4600
Tamil Nadu,Erode,Sathiyamagalam(Uzhavar Sandhai ),Chow Chow,Chow Chow,Local,26/08/2026,2500,3000,2750
Tamil Nadu,Erode,Sathiyamagalam(Uzhavar Sandhai ),Drumstick,Drumstick,Local,26/08/2026,2400,2800,2600
Tamil Nadu,Coimbatore,Mettupalayam(Uzhavar Sandhai ),Groundnut,Big (With Shell),Local,26/08/2026,7000,8000,7500
Tamil Nadu,Coimbatore,Mettupalayam(Uzhavar Sandhai ),Banana,Besrai,Local,26/08/2026,4000,8000,6000
Tamil Nadu,Coimbatore,Mettupalayam(Uzhavar Sandhai ),Mango,Safeda,Local,26/08/2026,6000,10000,8000
Tamil Nadu,Coimbatore,Mettupalayam(Uzhavar Sandhai ),Brinjal,Round,Local,26/08/2026,3000,3500,3250
Tamil Nadu,Coimbatore,Mettupalayam(Uzhavar Sandhai ),Green Peas,Green Peas,Local,26/08/2026,12000,15000,13500
Tamil Nadu,Coimbatore,Mettupalayam(Uzhavar Sandhai ),Water Melon,Water Melon,Local,26/08/2026,2000,2500,2250
Tamil Nadu,Coimbatore,Mettupalayam(Uzhavar Sandhai ),Pumpkin,Pumpkin,Local,26/08/2026,1600,2000,1800
Tamil Nadu,Coimbatore,Mettupalayam(Uzhavar Sandhai ),Bhindi(Ladies Finger),Bhindi,Local,26/08/2026,3500,4000,3750
Tamil Nadu,Coimbatore,Mettupalayam(Uzhavar Sandhai ),Green Chilli,Green Chilly,Local,26/08/2026,3000,3500,3250
Tamil Nadu,Coimbatore,Mettupalayam(Uzhavar Sandhai ),Ginger(Green),Green Ginger,Local,26/08/2026,8000,16500,12250
Tamil Nadu,Coimbatore,Mettupalayam(Uzhavar Sandhai ),Coconut,Coconut,Local,26/08/2026,5500,6000,5750
Tamil Nadu,Coimbatore,Mettupalayam(Uzhavar Sandhai ),Drumstick,Drumstick,Local,26/08/2026,2500,3000,2750
Tamil Nadu,Coimbatore,Mettupalayam(Uzhavar Sandhai ),Mango(Raw-Ripe),Mango - Raw-Ripe,Local,26/08/2026,6000,7000,6500
Tamil Nadu,Coimbatore,Mettupalayam(Uzhavar Sandhai ),Guava,Guava Allahabad,Local,26/08/2026,5500,6000,5750
Tamil Nadu,Coimbatore,Mettupalayam(Uzhavar Sandhai ),Sweet Corn ,Sweet Corn ,Local,26/08/2026,3500,4000,3750
Uttar Pradesh,Khiri (Lakhimpur),Mohammdi APMC,Wheat,Other,FAQ,26/08/2026,2400,2470,2419.95
Uttar Pradesh,Saharanpur,Gangoh APMC,Paddy(Common),Other,FAQ,26/08/2026,4200,4200,4200
Telangana,Hyderabad,RYTHU BAZAR MEHDIPATNAM,Bitter gourd,Bitter Gourd,Grade A,26/08/2026,2600,2600,2600
Telangana,Hyderabad,RYTHU BAZAR MEHDIPATNAM,Cabbage,Cabbage,Grade A,26/08/2026,1500,1500,1500
Telangana,Hyderabad,RYTHU BAZAR MEHDIPATNAM,Onion,1st Sort,Grade A,26/08/2026,4000,4000,4000
Telangana,Hyderabad,RYTHU BAZAR MEHDIPATNAM,Leafy Vegetable,Leafy Vegetables,Grade A,26/08/2026,3000,3000,3000
Telangana,Hyderabad,RYTHU BAZAR MEHDIPATNAM,Snakeguard,Other,Grade A,26/08/2026,1300,1300,1300
Telangana,Hyderabad,RYTHU BAZAR MEHDIPATNAM,Wild Cucumber,Wild Cucumber,Grade A,26/08/2026,1500,1500,1500
Uttar Pradesh,Sant Kabir Nagar,Khalilabad APMC,Garlic,Other,FAQ,26/08/2026,3000,3000,3000
Uttar Pradesh,Sant Kabir Nagar,Khalilabad APMC,Wheat,Medium,FAQ,26/08/2026,2530,2530,2530
Uttar Pradesh,Sant Kabir Nagar,Khalilabad APMC,Wheat,Dara,FAQ,26/08/2026,2710,2710,2710
Uttar Pradesh,Bijnor,Nagina APMC,Wheat,Dara,FAQ,26/08/2026,2650,2650,2650
Punjab,Ludhiana,Raikot APMC,Capsicum,Other,Grade A,26/08/2026,1690,1690,1690
Punjab,Ludhiana,Raikot APMC,Cucumbar(Kheera),Cucumbar,Grade A,26/08/2026,2670,2670,2670
Punjab,Ludhiana,Raikot APMC,Potato,Badshah,Grade A,26/08/2026,630,630,630
Haryana,Panipat,Samalkha APMC,Bhindi(Ladies Finger),Bhindi,FAQ,26/08/2026,1200,2000,1500
Haryana,Panipat,Samalkha APMC,Cucumbar(Kheera),Cucumbar,FAQ,26/08/2026,2500,3000,2800
Haryana,Panipat,Samalkha APMC,Cabbage,Cabbage,FAQ,26/08/2026,1500,2000,1800
Haryana,Panipat,Samalkha APMC,Onion,Other,FAQ,26/08/2026,3500,4000,3800
Haryana,Panipat,Samalkha APMC,Tinda,Tinda,FAQ,26/08/2026,5000,5000,5000
Tamil Nadu,Namakkal,Tiruchengode APMC,Banana,Red Banana,Local,26/08/2026,7200,8000,7600
Tamil Nadu,Namakkal,Tiruchengode APMC,Papaya,Papaya,Local,26/08/2026,3000,3500,3250
Tamil Nadu,Namakkal,Tiruchengode APMC,Tomato,Other,Local,26/08/2026,2000,2200,2100
Tamil Nadu,Namakkal,Tiruchengode APMC,Bitter gourd,Other,Local,26/08/2026,5400,6000,5700
Tamil Nadu,Namakkal,Tiruchengode APMC,Green Chilli,Green Chilly,Local,26/08/2026,4500,5000,4750
Tamil Nadu,Namakkal,Tiruchengode APMC,Tapioca,Tapioca,Local,26/08/2026,2600,3000,2800
Tamil Nadu,Namakkal,Tiruchengode APMC,Beetroot,Beetroot,Local,26/08/2026,7000,8000,7500
Tamil Nadu,Namakkal,Tiruchengode APMC,Ridgeguard(Tori),Ridgeguard(Tori),Local,26/08/2026,5400,6000,5700
Tamil Nadu,Namakkal,Tiruchengode APMC,Chow Chow,Chow Chow,Local,26/08/2026,2600,3000,2800
Tamil Nadu,Namakkal,Tiruchengode APMC,Mango(Raw-Ripe),Mango - Raw-Ripe,Local,26/08/2026,4500,5000,4750
Tamil Nadu,Namakkal,Tiruchengode APMC,Yam(Ratalu),Yam (Ratalu),Local,26/08/2026,6200,7000,6600
Tamil Nadu,Namakkal,Tiruchengode APMC,Onion Green,Onion Green,Local,26/08/2026,6200,7000,6600
Tamil Nadu,Ariyalur,Jeyankondam (Uzhavar Sandhai ),Tomato,Deshi,Local,26/08/2026,2200,2600,2400
Andhra Pradesh,Visakhapatnam,Bhimunipatnam APMC,Ragi(Finger Millet),Local,Local,26/08/2026,5000,5000,5000
Uttar Pradesh,Siddharth Nagar,Naugarh APMC,Apple,Delicious,Grade A,26/08/2026,9420,9440,9430
Telangana,Hyderabad,RYTHU BAZAR ERRAGADDA,Tomato,Deshi,Grade A,26/08/2026,1900,1900,1900
Telangana,Hyderabad,RYTHU BAZAR ERRAGADDA,Bottle gourd,Bottle Gourd,Grade A,26/08/2026,900,900,900
Telangana,Hyderabad,RYTHU BAZAR ERRAGADDA,Drumstick,Drumstick,Grade A,26/08/2026,4000,4000,4000
Tamil Nadu,Coimbatore,RSPuram(Uzhavar Sandhai ),Apple,American,Local,26/08/2026,20000,28000,24000
Tamil Nadu,Coimbatore,RSPuram(Uzhavar Sandhai ),Coriander(Leaves),I Sort,Local,26/08/2026,3500,4000,3750
Tamil Nadu,Coimbatore,RSPuram(Uzhavar Sandhai ),Green Peas,Green Peas,Local,26/08/2026,22500,23500,23000
Tamil Nadu,Coimbatore,RSPuram(Uzhavar Sandhai ),Tomato,Local,Local,26/08/2026,1600,1800,1700
Tamil Nadu,Coimbatore,RSPuram(Uzhavar Sandhai ),Green Chilli,Green Chilly,Local,26/08/2026,3800,4200,4000
Tamil Nadu,Coimbatore,RSPuram(Uzhavar Sandhai ),Cabbage,Cabbage,Local,26/08/2026,2200,2500,2350
Tamil Nadu,Coimbatore,RSPuram(Uzhavar Sandhai ),Knool Khol,Knool Khol,Local,26/08/2026,5000,5500,5250
Tamil Nadu,Coimbatore,RSPuram(Uzhavar Sandhai ),Pomegranate,Pomogranate,Local,26/08/2026,10000,14000,12000
Tamil Nadu,Coimbatore,RSPuram(Uzhavar Sandhai ),Tender Coconut,Tender Coconut,Local,26/08/2026,4000,4500,4250
Tamil Nadu,Coimbatore,Singanallur(Uzhavar Sandhai ),Apple,American,Local,26/08/2026,25000,28000,26500
Tamil Nadu,Coimbatore,Singanallur(Uzhavar Sandhai ),Orange,Darjeeling,Local,26/08/2026,8500,9000,8750
Tamil Nadu,Coimbatore,Singanallur(Uzhavar Sandhai ),Pumpkin,Pumpkin,Local,26/08/2026,2000,2200,2100
Tamil Nadu,Coimbatore,Singanallur(Uzhavar Sandhai ),Cowpea(Veg),Cowpea (Veg),Local,26/08/2026,4000,4500,4250
Tamil Nadu,Coimbatore,Singanallur(Uzhavar Sandhai ),Beans,Beans (Whole),Local,26/08/2026,7500,8000,7750
Tamil Nadu,Coimbatore,Singanallur(Uzhavar Sandhai ),Pomegranate,Pomogranate,Local,26/08/2026,12000,14000,13000
Tamil Nadu,Coimbatore,Singanallur(Uzhavar Sandhai ),Mint(Pudina),Mint(Pudina),Local,26/08/2026,5500,6000,5750
Gujarat,Banaskanth,Dhanera APMC,Mustard,Mustard,Local,26/08/2026,7350,7970,7610
Gujarat,Banaskanth,Deesa APMC,Wheat,Other,FAQ,26/08/2026,2515,2730,2650
Gujarat,Banaskanth,Deesa APMC,"Sesamum(Sesame,Gingelly,Til)",White,FAQ,26/08/2026,10000,10000,10000
Gujarat,Rajkot,Rajkot(Veg.Sub Yard) APMC,Ginger(Green),Green Ginger,FAQ,26/08/2026,7225,14930,11075
Gujarat,Rajkot,Rajkot(Veg.Sub Yard) APMC,Lemon,Lemon,FAQ,26/08/2026,3955,8070,6010
Gujarat,Rajkot,Rajkot(Veg.Sub Yard) APMC,Bhindi(Ladies Finger),Bhindi,FAQ,26/08/2026,3035,4070,3550
Tamil Nadu,Coimbatore,Pollachi(Uzhavar Sandhai ),Papaya,Papaya,Local,26/08/2026,3000,3500,3250
Tamil Nadu,Coimbatore,Pollachi(Uzhavar Sandhai ),Tomato,Deshi,Local,26/08/2026,1500,1800,1650
Tamil Nadu,Coimbatore,Pollachi(Uzhavar Sandhai ),Bitter gourd,Bitter Gourd,Local,26/08/2026,5500,6000,5750
Tamil Nadu,Coimbatore,Pollachi(Uzhavar Sandhai ),Bhindi(Ladies Finger),Bhindi,Local,26/08/2026,4500,5000,4750
Tamil Nadu,Coimbatore,Pollachi(Uzhavar Sandhai ),Cowpea(Veg),Cowpea (Veg),Local,26/08/2026,4000,4500,4250
Tamil Nadu,Coimbatore,Pollachi(Uzhavar Sandhai ),Ginger(Green),Green Ginger,Local,26/08/2026,20000,22000,21000
Tamil Nadu,Coimbatore,Pollachi(Uzhavar Sandhai ),Amla(Nelli Kai),Amla,Local,26/08/2026,7000,8000,7500
Madhya Pradesh,Betul,Betul(F&V) APMC,Cabbage,Cabbage,FAQ,26/08/2026,1000,1500,1300
Odisha,Rayagada,Rayagada(Muniguda) APMC,Pineapple,Other,Medium,26/08/2026,4050,4420,4250
Odisha,Rayagada,Rayagada(Muniguda) APMC,Bhindi(Ladies Finger),Bhindi,Medium,26/08/2026,4200,6000,4920
Telangana,Ranga Reddy,Ibrahimpatnam APMC,Bhindi(Ladies Finger),Bhindi,Local,26/08/2026,3000,3000,3000
Chandigarh,Chandigarh,Chandigarh (Grain/F&V) APMC,Mango,Other,Medium,26/08/2026,4000,10000,9000
Chandigarh,Chandigarh,Chandigarh (Grain/F&V) APMC,Bitter gourd,Bitter Gourd,FAQ,26/08/2026,800,1400,1200
Chandigarh,Chandigarh,Chandigarh (Grain/F&V) APMC,Carrot,Carrot,FAQ,26/08/2026,1500,2000,1800
Chandigarh,Chandigarh,Chandigarh (Grain/F&V) APMC,Potato,Potato,FAQ,26/08/2026,500,1400,900
Uttar Pradesh,Amroha,Dhanaura APMC,Gur(Jaggery),Other,FAQ,26/08/2026,5000,5000,5000
Telangana,Ranga Reddy,"Vanasthalipuram,RBZ ",Colacasia,Colacasia,Grade A,26/08/2026,2500,2500,2500
Telangana,Ranga Reddy,"Vanasthalipuram,RBZ ",Cucumbar(Kheera),Other,Grade A,26/08/2026,1800,1800,1800
Telangana,Ranga Reddy,"Vanasthalipuram,RBZ ",Tomato,Other,Grade A,26/08/2026,1900,1900,1900
Telangana,Ranga Reddy,"Vanasthalipuram,RBZ ",Carrot,Carrot,Grade A,26/08/2026,3700,3700,3700
Telangana,Ranga Reddy,"Vanasthalipuram,RBZ ",Potato,Potato,Grade A,26/08/2026,1600,1600,1600
Tamil Nadu,Karur,Karur(Uzhavar Sandhai ),Banana,Red Banana,Local,26/08/2026,5000,6000,5500
Tamil Nadu,Karur,Karur(Uzhavar Sandhai ),Onion,Bellary,Local,26/08/2026,5500,6000,5750
Tamil Nadu,Karur,Karur(Uzhavar Sandhai ),Tomato,Deshi,Local,26/08/2026,1500,2000,1750
Tamil Nadu,Karur,Karur(Uzhavar Sandhai ),Raddish,Raddish,Local,26/08/2026,2500,3000,2750
Tamil Nadu,Karur,Karur(Uzhavar Sandhai ),Drumstick,Drumstick,Local,26/08/2026,1500,2000,1750
Tamil Nadu,Karur,Karur(Uzhavar Sandhai ),Elephant Yam(Suran)/Amorphophallus,Elephant Yam (Suran),Local,26/08/2026,4500,5000,4750
Tamil Nadu,Coimbatore,Kurichi(Uzhavar Sandhai ),Coriander(Leaves),I Sort,Local,26/08/2026,3500,4000,3750
Tamil Nadu,Coimbatore,Kurichi(Uzhavar Sandhai ),Papaya,Papaya,Local,26/08/2026,4000,4500,4250
Tamil Nadu,Coimbatore,Kurichi(Uzhavar Sandhai ),Cluster beans,Cluster Beans,Local,26/08/2026,4000,4500,4250
Tamil Nadu,Coimbatore,Kurichi(Uzhavar Sandhai ),Bitter gourd,Other,Local,26/08/2026,5500,6000,5750
Tamil Nadu,Coimbatore,Kurichi(Uzhavar Sandhai ),Ashgourd,Gouard,Local,26/08/2026,2000,2200,2100
Tamil Nadu,Coimbatore,Kurichi(Uzhavar Sandhai ),Bhindi(Ladies Finger),Bhindi,Local,26/08/2026,4500,4800,4650
Tamil Nadu,Coimbatore,Kurichi(Uzhavar Sandhai ),Tapioca,Tapioca,Local,26/08/2026,3000,3500,3250
Tamil Nadu,Coimbatore,Kurichi(Uzhavar Sandhai ),Coconut,Coconut,Local,26/08/2026,5600,6000,5800
Tamil Nadu,Coimbatore,Kurichi(Uzhavar Sandhai ),Ridgeguard(Tori),Ridgeguard(Tori),Local,26/08/2026,4000,4500,4250
Tamil Nadu,Coimbatore,Kurichi(Uzhavar Sandhai ),Onion Green,Onion Green,Local,26/08/2026,7000,7500,7250
Tamil Nadu,Coimbatore,Kurichi(Uzhavar Sandhai ),Mint(Pudina),Mint(Pudina),Local,26/08/2026,4500,5000,4750
Assam,Kamrup,Pamohi(Garchuk) APMC,Cabbage,Cabbage,FAQ,26/08/2026,1800,2500,2000
Assam,Kamrup,Pamohi(Garchuk) APMC,Capsicum,Capsicum,FAQ,26/08/2026,2500,3500,3000
Assam,Kamrup,Pamohi(Garchuk) APMC,Squash(Chappal Kadoo),Squash(Chappal Kadoo),FAQ,26/08/2026,800,1500,1000
Assam,Kamrup,Pamohi(Garchuk) APMC,Ridgeguard(Tori),Ridgeguard(Tori),FAQ,26/08/2026,2400,3000,2600
Tamil Nadu,Cuddalore,Chidambaram(Uzhavar Sandhai ),Onion,Bellary,Local,26/08/2026,5000,5000,5000
Tamil Nadu,Cuddalore,Chidambaram(Uzhavar Sandhai ),Potato,Red Nanital,Local,26/08/2026,4000,4000,4000
Tamil Nadu,Cuddalore,Chidambaram(Uzhavar Sandhai ),Bhindi(Ladies Finger),Bhindi,Local,26/08/2026,3000,3000,3000
Tamil Nadu,Cuddalore,Chidambaram(Uzhavar Sandhai ),Raddish,Raddish,Local,26/08/2026,3000,3000,3000
Tamil Nadu,Cuddalore,Chidambaram(Uzhavar Sandhai ),Onion Green,Onion Green,Local,26/08/2026,7000,7000,7000
Tamil Nadu,Cuddalore,Cuddalore(Uzhavar Sandhai ),Cluster beans,Cluster Beans,Local,26/08/2026,4000,4000,4000
Tamil Nadu,Cuddalore,Cuddalore(Uzhavar Sandhai ),Green Chilli,Green Chilly,Local,26/08/2026,6000,6000,6000
Tamil Nadu,Cuddalore,Cuddalore(Uzhavar Sandhai ),Banana - Green,Banana - Green,Local,26/08/2026,2000,2000,2000
Tamil Nadu,Cuddalore,Cuddalore(Uzhavar Sandhai ),Coconut,Coconut,Local,26/08/2026,5000,5000,5000
Tamil Nadu,Cuddalore,Cuddalore(Uzhavar Sandhai ),Sweet Potato,Hosur Red,Local,26/08/2026,10000,10000,10000
Tamil Nadu,Cuddalore,Cuddalore(Uzhavar Sandhai ),Cabbage,Cabbage,Local,26/08/2026,3000,3000,3000
Tamil Nadu,Cuddalore,Cuddalore(Uzhavar Sandhai ),Raddish,Raddish,Local,26/08/2026,3000,3000,3000
Tamil Nadu,Cuddalore,Cuddalore(Uzhavar Sandhai ),Mango(Raw-Ripe),Mango - Raw-Ripe,Local,26/08/2026,9000,14000,11500
Tamil Nadu,Cuddalore,Cuddalore(Uzhavar Sandhai ),Guava,Guava Allahabad,Local,26/08/2026,4000,4000,4000
Tamil Nadu,Chengalpattu,Thirukalukundram(Uzhavar Sandhai ),Coriander(Leaves),I Sort,Local,26/08/2026,4000,4000,4000
Tamil Nadu,Chengalpattu,Thirukalukundram(Uzhavar Sandhai ),Ashgourd,Gouard,Local,26/08/2026,2000,2500,2250
Tamil Nadu,Chengalpattu,Thirukalukundram(Uzhavar Sandhai ),Banana - Green,Banana - Green,Local,26/08/2026,3800,4000,3900
Tamil Nadu,Chengalpattu,Thirukalukundram(Uzhavar Sandhai ),Ridgeguard(Tori),Ridgeguard(Tori),Local,26/08/2026,6000,7000,6500
Tamil Nadu,Chengalpattu,Thirukalukundram(Uzhavar Sandhai ),Guava,Guava Allahabad,Local,26/08/2026,5000,6000,5500
Tamil Nadu,Tuticorin,Tuticorin(Uzhavar Sandhai ),Onion,Bellary,Local,26/08/2026,5000,5500,5250
Tamil Nadu,Tuticorin,Tuticorin(Uzhavar Sandhai ),Garlic,Garlic,Local,26/08/2026,21000,22000,21500
Tamil Nadu,Tuticorin,Tuticorin(Uzhavar Sandhai ),Green Peas,Green Peas,Local,26/08/2026,23000,24000,23500
Tamil Nadu,Tuticorin,Tuticorin(Uzhavar Sandhai ),Chikoos(Sapota),Sapota,Local,26/08/2026,4500,5000,4750
Tamil Nadu,Tuticorin,Tuticorin(Uzhavar Sandhai ),Bottle gourd,Bottle Gourd,Local,26/08/2026,1500,2000,1750
Tamil Nadu,Tuticorin,Tuticorin(Uzhavar Sandhai ),Pumpkin,Pumpkin,Local,26/08/2026,1500,2000,1750
Tamil Nadu,Tuticorin,Tuticorin(Uzhavar Sandhai ),Bhindi(Ladies Finger),Bhindi,Local,26/08/2026,3500,4000,3750
Tamil Nadu,Tuticorin,Tuticorin(Uzhavar Sandhai ),Green Chilli,Green Chilly,Local,26/08/2026,6500,7000,6750
Tamil Nadu,Tuticorin,Tuticorin(Uzhavar Sandhai ),Coconut,Coconut,Local,26/08/2026,6500,7000,6750
Tamil Nadu,Tuticorin,Tuticorin(Uzhavar Sandhai ),Carrot,Pusakesar,Local,26/08/2026,7500,8000,7750
Tamil Nadu,Tuticorin,Tuticorin(Uzhavar Sandhai ),Cabbage,Cabbage,Local,26/08/2026,3500,4000,3750
Tamil Nadu,Tuticorin,Tuticorin(Uzhavar Sandhai ),Cucumbar(Kheera),Cucumbar,Local,26/08/2026,5000,6000,5500
Tamil Nadu,Tuticorin,Tuticorin(Uzhavar Sandhai ),Ridgeguard(Tori),Ridgeguard(Tori),Local,26/08/2026,4500,5000,4750
Tamil Nadu,Tuticorin,Tuticorin(Uzhavar Sandhai ),Onion Green,Onion Green,Local,26/08/2026,7500,8000,7750
Madhya Pradesh,Betul,Betul APMC,Wheat,Mill Quality,Non-FAQ,26/08/2026,2500,2500,2500
Bihar,Khagaria,Khagaria APMC,Pointed gourd(Parval),Other,Grade A,26/08/2026,2500,2875,2625
Bihar,Khagaria,Khagaria APMC,Carrot,Carrot,Grade A,26/08/2026,4999.9995,5333.3328,5133.33282
Tamil Nadu,Nagercoil (Kannyiakumari),Vadaseri APMC,Banana,Besrai,Local,26/08/2026,5500,6000,5750
Tamil Nadu,Nagercoil (Kannyiakumari),Vadaseri APMC,Onion,Bellary,Local,26/08/2026,6000,6500,6250
Tamil Nadu,Nagercoil (Kannyiakumari),Vadaseri APMC,Potato,Red Nanital,Local,26/08/2026,3000,3500,3250
Tamil Nadu,Nagercoil (Kannyiakumari),Vadaseri APMC,Garlic,Garlic,Local,26/08/2026,20000,22000,21000
Tamil Nadu,Nagercoil (Kannyiakumari),Vadaseri APMC,Tomato,Local,Local,26/08/2026,2200,2500,2350
Tamil Nadu,Nagercoil (Kannyiakumari),Vadaseri APMC,Amaranthus,Amaranthus,Local,26/08/2026,1500,2000,1750
Tamil Nadu,Nagercoil (Kannyiakumari),Vadaseri APMC,Beetroot,Beetroot,Local,26/08/2026,5000,5500,5250
Tamil Nadu,Nagercoil (Kannyiakumari),Vadaseri APMC,Green Avare(W),Green Avare (W),Local,26/08/2026,4000,4500,4250
Tamil Nadu,Nagercoil (Kannyiakumari),Vadaseri APMC,Drumstick,Drumstick,Local,26/08/2026,4500,5000,4750
Tamil Nadu,Nagercoil (Kannyiakumari),Vadaseri APMC,Tender Coconut,Tender Coconut,Local,26/08/2026,4500,5000,4750
Tamil Nadu,Nagercoil (Kannyiakumari),Vadaseri APMC,Onion Green,Onion Green,Local,26/08/2026,7500,8000,7750
Tamil Nadu,Pudukkottai,Karambakkudi(Uzhavar Sandhai ),Bottle gourd,Bottle Gourd,Local,26/08/2026,2500,3000,2750
Tamil Nadu,Pudukkottai,Karambakkudi(Uzhavar Sandhai ),Ashgourd,Gouard,Local,26/08/2026,1200,1500,1350
Tamil Nadu,Pudukkottai,Karambakkudi(Uzhavar Sandhai ),Green Chilli,Green Chilly,Local,26/08/2026,6000,6500,6250
Meghalaya,East Khasi Hills,Shillong APMC,Pear(Marasebu),Local,FAQ,26/08/2026,1300,1500,1400
Meghalaya,East Khasi Hills,Shillong APMC,Banana,Other,FAQ,26/08/2026,3000,5000,4000
Meghalaya,East Khasi Hills,Shillong APMC,Squash(Chappal Kadoo),Squash(Chappal Kadoo),FAQ,26/08/2026,600,700,650
Maharashtra,Ahilyanagar,Rahata APMC,Green Peas,Other,Local,26/08/2026,5000,6000,5500
Maharashtra,Ahilyanagar,Rahata APMC,Bhindi(Ladies Finger),Other,Local,26/08/2026,1500,2500,2000
Maharashtra,Ahilyanagar,Rahata APMC,Cauliflower,Other,Local,26/08/2026,500,1000,750
Maharashtra,Ahilyanagar,Rahata APMC,Garlic,Other,Local,26/08/2026,10000,12000,11000
Maharashtra,Ahilyanagar,Rahata APMC,Drumstick,Other,Local,26/08/2026,2000,3500,2750
Madhya Pradesh,Morena,Kailaras APMC,Coriander(Leaves),Coriander,FAQ,26/08/2026,2000,3000,3000
Madhya Pradesh,Morena,Kailaras APMC,Bitter gourd,Other,FAQ,26/08/2026,1800,1800,1800
Madhya Pradesh,Morena,Kailaras APMC,Onion,Other,FAQ,26/08/2026,1000,3200,3200
Tamil Nadu,Vellore,Thirupathur APMC,Sweet Corn ,Sweet Corn ,Local,26/08/2026,3000,3000,3000
Tamil Nadu,Vellore,Thirupathur APMC,Groundnut,Big (With Shell),Local,26/08/2026,6000,6000,6000
Tamil Nadu,Vellore,Thirupathur APMC,Chikoos(Sapota),Sapota,Local,26/08/2026,4000,4000,4000
Tamil Nadu,Vellore,Thirupathur APMC,Bitter gourd,Bitter Gourd,Local,26/08/2026,5000,5000,5000
Tamil Nadu,Vellore,Thirupathur APMC,Ashgourd,Gouard,Local,26/08/2026,2000,2000,2000
Tamil Nadu,Vellore,Thirupathur APMC,Sweet Potato,Hosur Red,Local,26/08/2026,4000,4000,4000
Tamil Nadu,Vellore,Thirupathur APMC,Beetroot,Beetroot,Local,26/08/2026,5600,5600,5600
Tamil Nadu,Vellore,Thirupathur APMC,Thondekai,Thondekai,Local,26/08/2026,4000,4000,4000
Tamil Nadu,Vellore,Thirupathur APMC,Guava,Guava Allahabad,Local,26/08/2026,5000,5000,5000
Tamil Nadu,Vellore,Thirupathur APMC,Custard Apple(Sharifa),Custard Apple(Sharifa),Local,26/08/2026,4000,4000,4000
Tamil Nadu,Vellore,Vellore APMC,Groundnut,Big (With Shell),Local,26/08/2026,7000,8000,7500
Tamil Nadu,Vellore,Vellore APMC,Ginger(Green),Green Ginger,Local,26/08/2026,15000,16000,15500
Tamil Nadu,Vellore,Vellore APMC,Betal Leaves,Mysore,Local,26/08/2026,15000,15000,15000
Tamil Nadu,Vellore,Vellore APMC,Cabbage,Cabbage,Local,26/08/2026,2500,2500,2500
Tamil Nadu,Vellore,Vellore APMC,Cucumbar(Kheera),Cucumbar,Local,26/08/2026,3500,4000,3750
Tamil Nadu,Vellore,Vellore APMC,Ridgeguard(Tori),Ridgeguard(Tori),Local,26/08/2026,3500,4000,3750
Tamil Nadu,Vellore,Vellore APMC,Thondekai,Thondekai,Local,26/08/2026,4000,4000,4000
Tamil Nadu,Vellore,Vellore APMC,Knool Khol,Knool Khol,Local,26/08/2026,2000,2500,2250
Tamil Nadu,Vellore,Vellore APMC,Tender Coconut,Tender Coconut,Local,26/08/2026,2000,3000,2500
Tamil Nadu,Vellore,Vellore APMC,Amla(Nelli Kai),Amla,Local,26/08/2026,9000,10000,9500
Madhya Pradesh,Mandsaur,Garoth APMC,Wheat,Wheat,Non-FAQ,26/08/2026,2470,2480,2480
Tamil Nadu,Dharmapuri,Harur(Uzhavar Sandhai ),Onion,Bellary,Local,26/08/2026,4500,5500,5000
Tamil Nadu,Dharmapuri,Harur(Uzhavar Sandhai ),Brinjal,Round,Local,26/08/2026,2500,3000,2750
Tamil Nadu,Dharmapuri,Harur(Uzhavar Sandhai ),Beans,Beans (Whole),Local,26/08/2026,8000,9000,8500
Tamil Nadu,Dharmapuri,Harur(Uzhavar Sandhai ),Chow Chow,Chow Chow,Local,26/08/2026,4000,5000,4500
Tamil Nadu,Dharmapuri,Harur(Uzhavar Sandhai ),Drumstick,Drumstick,Local,26/08/2026,3000,3500,3250
Tamil Nadu,Krishnagiri,Kaveripattinam(Uzhavar Sandhai ),Potato,Red Nanital,Local,26/08/2026,4000,4000,4000
Tamil Nadu,Krishnagiri,Kaveripattinam(Uzhavar Sandhai ),Tomato,Local,Local,26/08/2026,2500,2500,2500
Tamil Nadu,Krishnagiri,Kaveripattinam(Uzhavar Sandhai ),Bottle gourd,Bottle Gourd,Local,26/08/2026,3000,3000,3000
Tamil Nadu,Krishnagiri,Kaveripattinam(Uzhavar Sandhai ),Banana - Green,Banana - Green,Local,26/08/2026,2500,3000,2750
Tamil Nadu,Krishnagiri,Kaveripattinam(Uzhavar Sandhai ),Beans,Beans (Whole),Local,26/08/2026,10000,10000,10000
Tamil Nadu,Krishnagiri,Kaveripattinam(Uzhavar Sandhai ),Chow Chow,Chow Chow,Local,26/08/2026,4000,4000,4000
Tamil Nadu,Krishnagiri,Kaveripattinam(Uzhavar Sandhai ),Mango(Raw-Ripe),Mango - Raw-Ripe,Local,26/08/2026,8000,8000,8000
Tamil Nadu,The Nilgiris,Coonoor(Uzhavar Sandhai ),Raddish,Raddish,Local,26/08/2026,2500,3000,2750
Tamil Nadu,The Nilgiris,Coonoor(Uzhavar Sandhai ),Thondekai,Thondekai,Local,26/08/2026,3500,4000,3750
Tamil Nadu,The Nilgiris,Coonoor(Uzhavar Sandhai ),Green Avare(W),Other,Local,26/08/2026,5500,6000,5750
Tamil Nadu,The Nilgiris,Coonoor(Uzhavar Sandhai ),Chow Chow,Chow Chow,Local,26/08/2026,2500,3000,2750
Tamil Nadu,The Nilgiris,Gudalur(Uzhavar Sandhai ),Elephant Yam(Suran)/Amorphophallus,Elephant Yam (Suran),Local,26/08/2026,3000,3500,3250
Tamil Nadu,The Nilgiris,Gudalur(Uzhavar Sandhai ),Pumpkin,Pumpkin,Local,26/08/2026,1500,2000,1750
Tamil Nadu,The Nilgiris,Gudalur(Uzhavar Sandhai ),Ginger(Green),Green Ginger,Local,26/08/2026,12000,16000,14000
Tamil Nadu,The Nilgiris,Gudalur(Uzhavar Sandhai ),Coconut,Coconut,Local,26/08/2026,6000,6500,6250
Tamil Nadu,The Nilgiris,Gudalur(Uzhavar Sandhai ),Carrot,Pusakesar,Local,26/08/2026,5500,6000,5750
Tamil Nadu,The Nilgiris,Gudalur(Uzhavar Sandhai ),Cucumbar(Kheera),Cucumbar,Local,26/08/2026,4000,4500,4250
Tamil Nadu,The Nilgiris,Gudalur(Uzhavar Sandhai ),Ridgeguard(Tori),Ridgeguard(Tori),Local,26/08/2026,5000,5500,5250
Tamil Nadu,The Nilgiris,Gudalur(Uzhavar Sandhai ),Raddish,Raddish,Local,26/08/2026,3500,4000,3750
Tamil Nadu,The Nilgiris,Gudalur(Uzhavar Sandhai ),Knool Khol,Knool Khol,Local,26/08/2026,4000,4500,4250
Tamil Nadu,The Nilgiris,Gudalur(Uzhavar Sandhai ),Lemon,Lemon,Local,26/08/2026,14000,15000,14500
Tamil Nadu,The Nilgiris,Gudalur(Uzhavar Sandhai ),Onion Green,Onion Green,Local,26/08/2026,6500,7000,6750
Tamil Nadu,The Nilgiris,Gudalur(Uzhavar Sandhai ),Mint(Pudina),Mint(Pudina),Local,26/08/2026,5000,6000,5500
Himachal Pradesh,Chamba,PMY Chamba,Pomegranate,Other,Medium,26/08/2026,10000,12000,11000
Himachal Pradesh,Chamba,PMY Chamba,Cauliflower,Cauliflower,Medium,26/08/2026,5000,6000,5500
Himachal Pradesh,Chamba,PMY Chamba,Sponge gourd,Other,Medium,26/08/2026,2500,4500,3500
Himachal Pradesh,Kullu,SMY Bhuntar,Bhindi(Ladies Finger),Other,FAQ,26/08/2026,2000,2500,2300
Himachal Pradesh,Kullu,SMY Bhuntar,Capsicum,Other,FAQ,26/08/2026,2500,3000,2800
Himachal Pradesh,Kullu,SMY Bhuntar,Cabbage,Other,FAQ,26/08/2026,1500,2000,1800
Himachal Pradesh,Kullu,SMY Bhuntar,Brinjal,Other,FAQ,26/08/2026,1000,2000,1500
Himachal Pradesh,Kullu,SMY Bhuntar,Spinach,Other,FAQ,26/08/2026,3000,3500,3300
Himachal Pradesh,Kullu,SMY Bhuntar,Bitter gourd,Bitter Gourd,FAQ,26/08/2026,800,1000,900
Himachal Pradesh,Kullu,SMY Bhuntar,Lemon,Other,FAQ,26/08/2026,9000,10000,9500
Himachal Pradesh,Kullu,SMY Bhuntar,Raddish,Other,FAQ,26/08/2026,1000,1500,1300
Himachal Pradesh,Kullu,SMY Bhuntar,Mango,Other,Medium,26/08/2026,14000,18000,16000
Himachal Pradesh,Kullu,SMY Bhuntar,Pumpkin,Other,FAQ,26/08/2026,1000,1500,1300
Himachal Pradesh,Mandi,SMY Dhanotu,Garlic,Garlic,FAQ,26/08/2026,5000,8000,6500
Himachal Pradesh,Mandi,SMY Dhanotu,Green Chilli,Green Chilly,FAQ,26/08/2026,3500,5000,4250
Himachal Pradesh,Mandi,SMY Dhanotu,Pumpkin,Pumpkin,FAQ,26/08/2026,1000,1500,1250
Himachal Pradesh,Sirmore,SMY Nahan,Green Chilli,Green Chilly,FAQ,26/08/2026,4000,4500,4200
Himachal Pradesh,Sirmore,SMY Nahan,Cauliflower,Other,FAQ,26/08/2026,4000,5000,4500
Himachal Pradesh,Sirmore,SMY Nahan,French Beans(Frasbean),Other,FAQ,26/08/2026,5500,6000,5800
Himachal Pradesh,Sirmore,SMY Nahan,Bhindi(Ladies Finger),Bhindi,FAQ,26/08/2026,2500,2800,2600
Himachal Pradesh,Sirmore,SMY Nahan,Bitter gourd,Bitter Gourd,FAQ,26/08/2026,3500,4000,3800
Himachal Pradesh,Sirmore,SMY Nahan,Ginger(Green),Other,FAQ,26/08/2026,9000,11000,10000
Himachal Pradesh,Sirmore,SMY Nahan,Tomato,Other,FAQ,26/08/2026,2000,2200,2100
Himachal Pradesh,Sirmore,SMY Nahan,Cucumbar(Kheera),Cucumbar,FAQ,26/08/2026,3000,3500,3200
Himachal Pradesh,Kangra,SMY Palampur,Guava,Guava,Medium,26/08/2026,10000,11000,10500
Himachal Pradesh,Kangra,SMY Palampur,Beetroot,Beetroot,FAQ,26/08/2026,4800,5000,4900
Himachal Pradesh,Kangra,SMY Palampur,Ginger(Green),Green Ginger,FAQ,26/08/2026,12000,15000,13500
Himachal Pradesh,Kangra,SMY Palampur,Tomato,Tomato,FAQ,26/08/2026,2000,3000,2500
Himachal Pradesh,Kangra,SMY Palampur,Mashrooms,Mashrooms,FAQ,26/08/2026,20000,22500,21000
Himachal Pradesh,Kangra,SMY Palampur,Brinjal,Brinjal,FAQ,26/08/2026,2500,3200,2800
Himachal Pradesh,Kangra,SMY Palampur,Raddish,Raddish,FAQ,26/08/2026,2500,3000,2800
Himachal Pradesh,Kangra,SMY Palampur,Bhindi(Ladies Finger),Bhindi,FAQ,26/08/2026,2800,3000,2900
Haryana,Karnal,Tarori APMC,Onion,Nasik,Medium,26/08/2026,3000,4000,3500
Haryana,Sirsa,KALANWALIAPMC,Potato,Other,Local,26/08/2026,600,600,600
Haryana,Kurukshetra,Thanesar APMC,Apple,Apple,Medium,26/08/2026,4000,20000,12000
Haryana,Kurukshetra,Thanesar APMC,Bitter gourd,Bitter Gourd,Local,26/08/2026,2000,2500,2250
Haryana,Kurukshetra,Thanesar APMC,Pineapple,Pine Apple,Medium,26/08/2026,3000,6000,4500
Haryana,Kurukshetra,Thanesar APMC,Water Melon,Water Melon,Medium,26/08/2026,1800,2200,2000
Haryana,Kurukshetra,Thanesar APMC,Cucumbar(Kheera),Cucumbar,Medium,26/08/2026,2500,4500,3500
Haryana,Kurukshetra,Thanesar APMC,Spinach,Spinach,Local,26/08/2026,1500,2000,1750
Haryana,Kurukshetra,Thanesar APMC,Bhindi(Ladies Finger),Bhindi,Local,26/08/2026,1500,2500,2000
Haryana,Kurukshetra,Thanesar APMC,Colacasia,Colacasia,Local,26/08/2026,1500,2000,1750
Punjab,Tarntaran,Patti APMC,Tomato,Other,Local,26/08/2026,0.2,0.2,0.2
Punjab,Tarntaran,Patti APMC,Bitter gourd,Other,Local,26/08/2026,0.26,0.26,0.26
Punjab,Tarntaran,Patti APMC,Colacasia,Other,Local,26/08/2026,0.35,0.35,0.35
Punjab,Tarntaran,Patti APMC,Green Chilli,Other,Local,26/08/2026,0.25,0.25,0.25
Uttarakhand,Dehradoon,Vikasnagar APMC,Tomato,Local,Medium,26/08/2026,900,1500,1500
Uttarakhand,Dehradoon,Vikasnagar APMC,Green Chilli,Green Chilly,Medium,26/08/2026,1300,2600,2600
Uttarakhand,Dehradoon,Vikasnagar APMC,Colacasia,Other,Medium,26/08/2026,1200,2000,2000
Punjab,Mohali,Lalru APMC,Onion,Other,Local,26/08/2026,4000,4000,4000
Punjab,Mohali,Lalru APMC,Green Chilli,Other,Local,26/08/2026,1800,1800,1800
Telangana,Nalgonda,Venkateswarnagar APMC,Snakeguard,Other,Local,26/08/2026,1200,1500,1300
Telangana,Nalgonda,Venkateswarnagar APMC,Carrot,Carrot,Grade A,26/08/2026,2500,2800,2600
Uttar Pradesh,Mau(Maunathbhanjan),Kopaganj APMC,Wheat,Dara,FAQ,26/08/2026,2585,2585,2585
Haryana,Gurgaon,Sohna APMC,Cucumbar(Kheera),Cucumbar,Local,26/08/2026,2000,2200,2200
Haryana,Gurgaon,Sohna APMC,Raddish,Raddish,Local,26/08/2026,1000,2500,2000
Haryana,Gurgaon,Sohna APMC,Spinach,Spinach,Local,26/08/2026,2000,3000,2500
Haryana,Hissar,Hansi APMC,Water Melon,Other,Grade B,26/08/2026,2500,3000,2750
Haryana,Hissar,Hansi APMC,Capsicum,Other,FAQ,26/08/2026,5000,6000,5500
Haryana,Hissar,Hansi APMC,Ginger(Dry),Other,FAQ,26/08/2026,8000,10000,9000
Haryana,Hissar,Hansi APMC,Raddish,Other,FAQ,26/08/2026,2000,2500,2250
Haryana,Hissar,Hansi APMC,Tinda,Other,FAQ,26/08/2026,3000,4000,3500
Punjab,Amritsar,Rayya APMC,Potato,Potato,FAQ,26/08/2026,757,757,757
Uttar Pradesh,Maharajganj,Partaval APMC,Wheat,Dara,FAQ,26/08/2026,2401,2401,2401
Gujarat,Amreli,APMC Bagasara,"Sesamum(Sesame,Gingelly,Til)",White,Local,26/08/2026,7650,11800,9725
Gujarat,Banaskanth,Vav APMC,Cummin Seed(Jeera),Other,FAQ,26/08/2026,15000,18950,18700
Andhra Pradesh,Annamayya,Kalikiri APMC,Tomato,Hybrid,FAQ,26/08/2026,1200,1750,1500
Himachal Pradesh,Kangra,SMY Dharamshala,Papaya,Papaya,Medium,26/08/2026,4500,4800,4750
Himachal Pradesh,Kangra,SMY Dharamshala,Brinjal,Brinjal,FAQ,26/08/2026,2000,2500,2250
Himachal Pradesh,Kangra,SMY Dharamshala,Garlic,Garlic,FAQ,26/08/2026,15000,20000,17500
Himachal Pradesh,Kangra,SMY Dharamshala,Potato,Potato,FAQ,26/08/2026,1200,2500,1850
Himachal Pradesh,Kullu,SMY Shatt,Apple,Other,Medium,26/08/2026,2000,8000,5000
Himachal Pradesh,Mandi,SMY Jogindernagar,Cabbage,Cabbage,Grade B,26/08/2026,2500,2800,2650
Himachal Pradesh,Mandi,SMY Jogindernagar,French Beans(Frasbean),French Beans (Frasbean),Grade B,26/08/2026,5000,6000,5500
Himachal Pradesh,Mandi,SMY Jogindernagar,Onion,Local,Grade B,26/08/2026,5000,5400,5200
Andhra Pradesh,Prakasam,Santhamaguluru APMC,Paddy(Common),B P T,FAQ,26/08/2026,2500,2580,2550
Tripura,Dhalai,Kulai APMC,Banana - Green,Banana - Green,Grade B,26/08/2026,2000,2500,2300
Andhra Pradesh,Prakasam,Maddipadu APMC,Paddy(Common),B P T,FAQ,26/08/2026,2800,2800,2800
Andhra Pradesh,Prakasam,Maddipadu APMC,Bengal Gram(Gram)(Whole),Gulabi,FAQ,26/08/2026,6000,6000,6000
Andhra Pradesh,Prakasam,Maddipadu APMC,Bajra(Pearl Millet/Cumbu),Bold,FAQ,26/08/2026,2550,2550,2550
Telangana,Hyderabad,RYTHU BAZAR FALAKNUMA,Cluster beans,Cluster Beans,Grade A,26/08/2026,2300,2300,2300
Telangana,Hyderabad,RYTHU BAZAR FALAKNUMA,Onion,Onion,Grade A,26/08/2026,4000,4000,4000
Odisha,Rayagada,Gunpur APMC,Carrot,Carrot,Medium,26/08/2026,6900,7900,7140
Odisha,Rayagada,Gunpur APMC,Cauliflower,Cauliflower,FAQ,26/08/2026,6400,7040,6900
Gujarat,Surendranagar,Dhragradhra APMC,Wheat,Wheat,Local,26/08/2026,2390,2580,2500
Punjab,Bhatinda,Bhagta Bhai Ka APMC,Cauliflower,Other,Medium,26/08/2026,3000,3000,3000
Punjab,Fazilka,Fazilka APMC,Pumpkin,Pumpkin,FAQ,26/08/2026,2000,2000,2000
Punjab,Fazilka,Fazilka APMC,Garlic,Garlic,FAQ,26/08/2026,12000,12000,12000
Punjab,Fazilka,Fazilka APMC,Apple,Apple,Medium,26/08/2026,15000,15000,15000
Haryana,Kurukshetra,Shahabad APMC,Garlic,Garlic,Local,26/08/2026,9050,11100,10900
Haryana,Kurukshetra,Shahabad APMC,Grapes,Green,Medium,26/08/2026,10000,10000,10000
Haryana,Kurukshetra,Shahabad APMC,Bottle gourd,Bottle Gourd,Medium,26/08/2026,1000,1600,1300
Haryana,Kurukshetra,Shahabad APMC,Potato,Potato,Medium,26/08/2026,700,800,700
Haryana,Sirsa,Sirsa APMC,Brinjal,Other,FAQ,26/08/2026,1500,2000,1800
Haryana,Rohtak,Sampla APMC,Mousambi(Sweet Lime),Other,Local,26/08/2026,4000,4000,4000
Haryana,Rohtak,Sampla APMC,Apple,Apple,Local,26/08/2026,8000,8000,8000
Punjab,Gurdaspur,Quadian APMC,Tomato,Other,Grade A,26/08/2026,2300,2500,2400
Punjab,Gurdaspur,Quadian APMC,Apple,Other,Grade A,26/08/2026,3800,4000,3900
Punjab,Gurdaspur,Quadian APMC,Cauliflower,Other,Grade A,26/08/2026,3800,4000,3900
Punjab,Hoshiarpur,GarhShankar (Kotfatuhi) APMC,Green Chilli,Other,FAQ,26/08/2026,2500,2500,2500
Punjab,Jalandhar,Nakodar APMC,Brinjal,Round,Local,26/08/2026,1250,1250,1250
Punjab,Jalandhar,Noor Mehal APMC,Ridgeguard(Tori),Other,Local,26/08/2026,1700,1700,1700
Punjab,Jalandhar,Noor Mehal APMC,Bitter gourd,Other,Local,26/08/2026,1200,1200,1200
Keralam,Kollam,Anchal Market,Pineapple,Other,Local,26/08/2026,6800,6800,6800
Keralam,Kollam,Anchal Market,Cabbage,Cabbage,Medium,26/08/2026,6700,6700,6700
Rajasthan,Ganganagar,Sriganganagar (F&V) APMC,Papaya,Papaya,Grade C,26/08/2026,4100,4500,4300
Rajasthan,Ganganagar,Sriganganagar (F&V) APMC,Mousambi(Sweet Lime),Mousambi,Grade B,26/08/2026,3600,4000,3800
Rajasthan,Ganganagar,Sriganganagar (F&V) APMC,Guava,Guava,Medium,26/08/2026,2500,2900,2700
Rajasthan,Ganganagar,Sriganganagar (F&V) APMC,Spinach,Spinach,Grade B,26/08/2026,2500,2900,2700
Rajasthan,Ganganagar,Sriganganagar (F&V) APMC,Bhindi(Ladies Finger),Bhindi,Grade B,26/08/2026,2500,2900,2700
Rajasthan,Ganganagar,Sriganganagar (F&V) APMC,Green Chilli,Green Chilly,Grade A,26/08/2026,3300,3700,3500
Rajasthan,Ganganagar,Sriganganagar (F&V) APMC,Banana,Banana-Organic,Grade A,26/08/2026,2800,3200,3000
Rajasthan,Ganganagar,Sriganganagar (F&V) APMC,Pomegranate,Pomogranate,Grade Range-1,26/08/2026,8600,9000,8800
Rajasthan,Ganganagar,Sriganganagar (F&V) APMC,Mango,Badami,Grade A,26/08/2026,15300,15700,15500
Rajasthan,Ganganagar,Sriganganagar (F&V) APMC,Tender Coconut,Tender Coconut,Grade Range-1,26/08/2026,6200,6600,6400
Rajasthan,Ganganagar,Sriganganagar (F&V) APMC,Potato,Jalander,Grade C,26/08/2026,1000,1400,1200
Rajasthan,Ganganagar,Sriganganagar (F&V) APMC,Cabbage,Cabbage,Local,26/08/2026,2300,2700,2500
Rajasthan,Ganganagar,Sriganganagar (F&V) APMC,Bottle gourd,Bottle Gourd,Local,26/08/2026,1500,1900,1700
Rajasthan,Ganganagar,Sriganganagar (F&V) APMC,Cluster beans,Cluster Beans,Grade B,26/08/2026,6300,6700,6500
Rajasthan,Jalore,Jalore APMC,Bhindi(Ladies Finger),Bhindi,Local,26/08/2026,1000,1200,1100
Rajasthan,Jalore,Jalore APMC,Cauliflower,Cauliflower,Local,26/08/2026,2000,2400,2200
Rajasthan,Jalore,Jalore APMC,Capsicum,Other,Local,26/08/2026,3000,3400,3200
Rajasthan,Jalore,Jalore APMC,Cluster beans,Other,Local,26/08/2026,4000,4400,4200
Punjab,Ludhiana,Khanna APMC,Banana,Other,Grade A,26/08/2026,1800,1800,1800
Punjab,Ludhiana,Khanna APMC,Guava,Guava,Grade A,26/08/2026,3000,3000,3000
Punjab,Ludhiana,Khanna APMC,Potato,Desi,Grade A,26/08/2026,500,500,500
Punjab,Ludhiana,Khanna APMC,Pumpkin,Other,Grade A,26/08/2026,800,800,800
Punjab,Ludhiana,Khanna APMC,Brinjal,Round,Grade A,26/08/2026,1500,1500,1500
Odisha,Bolangir,Kantabaji APMC,Brinjal,Other,Grade B,26/08/2026,2000,3000,2500
Punjab,Bhatinda,Bhucho APMC,Onion,Onion,Local,26/08/2026,3500,3500,3500
Punjab,Moga,Baghapurana APMC,Colacasia,Other,Grade B,26/08/2026,1700,2200,2000
Punjab,Patiala,Ghanaur APMC,Onion,Other,FAQ,26/08/2026,2000,3000,2500
Punjab,Patiala,Patiala APMC,Mango,Other,Grade A,26/08/2026,2800,4200,3500
Punjab,Ropar (Rupnagar),Chamkaur Sahib APMC,Capsicum,Other,Medium,26/08/2026,5000,5000,5000
Punjab,Ropar (Rupnagar),Chamkaur Sahib APMC,Potato,Potato,Medium,26/08/2026,1200,1200,1200
Punjab,Ropar (Rupnagar),Ropar APMC,Green Peas,Other,FAQ,26/08/2026,8500,9000,8800
Punjab,Ropar (Rupnagar),Ropar APMC,Ginger(Green),Other,Medium,26/08/2026,9000,10000,9500
Punjab,Sangrur,Ahmedgarh APMC,Pumpkin,Pumpkin,Medium,26/08/2026,4200,4500,4500
Karnataka,Chamarajanagar,Chamarajanagar APMC,Paddy(Common),Paddy Medium,Local,26/08/2026,2000,2000,2000
Karnataka,Chamarajanagar,Chamarajanagar APMC,Carrot,Carrot,Local,26/08/2026,1800,3000,2300
Karnataka,Chamarajanagar,Chamarajanagar APMC,Ladies Finger,Ladies Finger,Local,26/08/2026,1500,2200,1900
Gujarat,Porbandar,Porbandar APMC,Green Gram(Moong)(Whole),Green (Whole),Non-FAQ,26/08/2026,7050,7050,7050
Gujarat,Porbandar,Porbandar APMC,Apple,Apple,Grade A,26/08/2026,3000,8000,5500
Gujarat,Porbandar,Porbandar APMC,Guava,Guava,Grade A,26/08/2026,6000,7000,6500
Gujarat,Porbandar,Porbandar APMC,Garlic,Average,FAQ,26/08/2026,12000,18000,15000
Tamil Nadu,Thirupur,Tiruppur (South) (Uzhavar Sandhai ),Onion,Bellary,Local,26/08/2026,4000,5000,4500
Tamil Nadu,Thirupur,Tiruppur (South) (Uzhavar Sandhai ),Potato,Other,Local,26/08/2026,4000,5000,4500
Tamil Nadu,Thirupur,Tiruppur (South) (Uzhavar Sandhai ),Brinjal,Other,Local,26/08/2026,4000,6000,5000
Tamil Nadu,Thirupur,Tiruppur (South) (Uzhavar Sandhai ),Papaya,Papaya,Local,26/08/2026,2500,3000,2750
Tamil Nadu,Thirupur,Tiruppur (South) (Uzhavar Sandhai ),Bottle gourd,Bottle Gourd,Local,26/08/2026,1500,2000,1750
Tamil Nadu,Thirupur,Tiruppur (South) (Uzhavar Sandhai ),Green Chilli,Green Chilly,Local,26/08/2026,3500,4000,3750
Tamil Nadu,Thirupur,Tiruppur (South) (Uzhavar Sandhai ),Beetroot,Beetroot,Local,26/08/2026,5000,6000,5500
Tamil Nadu,Thirupur,Tiruppur (South) (Uzhavar Sandhai ),Ridgeguard(Tori),Ridgeguard(Tori),Local,26/08/2026,4000,5000,4500
Tamil Nadu,Thirupur,Tiruppur (South) (Uzhavar Sandhai ),Raddish,Raddish,Local,26/08/2026,1800,2000,1900
Tamil Nadu,Erode,Perundurai(Uzhavar Sandhai ),Banana,Besrai,Local,26/08/2026,2600,3000,2800
Tamil Nadu,Erode,Perundurai(Uzhavar Sandhai ),Coriander(Leaves),I Sort,Local,26/08/2026,4000,4500,4250
Tamil Nadu,Erode,Perundurai(Uzhavar Sandhai ),Bhindi(Ladies Finger),Bhindi,Local,26/08/2026,3000,3500,3250
Tamil Nadu,Erode,Perundurai(Uzhavar Sandhai ),Coconut,Coconut,Local,26/08/2026,5000,5400,5200
Tamil Nadu,Erode,Perundurai(Uzhavar Sandhai ),Green Avare(W),Green Avare (W),Local,26/08/2026,5000,5500,5250
Tamil Nadu,Dharmapuri,Dharmapuri(Uzhavar Sandhai ),Papaya,Papaya,Local,26/08/2026,3300,3500,3400
Tamil Nadu,Dharmapuri,Dharmapuri(Uzhavar Sandhai ),Cluster beans,Cluster Beans,Local,26/08/2026,2400,2600,2500
Tamil Nadu,Dharmapuri,Dharmapuri(Uzhavar Sandhai ),Bhindi(Ladies Finger),Bhindi,Local,26/08/2026,2800,3000,2900
Tamil Nadu,Dharmapuri,Dharmapuri(Uzhavar Sandhai ),Green Chilli,Green Chilly,Local,26/08/2026,4200,4500,4350
Tamil Nadu,Dharmapuri,Dharmapuri(Uzhavar Sandhai ),Banana - Green,Banana - Green,Local,26/08/2026,2800,3000,2900
Tamil Nadu,Dharmapuri,Dharmapuri(Uzhavar Sandhai ),Coconut,Coconut,Local,26/08/2026,7000,7400,7200
Tamil Nadu,Dharmapuri,Dharmapuri(Uzhavar Sandhai ),Carrot,Pusakesar,Local,26/08/2026,6800,7200,7000
Tamil Nadu,Dharmapuri,Dharmapuri(Uzhavar Sandhai ),Cabbage,Cabbage,Local,26/08/2026,3200,3400,3300
Tamil Nadu,Dharmapuri,Dharmapuri(Uzhavar Sandhai ),Cucumbar(Kheera),Cucumbar,Local,26/08/2026,4300,4600,4450
Tamil Nadu,Dharmapuri,Dharmapuri(Uzhavar Sandhai ),Chow Chow,Chow Chow,Local,26/08/2026,4500,4800,4650
Tamil Nadu,Dharmapuri,Dharmapuri(Uzhavar Sandhai ),Tamarind Fruit,Tamarind Fruit,Local,26/08/2026,11000,11800,11400
Tamil Nadu,Dharmapuri,Palacode(Uzhavar Sandhai ),Groundnut,Big (With Shell),Local,26/08/2026,6500,7000,6750
Tamil Nadu,Dharmapuri,Palacode(Uzhavar Sandhai ),Ashgourd,Gouard,Local,26/08/2026,1600,1800,1700
Tamil Nadu,Dharmapuri,Palacode(Uzhavar Sandhai ),Pumpkin,Pumpkin,Local,26/08/2026,2000,2400,2200
Tamil Nadu,Dharmapuri,Palacode(Uzhavar Sandhai ),Bhindi(Ladies Finger),Bhindi,Local,26/08/2026,2600,3000,2800
Tamil Nadu,Dharmapuri,Palacode(Uzhavar Sandhai ),Snakeguard,Snakeguard,Local,26/08/2026,2500,2800,2650
Tamil Nadu,Dharmapuri,Palacode(Uzhavar Sandhai ),Green Avare(W),Green Avare (W),Local,26/08/2026,4500,5000,4750
Tamil Nadu,Dharmapuri,Palacode(Uzhavar Sandhai ),Knool Khol,Knool Khol,Local,26/08/2026,5000,5400,5200
Tamil Nadu,Dharmapuri,Palacode(Uzhavar Sandhai ),Mint(Pudina),Mint(Pudina),Local,26/08/2026,5000,5500,5250
Tamil Nadu,Dharmapuri,Pennagaram(Uzhavar Sandhai ),Onion,Bellary,Local,26/08/2026,5500,5800,5650
Tamil Nadu,Dharmapuri,Pennagaram(Uzhavar Sandhai ),Green Chilli,Green Chilly,Local,26/08/2026,5500,6000,5750
Tamil Nadu,Dharmapuri,Pennagaram(Uzhavar Sandhai ),Cabbage,Cabbage,Local,26/08/2026,3700,4000,3850
Tamil Nadu,Dharmapuri,Pennagaram(Uzhavar Sandhai ),Snakeguard,Snakeguard,Local,26/08/2026,3300,3500,3400
Tamil Nadu,Dharmapuri,Pennagaram(Uzhavar Sandhai ),Guava,Guava Allahabad,Local,26/08/2026,5500,6000,5750
Tamil Nadu,Dindigul,Chinnalapatti(Uzhavar Sandhai ),Grapes,Annabesahai,Local,26/08/2026,8000,8000,8000
Tamil Nadu,Dindigul,Chinnalapatti(Uzhavar Sandhai ),Pumpkin,Pumpkin,Local,26/08/2026,1600,2000,1800
Tamil Nadu,Dindigul,Chinnalapatti(Uzhavar Sandhai ),Beans,Beans (Whole),Local,26/08/2026,9000,10000,9500
Tamil Nadu,Dindigul,Chinnalapatti(Uzhavar Sandhai ),Coconut,Coconut,Local,26/08/2026,5000,6500,5750
Tamil Nadu,Dindigul,Chinnalapatti(Uzhavar Sandhai ),Carrot,Pusakesar,Local,26/08/2026,7000,9000,8000
Tamil Nadu,Dindigul,Chinnalapatti(Uzhavar Sandhai ),Snakeguard,Snakeguard,Local,26/08/2026,4000,7000,5500
Tamil Nadu,Dindigul,Chinnalapatti(Uzhavar Sandhai ),Indian Beans(Seam),Indian Beans (Seam),Local,26/08/2026,7000,7500,7250
Tamil Nadu,Dindigul,Dindigul(Uzhavar Sandhai ),Banana,Besrai,Local,26/08/2026,7000,9000,8000
Tamil Nadu,Dindigul,Dindigul(Uzhavar Sandhai ),Onion,Bellary,Local,26/08/2026,5000,6000,5500
Tamil Nadu,Dindigul,Dindigul(Uzhavar Sandhai ),Garlic,Garlic,Local,26/08/2026,25000,28000,26500
Tamil Nadu,Dindigul,Dindigul(Uzhavar Sandhai ),Papaya,Papaya,Local,26/08/2026,4000,4500,4250
Tamil Nadu,Dindigul,Dindigul(Uzhavar Sandhai ),Ashgourd,Gouard,Local,26/08/2026,2500,3000,2750
Tamil Nadu,Dindigul,Dindigul(Uzhavar Sandhai ),Ginger(Green),Green Ginger,Local,26/08/2026,15000,18000,16500
Tamil Nadu,Dindigul,Dindigul(Uzhavar Sandhai ),Thondekai,Thondekai,Local,26/08/2026,3000,4000,3500
Tamil Nadu,Dindigul,Dindigul(Uzhavar Sandhai ),Onion Green,Onion Green,Local,26/08/2026,5000,6000,5500
Tamil Nadu,Dindigul,Dindigul(Uzhavar Sandhai ),Mint(Pudina),Mint(Pudina),Local,26/08/2026,3000,3200,3100
Tamil Nadu,Dindigul,Dindigul(Uzhavar Sandhai ),Sweet Corn ,Sweet Corn ,Local,26/08/2026,4000,5000,4500
Tamil Nadu,Erode,Periyar Nagar(Uzhavar Sandhai ),Coriander(Leaves),I Sort,Local,26/08/2026,3200,3600,3400
Tamil Nadu,Erode,Periyar Nagar(Uzhavar Sandhai ),Papaya,Papaya,Local,26/08/2026,3000,3400,3200
Tamil Nadu,Erode,Periyar Nagar(Uzhavar Sandhai ),Tapioca,Tapioca,Local,26/08/2026,2000,2500,2250
Tamil Nadu,Erode,Periyar Nagar(Uzhavar Sandhai ),Ridgeguard(Tori),Ridgeguard(Tori),Local,26/08/2026,3800,4200,4000
Tamil Nadu,Erode,Periyar Nagar(Uzhavar Sandhai ),Drumstick,Drumstick,Local,26/08/2026,2600,3000,2800
Tamil Nadu,Erode,Periyar Nagar(Uzhavar Sandhai ),Guava,Guava Allahabad,Local,26/08/2026,4500,5000,4750
Tamil Nadu,Kallakuruchi,Sankarapuram(Uzhavar Sandhai ),Ginger(Green),Green Ginger,Local,26/08/2026,22000,22000,22000
Tamil Nadu,Kallakuruchi,Sankarapuram(Uzhavar Sandhai ),Carrot,Pusakesar,Local,26/08/2026,9000,9000,9000
Tamil Nadu,Kallakuruchi,Sankarapuram(Uzhavar Sandhai ),Snakeguard,Snakeguard,Local,26/08/2026,4000,4000,4000
Tamil Nadu,Kallakuruchi,Sankarapuram(Uzhavar Sandhai ),Yam(Ratalu),Yam (Ratalu),Local,26/08/2026,3000,3000,3000
Tamil Nadu,Kallakuruchi,Sankarapuram(Uzhavar Sandhai ),Baby Corn,Baby Corn,Grade A,26/08/2026,5000,5000,5000
Tamil Nadu,Kancheepuram,Kancheepuram(Uzhavar Sandhai ),Amaranthus,Amaranthus,Local,26/08/2026,2000,3500,2750
Tamil Nadu,Kancheepuram,Kancheepuram(Uzhavar Sandhai ),Banana - Green,Banana - Green,Local,26/08/2026,4000,5000,4500
Tamil Nadu,Kancheepuram,Kancheepuram(Uzhavar Sandhai ),Coconut,Coconut,Local,26/08/2026,5500,6500,6000
Tamil Nadu,Kancheepuram,Kundrathur(Uzhavar Sandhai ),Banana,Red Banana,Local,26/08/2026,7000,8000,7500
Tamil Nadu,Kancheepuram,Kundrathur(Uzhavar Sandhai ),Onion,Bellary,Local,26/08/2026,4000,4000,4000
Tamil Nadu,Kancheepuram,Kundrathur(Uzhavar Sandhai ),Potato,Other,Local,26/08/2026,2800,2800,2800
Tamil Nadu,Kancheepuram,Kundrathur(Uzhavar Sandhai ),Cauliflower,Ranchi,Local,26/08/2026,3000,3000,3000
Tamil Nadu,Kancheepuram,Kundrathur(Uzhavar Sandhai ),Cluster beans,Cluster Beans,Local,26/08/2026,3500,3500,3500
Tamil Nadu,Kancheepuram,Kundrathur(Uzhavar Sandhai ),Pumpkin,Pumpkin,Local,26/08/2026,2000,2000,2000
Tamil Nadu,Kancheepuram,Kundrathur(Uzhavar Sandhai ),Banana - Green,Banana - Green,Local,26/08/2026,3000,3000,3000
Tamil Nadu,Kancheepuram,Kundrathur(Uzhavar Sandhai ),Capsicum,Capsicum,Local,26/08/2026,5000,5000,5000
Tamil Nadu,Kancheepuram,Padappai(Uzhavar Sandhai ),Bottle gourd,Bottle Gourd,Local,26/08/2026,2500,3000,2750
Tamil Nadu,Kancheepuram,Padappai(Uzhavar Sandhai ),Pumpkin,Pumpkin,Local,26/08/2026,2000,2500,2250
Tamil Nadu,Kancheepuram,Padappai(Uzhavar Sandhai ),Ginger(Green),Green Ginger,Local,26/08/2026,12500,16000,14250
Tamil Nadu,Kancheepuram,Padappai(Uzhavar Sandhai ),Capsicum,Capsicum,Local,26/08/2026,4000,5000,4500
Tamil Nadu,Kancheepuram,Padappai(Uzhavar Sandhai ),Guava,Guava Allahabad,Local,26/08/2026,4000,5000,4500
Tamil Nadu,Kancheepuram,Padappai(Uzhavar Sandhai ),Mint(Pudina),Mint(Pudina),Local,26/08/2026,3000,4000,3500
Tamil Nadu,Kancheepuram,Sunguvarchatram(Uzhavar Sandhai ),Potato,Other,Local,26/08/2026,2800,2800,2800
Tamil Nadu,Kancheepuram,Sunguvarchatram(Uzhavar Sandhai ),Brinjal,Other,Local,26/08/2026,3500,4000,3750
Tamil Nadu,Kancheepuram,Sunguvarchatram(Uzhavar Sandhai ),Bottle gourd,Bottle Gourd,Local,26/08/2026,3000,3000,3000
Tamil Nadu,Kancheepuram,Sunguvarchatram(Uzhavar Sandhai ),Ashgourd,Gouard,Local,26/08/2026,2000,2000,2000
Tamil Nadu,Kancheepuram,Sunguvarchatram(Uzhavar Sandhai ),Pumpkin,Pumpkin,Local,26/08/2026,2000,2000,2000
Tamil Nadu,Kancheepuram,Sunguvarchatram(Uzhavar Sandhai ),Bhindi(Ladies Finger),Bhindi,Local,26/08/2026,3000,3000,3000
Tamil Nadu,Kancheepuram,Sunguvarchatram(Uzhavar Sandhai ),Green Chilli,Green Chilly,Local,26/08/2026,5000,5000,5000
Tamil Nadu,Kancheepuram,Sunguvarchatram(Uzhavar Sandhai ),Banana - Green,Banana - Green,Local,26/08/2026,3000,3000,3000
Tamil Nadu,Kancheepuram,Sunguvarchatram(Uzhavar Sandhai ),Coconut,Coconut,Local,26/08/2026,5000,6000,5500
Tamil Nadu,Kancheepuram,Sunguvarchatram(Uzhavar Sandhai ),Carrot,Pusakesar,Local,26/08/2026,5000,5000,5000
Tamil Nadu,Kancheepuram,Sunguvarchatram(Uzhavar Sandhai ),Cabbage,Cabbage,Local,26/08/2026,3000,3000,3000
Tamil Nadu,Kancheepuram,Sunguvarchatram(Uzhavar Sandhai ),Onion Green,Onion Green,Local,26/08/2026,5000,6000,5500
Tamil Nadu,Krishnagiri,Avallapalli(Uzhavar Sandhai ),Garlic,Garlic,Local,26/08/2026,22000,24000,23000
Tamil Nadu,Krishnagiri,Avallapalli(Uzhavar Sandhai ),Cauliflower,Ranchi,Local,26/08/2026,2500,3000,2750
Tamil Nadu,Krishnagiri,Avallapalli(Uzhavar Sandhai ),Bhindi(Ladies Finger),Bhindi,Local,26/08/2026,3500,4000,3750
Tamil Nadu,Krishnagiri,Avallapalli(Uzhavar Sandhai ),Banana - Green,Banana - Green,Local,26/08/2026,3500,4000,3750
Tamil Nadu,Krishnagiri,Avallapalli(Uzhavar Sandhai ),Ginger(Green),Green Ginger,Local,26/08/2026,14000,15000,14500
Tamil Nadu,Krishnagiri,Avallapalli(Uzhavar Sandhai ),Carrot,Pusakesar,Local,26/08/2026,4500,5000,4750
Tamil Nadu,Krishnagiri,Avallapalli(Uzhavar Sandhai ),Snakeguard,Snakeguard,Local,26/08/2026,3500,4000,3750
Tamil Nadu,Krishnagiri,Avallapalli(Uzhavar Sandhai ),Capsicum,Capsicum,Local,26/08/2026,4000,4500,4250
Tamil Nadu,Dharmapuri,Karimangalam(Uzhavar Sandhai),Cluster beans,Cluster Beans,Local,26/08/2026,2800,3000,2900
Tamil Nadu,Dharmapuri,Karimangalam(Uzhavar Sandhai),Bitter gourd,Other,Local,26/08/2026,4500,5000,4750
Tamil Nadu,Dharmapuri,Karimangalam(Uzhavar Sandhai),Green Chilli,Green Chilly,Local,26/08/2026,4500,5000,4750
Tamil Nadu,Dharmapuri,Karimangalam(Uzhavar Sandhai),Tapioca,Tapioca,Local,26/08/2026,2800,3000,2900
Tamil Nadu,Dharmapuri,Karimangalam(Uzhavar Sandhai),Cabbage,Cabbage,Local,26/08/2026,3300,3500,3400
Tamil Nadu,Dharmapuri,Karimangalam(Uzhavar Sandhai),Cucumbar(Kheera),Cucumbar,Local,26/08/2026,4000,4500,4250
Tamil Nadu,Dharmapuri,Karimangalam(Uzhavar Sandhai),Drumstick,Drumstick,Local,26/08/2026,3800,4000,3900
Tamil Nadu,Krishnagiri,Denkanikottai(Uzhavar Sandhai ),Garlic,Garlic,Local,26/08/2026,22000,24000,23000
Tamil Nadu,Krishnagiri,Denkanikottai(Uzhavar Sandhai ),Bitter gourd,Bitter Gourd,Local,26/08/2026,4500,5000,4750
Tamil Nadu,Krishnagiri,Denkanikottai(Uzhavar Sandhai ),Bottle gourd,Bottle Gourd,Local,26/08/2026,1500,2000,1750
Tamil Nadu,Krishnagiri,Denkanikottai(Uzhavar Sandhai ),Bhindi(Ladies Finger),Bhindi,Local,26/08/2026,3500,4000,3750
Tamil Nadu,Krishnagiri,Denkanikottai(Uzhavar Sandhai ),Beans,Beans (Whole),Local,26/08/2026,6500,7000,6750
Tamil Nadu,Krishnagiri,Denkanikottai(Uzhavar Sandhai ),Carrot,Pusakesar,Local,26/08/2026,4500,5000,4750
Tamil Nadu,Krishnagiri,Denkanikottai(Uzhavar Sandhai ),Snakeguard,Snakeguard,Local,26/08/2026,3500,4000,3750
Tamil Nadu,Krishnagiri,Denkanikottai(Uzhavar Sandhai ),Thondekai,Thondekai,Local,26/08/2026,3500,4000,3750
Tamil Nadu,Krishnagiri,Denkanikottai(Uzhavar Sandhai ),Green Avare(W),Green Avare (W),Local,26/08/2026,4500,5000,4750
Tamil Nadu,Krishnagiri,Denkanikottai(Uzhavar Sandhai ),Drumstick,Drumstick,Local,26/08/2026,3500,4000,3750
Tamil Nadu,Krishnagiri,Hosur(Uzhavar Sandhai ),Orange,Darjeeling,Local,26/08/2026,16000,18000,17000
Tamil Nadu,Krishnagiri,Hosur(Uzhavar Sandhai ),Pineapple,Pine Apple,Local,26/08/2026,8000,9000,8500
Tamil Nadu,Krishnagiri,Hosur(Uzhavar Sandhai ),Onion,Bellary,Local,26/08/2026,5000,5500,5250
Tamil Nadu,Krishnagiri,Hosur(Uzhavar Sandhai ),Coriander(Leaves),I Sort,Local,26/08/2026,3500,4000,3750
Tamil Nadu,Krishnagiri,Hosur(Uzhavar Sandhai ),Bitter gourd,Bitter Gourd,Local,26/08/2026,4500,5000,4750
Tamil Nadu,Krishnagiri,Hosur(Uzhavar Sandhai ),Bhindi(Ladies Finger),Bhindi,Local,26/08/2026,3500,4000,3750
Tamil Nadu,Krishnagiri,Hosur(Uzhavar Sandhai ),Cowpea(Veg),Cowpea (Veg),Local,26/08/2026,5500,6000,5750
Tamil Nadu,Krishnagiri,Hosur(Uzhavar Sandhai ),Banana - Green,Banana - Green,Local,26/08/2026,4500,5000,4750
Tamil Nadu,Krishnagiri,Hosur(Uzhavar Sandhai ),Beans,Beans (Whole),Local,26/08/2026,6500,7000,6750
Tamil Nadu,Krishnagiri,Hosur(Uzhavar Sandhai ),Cabbage,Cabbage,Local,26/08/2026,1000,1500,1250
Tamil Nadu,Krishnagiri,Hosur(Uzhavar Sandhai ),Snakeguard,Snakeguard,Local,26/08/2026,3500,4000,3750
Tamil Nadu,Krishnagiri,Hosur(Uzhavar Sandhai ),Onion Green,Onion Green,Local,26/08/2026,7500,8000,7750
Tamil Nadu,Krishnagiri,Hosur(Uzhavar Sandhai ),Mint(Pudina),Mint(Pudina),Local,26/08/2026,3500,4000,3750
Tamil Nadu,Krishnagiri,Hosur(Uzhavar Sandhai ),Tube Rose(Loose),Tube Rose (Loose),Local,26/08/2026,15000,20000,17500
Tamil Nadu,Krishnagiri,Hosur(Uzhavar Sandhai ),Sweet Corn ,Sweet Corn ,Local,26/08/2026,2500,3000,2750
Tamil Nadu,Madurai,Anaiyur(Uzhavar Sandhai ),Soyabean,Local,Local,26/08/2026,10000,11000,10500
Tamil Nadu,Madurai,Anaiyur(Uzhavar Sandhai ),Onion,Bellary,Local,26/08/2026,6000,6400,6200
Tamil Nadu,Madurai,Anaiyur(Uzhavar Sandhai ),Coriander(Leaves),I Sort,Local,26/08/2026,4000,4500,4250
Tamil Nadu,Madurai,Anaiyur(Uzhavar Sandhai ),Bhindi(Ladies Finger),Bhindi,Local,26/08/2026,2500,3000,2750
Tamil Nadu,Madurai,Anaiyur(Uzhavar Sandhai ),Amaranthus,Amaranthus,Local,26/08/2026,3000,3600,3300
Tamil Nadu,Madurai,Anaiyur(Uzhavar Sandhai ),Green Chilli,Green Chilly,Local,26/08/2026,3600,4000,3800
Tamil Nadu,Madurai,Anaiyur(Uzhavar Sandhai ),Coconut,Coconut,Local,26/08/2026,6500,6800,6650
Tamil Nadu,Madurai,Anaiyur(Uzhavar Sandhai ),Cucumbar(Kheera),Cucumbar,Local,26/08/2026,5000,6000,5500
Tamil Nadu,Madurai,Anaiyur(Uzhavar Sandhai ),Raddish,Raddish,Local,26/08/2026,2800,3000,2900
Tamil Nadu,Madurai,Anaiyur(Uzhavar Sandhai ),Capsicum,Capsicum,Local,26/08/2026,8000,9000,8500
Tamil Nadu,Madurai,Anaiyur(Uzhavar Sandhai ),Green Avare(W),Green Avare (W),Local,26/08/2026,4000,5500,4750
Tamil Nadu,Madurai,Anaiyur(Uzhavar Sandhai ),Mango(Raw-Ripe),Mango - Raw-Ripe,Local,26/08/2026,6000,6500,6250
Tamil Nadu,Madurai,Usilampatti(Uzhavar Sandhai ),Indian Beans(Seam),Indian Beans (Seam),Local,26/08/2026,5000,5500,5250
Tamil Nadu,Madurai,Usilampatti(Uzhavar Sandhai ),Onion Green,Onion Green,Local,26/08/2026,7000,7500,7250
Tamil Nadu,Nagapattinam,Sirkali(Uzhavar Sandhai ),Banana,Besrai,Local,26/08/2026,4000,5000,4500
Tamil Nadu,Nagapattinam,Sirkali(Uzhavar Sandhai ),Potato,Red Nanital,Local,26/08/2026,3600,4000,3800
Tamil Nadu,Nagapattinam,Sirkali(Uzhavar Sandhai ),Bottle gourd,Bottle Gourd,Local,26/08/2026,2500,3000,2750
Tamil Nadu,Nagapattinam,Sirkali(Uzhavar Sandhai ),Snakeguard,Snakeguard,Local,26/08/2026,4500,5000,4750
Tamil Nadu,Nagapattinam,Sirkali(Uzhavar Sandhai ),Cucumbar(Kheera),Cucumbar,Local,26/08/2026,2500,3000,2750
Tamil Nadu,Nagapattinam,Sirkali(Uzhavar Sandhai ),Mango(Raw-Ripe),Mango - Raw-Ripe,Local,26/08/2026,6500,7000,6750
Tamil Nadu,Nagapattinam,Sirkali(Uzhavar Sandhai ),Yam(Ratalu),Yam (Ratalu),Local,26/08/2026,5500,6000,5750
Tamil Nadu,Namakkal,Kumarapalayam(Uzhavar Sandhai ),Banana,Red Banana,Local,26/08/2026,5500,6000,5750
Tamil Nadu,Namakkal,Kumarapalayam(Uzhavar Sandhai ),Coriander(Leaves),I Sort,Local,26/08/2026,7500,8500,8000
Tamil Nadu,Namakkal,Kumarapalayam(Uzhavar Sandhai ),Water Melon,Water Melon,Local,26/08/2026,1500,2000,1750
Tamil Nadu,Namakkal,Kumarapalayam(Uzhavar Sandhai ),Cluster beans,Cluster Beans,Local,26/08/2026,3600,4000,3800
Tamil Nadu,Namakkal,Kumarapalayam(Uzhavar Sandhai ),Pumpkin,Pumpkin,Local,26/08/2026,2600,3000,2800
Tamil Nadu,Namakkal,Kumarapalayam(Uzhavar Sandhai ),Coconut,Coconut,Local,26/08/2026,5600,6000,5800
Tamil Nadu,Namakkal,Kumarapalayam(Uzhavar Sandhai ),Onion Green,Onion Green,Local,26/08/2026,5000,7000,6000
Tamil Nadu,Namakkal,Mohanur(Uzhavar Sandhai ),Onion,Bellary,Local,26/08/2026,5600,6000,5800
Tamil Nadu,Namakkal,Mohanur(Uzhavar Sandhai ),Ashgourd,Gouard,Local,26/08/2026,2600,3000,2800
Tamil Nadu,Namakkal,Mohanur(Uzhavar Sandhai ),Beetroot,Beetroot,Local,26/08/2026,5600,7000,6300
Tamil Nadu,Namakkal,Mohanur(Uzhavar Sandhai ),Chow Chow,Chow Chow,Local,26/08/2026,4600,5000,4800
Tamil Nadu,Namakkal,Mohanur(Uzhavar Sandhai ),Drumstick,Drumstick,Local,26/08/2026,2000,2400,2200
Tamil Nadu,Namakkal,Namakkal(Uzhavar Sandhai ),Potato,Other,Local,26/08/2026,2500,3000,2750
Tamil Nadu,Namakkal,Namakkal(Uzhavar Sandhai ),Water Melon,Water Melon,Local,26/08/2026,1000,1200,1100
Tamil Nadu,Namakkal,Namakkal(Uzhavar Sandhai ),Pumpkin,Pumpkin,Local,26/08/2026,2000,2200,2100
Tamil Nadu,Namakkal,Namakkal(Uzhavar Sandhai ),Green Chilli,Green Chilly,Local,26/08/2026,5000,6000,5500
Tamil Nadu,Namakkal,Namakkal(Uzhavar Sandhai ),Beans,Beans (Whole),Local,26/08/2026,6500,7000,6750
Tamil Nadu,Namakkal,Namakkal(Uzhavar Sandhai ),Tapioca,Tapioca,Local,26/08/2026,2500,3000,2750
Tamil Nadu,Namakkal,Namakkal(Uzhavar Sandhai ),Ginger(Green),Green Ginger,Local,26/08/2026,16000,17000,16500
Tamil Nadu,Namakkal,Namakkal(Uzhavar Sandhai ),Coconut,Coconut,Local,26/08/2026,5500,6000,5750
Tamil Nadu,Namakkal,Namakkal(Uzhavar Sandhai ),Betal Leaves,Mysore,Local,26/08/2026,12000,13000,12500
Tamil Nadu,Namakkal,Namakkal(Uzhavar Sandhai ),Lime,Lime,Local,26/08/2026,3500,4000,3750
Tamil Nadu,Namakkal,Namakkal(Uzhavar Sandhai ),Guava,Guava Allahabad,Local,26/08/2026,5000,6000,5500
Tamil Nadu,Namakkal,Namakkal(Uzhavar Sandhai ),Karbuja(Musk Melon),Karbhuja,Local,26/08/2026,2500,3000,2750
Tamil Nadu,Namakkal,Namakkal(Uzhavar Sandhai ),Tender Coconut,Tender Coconut,Local,26/08/2026,2000,3500,2750
Tamil Nadu,Namakkal,Namakkal(Uzhavar Sandhai ),Elephant Yam(Suran)/Amorphophallus,Elephant Yam (Suran),Local,26/08/2026,3000,3500,3250
Tamil Nadu,Namakkal,Namakkal(Uzhavar Sandhai ),Baby Corn,Baby Corn,Grade A,26/08/2026,2500,2600,2550
Tamil Nadu,Namakkal,Paramathivelur(Uzhavar Sandhai ),Cauliflower,Ranchi,Local,26/08/2026,3500,4000,3750
Tamil Nadu,Namakkal,Paramathivelur(Uzhavar Sandhai ),Ashgourd,Gouard,Local,26/08/2026,1700,2000,1850
Tamil Nadu,Namakkal,Paramathivelur(Uzhavar Sandhai ),Pumpkin,Pumpkin,Local,26/08/2026,1700,2000,1850
Tamil Nadu,Namakkal,Paramathivelur(Uzhavar Sandhai ),Amaranthus,Amaranthus,Local,26/08/2026,4400,5000,4700
Tamil Nadu,Namakkal,Paramathivelur(Uzhavar Sandhai ),Coconut,Coconut,Local,26/08/2026,5200,5800,5500
Tamil Nadu,Namakkal,Paramathivelur(Uzhavar Sandhai ),Beetroot,Beetroot,Local,26/08/2026,7200,8000,7600
Tamil Nadu,Namakkal,Paramathivelur(Uzhavar Sandhai ),Green Avare(W),Other,Local,26/08/2026,7200,8000,7600
Tamil Nadu,Namakkal,Paramathivelur(Uzhavar Sandhai ),Drumstick,Drumstick,Local,26/08/2026,2100,2500,2300
Tamil Nadu,Namakkal,Paramathivelur(Uzhavar Sandhai ),Tender Coconut,Tender Coconut,Local,26/08/2026,3000,3500,3250
Tamil Nadu,Namakkal,Paramathivelur(Uzhavar Sandhai ),Elephant Yam(Suran)/Amorphophallus,Elephant Yam (Suran),Local,26/08/2026,3900,4500,4200
Tamil Nadu,Namakkal,Paramathivelur(Uzhavar Sandhai ),Lemon,Lemon,Local,26/08/2026,8200,9000,8600
Tamil Nadu,Namakkal,Rasipuram(Uzhavar Sandhai ),Chikoos(Sapota),Sapota,Local,26/08/2026,4000,4500,4250
Tamil Nadu,Namakkal,Rasipuram(Uzhavar Sandhai ),Ashgourd,Gouard,Local,26/08/2026,2200,2600,2400
Tamil Nadu,Namakkal,Rasipuram(Uzhavar Sandhai ),Jasmine,Jasmine,Local,26/08/2026,40000,50000,45000
Tamil Nadu,Namakkal,Rasipuram(Uzhavar Sandhai ),Marigold(Calcutta),Marigold(Calcutta),Local,26/08/2026,24000,26000,25000
Tamil Nadu,Namakkal,Rasipuram(Uzhavar Sandhai ),Mint(Pudina),Mint(Pudina),Local,26/08/2026,5500,6000,5750
Tamil Nadu,Madurai,Palanganatham(Uzhavar Sandhai ),Onion,Bellary,Local,26/08/2026,4000,6400,5200
Tamil Nadu,Madurai,Palanganatham(Uzhavar Sandhai ),Cluster beans,Cluster Beans,Local,26/08/2026,3000,3600,3300
Tamil Nadu,Madurai,Palanganatham(Uzhavar Sandhai ),Bhindi(Ladies Finger),Bhindi,Local,26/08/2026,2600,3000,2800
Tamil Nadu,Madurai,Palanganatham(Uzhavar Sandhai ),Snakeguard,Snakeguard,Local,26/08/2026,3000,3600,3300
Tamil Nadu,Madurai,Palanganatham(Uzhavar Sandhai ),Raddish,Raddish,Local,26/08/2026,2800,3000,2900
Tamil Nadu,Madurai,Palanganatham(Uzhavar Sandhai ),Drumstick,Drumstick,Local,26/08/2026,4000,5000,4500
Tamil Nadu,Madurai,Palanganatham(Uzhavar Sandhai ),Guava,Guava Allahabad,Local,26/08/2026,5000,6000,5500
Tamil Nadu,Madurai,Anna nagar(Uzhavar Sandhai ),Brinjal,Round,Local,26/08/2026,4500,5000,4750
Tamil Nadu,Madurai,Anna nagar(Uzhavar Sandhai ),Garlic,Garlic,Local,26/08/2026,14000,16000,15000
Tamil Nadu,Madurai,Anna nagar(Uzhavar Sandhai ),Green Peas,Green Peas,Local,26/08/2026,22000,22000,22000
Tamil Nadu,Madurai,Anna nagar(Uzhavar Sandhai ),Water Melon,Water Melon,Local,26/08/2026,2000,3000,2500
Tamil Nadu,Madurai,Anna nagar(Uzhavar Sandhai ),Cowpea(Veg),Cowpea (Veg),Local,26/08/2026,3600,4000,3800
Tamil Nadu,Madurai,Anna nagar(Uzhavar Sandhai ),Ginger(Green),Green Ginger,Local,26/08/2026,17000,17000,17000
Tamil Nadu,Madurai,Anna nagar(Uzhavar Sandhai ),Chow Chow,Chow Chow,Local,26/08/2026,4000,4000,4000
Tamil Nadu,Madurai,Anna nagar(Uzhavar Sandhai ),Lime,Lime,Local,26/08/2026,4600,4600,4600
Tamil Nadu,Madurai,Anna nagar(Uzhavar Sandhai ),Guava,Guava Allahabad,Local,26/08/2026,6500,6500,6500
Tamil Nadu,Perambalur,Perambalur(Uzhavar Sandhai ),Groundnut,Big (With Shell),Local,26/08/2026,8000,9000,8500
Tamil Nadu,Perambalur,Perambalur(Uzhavar Sandhai ),Banana,Red Banana,Local,26/08/2026,6000,7000,6500
Tamil Nadu,Perambalur,Perambalur(Uzhavar Sandhai ),Grapes,Annabesahai,Local,26/08/2026,10000,12000,11000
Tamil Nadu,Perambalur,Perambalur(Uzhavar Sandhai ),Onion,Bellary,Local,26/08/2026,6000,6600,6300
Tamil Nadu,Perambalur,Perambalur(Uzhavar Sandhai ),Cauliflower,Ranchi,Local,26/08/2026,4000,5000,4500
Tamil Nadu,Perambalur,Perambalur(Uzhavar Sandhai ),Coriander(Leaves),I Sort,Local,26/08/2026,2800,3000,2900
Tamil Nadu,Perambalur,Perambalur(Uzhavar Sandhai ),Cluster beans,Cluster Beans,Local,26/08/2026,4800,5000,4900
Tamil Nadu,Perambalur,Perambalur(Uzhavar Sandhai ),Ashgourd,Gouard,Local,26/08/2026,2000,2500,2250
Tamil Nadu,Perambalur,Perambalur(Uzhavar Sandhai ),Pumpkin,Pumpkin,Local,26/08/2026,2000,2400,2200
Tamil Nadu,Perambalur,Perambalur(Uzhavar Sandhai ),Beans,Beans (Whole),Local,26/08/2026,9000,9600,9300
Tamil Nadu,Perambalur,Perambalur(Uzhavar Sandhai ),Ginger(Green),Green Ginger,Local,26/08/2026,14000,17500,15750
Tamil Nadu,Perambalur,Perambalur(Uzhavar Sandhai ),Snakeguard,Snakeguard,Local,26/08/2026,2400,2400,2400
Tamil Nadu,Perambalur,Perambalur(Uzhavar Sandhai ),Ridgeguard(Tori),Ridgeguard(Tori),Local,26/08/2026,4800,5200,5000
Tamil Nadu,Perambalur,Perambalur(Uzhavar Sandhai ),Raddish,Raddish,Local,26/08/2026,2800,3200,3000
Tamil Nadu,Salem,Mecheri(Uzhavar Sandhai),Coriander(Leaves),I Sort,Local,26/08/2026,2000,2000,2000
Tamil Nadu,Salem,Mecheri(Uzhavar Sandhai),Bottle gourd,Bottle Gourd,Local,26/08/2026,2000,2500,2250
Tamil Nadu,Salem,Mecheri(Uzhavar Sandhai),Green Chilli,Green Chilly,Local,26/08/2026,4500,5000,4750
Tamil Nadu,Salem,Mecheri(Uzhavar Sandhai),Onion Green,Onion Green,Local,26/08/2026,5000,6000,5500
Tamil Nadu,Ranipet,Arcot(Uzhavar Sandhai ),Groundnut,Big (With Shell),Local,26/08/2026,6000,6000,6000
Tamil Nadu,Ranipet,Arcot(Uzhavar Sandhai ),Banana,Other,Local,26/08/2026,6000,6000,6000
Tamil Nadu,Ranipet,Arcot(Uzhavar Sandhai ),Cauliflower,Ranchi,Local,26/08/2026,3000,4000,3500
Tamil Nadu,Ranipet,Arcot(Uzhavar Sandhai ),Cluster beans,Cluster Beans,Local,26/08/2026,4000,4000,4000
Tamil Nadu,Ranipet,Arcot(Uzhavar Sandhai ),Bitter gourd,Bitter Gourd,Local,26/08/2026,5000,6000,5500
Tamil Nadu,Ranipet,Arcot(Uzhavar Sandhai ),Bottle gourd,Bottle Gourd,Local,26/08/2026,3000,3000,3000
Tamil Nadu,Ranipet,Arcot(Uzhavar Sandhai ),Ashgourd,Gouard,Local,26/08/2026,3000,3000,3000
Tamil Nadu,Ranipet,Arcot(Uzhavar Sandhai ),Amaranthus,Amaranthus,Local,26/08/2026,2500,3000,2750
Tamil Nadu,Ranipet,Arcot(Uzhavar Sandhai ),Cabbage,Cabbage,Local,26/08/2026,3000,3000,3000
Tamil Nadu,Ranipet,Arcot(Uzhavar Sandhai ),Thondekai,Thondekai,Local,26/08/2026,4000,4000,4000
Tamil Nadu,Ranipet,Arcot(Uzhavar Sandhai ),Chow Chow,Chow Chow,Local,26/08/2026,4000,4000,4000
Tamil Nadu,Ranipet,Arcot(Uzhavar Sandhai ),Tender Coconut,Tender Coconut,Local,26/08/2026,2500,3000,2750
Tamil Nadu,Ranipet,Ranipettai(Uzhavar Sandhai ),Bitter gourd,Other,Local,26/08/2026,4000,4000,4000
Tamil Nadu,Ranipet,Ranipettai(Uzhavar Sandhai ),Ashgourd,Gouard,Local,26/08/2026,3000,3000,3000
Tamil Nadu,Ranipet,Ranipettai(Uzhavar Sandhai ),Tapioca,Tapioca,Local,26/08/2026,4000,4000,4000
Tamil Nadu,Ranipet,Ranipettai(Uzhavar Sandhai ),Coconut,Coconut,Local,26/08/2026,4000,5000,4500
Tamil Nadu,Ranipet,Ranipettai(Uzhavar Sandhai ),Cabbage,Cabbage,Local,26/08/2026,2500,2500,2500
Tamil Nadu,Ranipet,Ranipettai(Uzhavar Sandhai ),Beetroot,Beetroot,Local,26/08/2026,5000,5000,5000
Tamil Nadu,Ranipet,Ranipettai(Uzhavar Sandhai ),Thondekai,Thondekai,Local,26/08/2026,4000,4000,4000
Tamil Nadu,Ranipet,Ranipettai(Uzhavar Sandhai ),Capsicum,Capsicum,Local,26/08/2026,5000,5000,5000
Tamil Nadu,Ranipet,Ranipettai(Uzhavar Sandhai ),Knool Khol,Knool Khol,Local,26/08/2026,3500,3500,3500
Tamil Nadu,Ranipet,Ranipettai(Uzhavar Sandhai ),Tender Coconut,Tender Coconut,Local,26/08/2026,2500,2500,2500
Tamil Nadu,Ranipet,Ranipettai(Uzhavar Sandhai ),Indian Beans(Seam),Indian Beans (Seam),Local,26/08/2026,5000,5000,5000
Tamil Nadu,Salem,Ammapet(Uzhavar Sandhai ),Apple,American,Local,26/08/2026,24000,25000,24500
Tamil Nadu,Salem,Ammapet(Uzhavar Sandhai ),Orange,Darjeeling,Local,26/08/2026,14000,15000,14500
Tamil Nadu,Salem,Ammapet(Uzhavar Sandhai ),Coriander(Leaves),I Sort,Local,26/08/2026,3200,3600,3400
Tamil Nadu,Salem,Ammapet(Uzhavar Sandhai ),Chikoos(Sapota),Sapota,Local,26/08/2026,3500,4000,3750
Tamil Nadu,Salem,Ammapet(Uzhavar Sandhai ),Water Melon,Water Melon,Local,26/08/2026,1800,2000,1900
Tamil Nadu,Salem,Ammapet(Uzhavar Sandhai ),Cluster beans,Cluster Beans,Local,26/08/2026,3200,3500,3350
Tamil Nadu,Salem,Ammapet(Uzhavar Sandhai ),Bottle gourd,Bottle Gourd,Local,26/08/2026,2500,3000,2750
Tamil Nadu,Salem,Ammapet(Uzhavar Sandhai ),Amaranthus,Amaranthus,Local,26/08/2026,2500,2800,2650
Tamil Nadu,Salem,Ammapet(Uzhavar Sandhai ),Banana - Green,Banana - Green,Local,26/08/2026,2500,2800,2650
Tamil Nadu,Salem,Ammapet(Uzhavar Sandhai ),Tapioca,Tapioca,Local,26/08/2026,2500,3000,2750
Tamil Nadu,Salem,Ammapet(Uzhavar Sandhai ),Coconut,Coconut,Local,26/08/2026,5500,6500,6000
Tamil Nadu,Salem,Ammapet(Uzhavar Sandhai ),Beetroot,Beetroot,Local,26/08/2026,5500,6000,5750
Tamil Nadu,Salem,Ammapet(Uzhavar Sandhai ),Knool Khol,Knool Khol,Local,26/08/2026,4000,4500,4250
Tamil Nadu,Salem,Ammapet(Uzhavar Sandhai ),Guava,Guava Allahabad,Local,26/08/2026,5000,6000,5500
Tamil Nadu,Salem,Ammapet(Uzhavar Sandhai ),Marigold(Calcutta),Marigold(Calcutta),Local,26/08/2026,15000,16000,15500
Tamil Nadu,Salem,Ammapet(Uzhavar Sandhai ),Amla(Nelli Kai),Amla,Local,26/08/2026,6500,7000,6750
Tamil Nadu,Salem,Mettur(Uzhavar Sandhai ),Potato,Other,Local,26/08/2026,4000,4500,4250
Tamil Nadu,Salem,Mettur(Uzhavar Sandhai ),Tomato,Deshi,Local,26/08/2026,1500,1800,1650
Tamil Nadu,Salem,Mettur(Uzhavar Sandhai ),Bottle gourd,Bottle Gourd,Local,26/08/2026,1500,2000,1750
Tamil Nadu,Salem,Mettur(Uzhavar Sandhai ),Amaranthus,Amaranthus,Local,26/08/2026,2000,2500,2250
Tamil Nadu,Salem,Mettur(Uzhavar Sandhai ),Tapioca,Tapioca,Local,26/08/2026,3000,3500,3250
Tamil Nadu,Salem,Mettur(Uzhavar Sandhai ),Carrot,Pusakesar,Local,26/08/2026,7500,8000,7750
Tamil Nadu,Salem,Mettur(Uzhavar Sandhai ),Guava,Guava Allahabad,Local,26/08/2026,5000,6000,5500
Tamil Nadu,Salem,Sooramangalam(Uzhavar Sandhai ),Cluster beans,Cluster Beans,Local,26/08/2026,3000,3400,3200
Tamil Nadu,Salem,Sooramangalam(Uzhavar Sandhai ),Banana - Green,Banana - Green,Local,26/08/2026,2000,2400,2200
Tamil Nadu,Salem,Sooramangalam(Uzhavar Sandhai ),Carrot,Pusakesar,Local,26/08/2026,7000,7600,7300
Tamil Nadu,Salem,Sooramangalam(Uzhavar Sandhai ),Beetroot,Beetroot,Local,26/08/2026,7000,7500,7250
Tamil Nadu,Salem,Sooramangalam(Uzhavar Sandhai ),Raddish,Raddish,Local,26/08/2026,2200,2600,2400
Tamil Nadu,Salem,Sooramangalam(Uzhavar Sandhai ),Guava,Guava Allahabad,Local,26/08/2026,5500,6000,5750
Tamil Nadu,Salem,Sooramangalam(Uzhavar Sandhai ),Tender Coconut,Tender Coconut,Local,26/08/2026,3500,4000,3750
Tamil Nadu,Salem,Sooramangalam(Uzhavar Sandhai ),Lemon,Lemon,Local,26/08/2026,9500,10000,9750
Tamil Nadu,Salem,Sooramangalam(Uzhavar Sandhai ),Mint(Pudina),Mint(Pudina),Local,26/08/2026,3000,3200,3100
Tamil Nadu,Salem,Sooramangalam(Uzhavar Sandhai ),Tube Rose(Loose),Tube Rose (Loose),Local,26/08/2026,14000,15000,14500
Tamil Nadu,Thiruchirappalli,Thuraiyur APMC,Pumpkin,Pumpkin,Local,26/08/2026,1400,1800,1600
Tamil Nadu,Thiruchirappalli,Thuraiyur APMC,Green Chilli,Green Chilly,Local,26/08/2026,3800,4200,4000
Tamil Nadu,Thiruchirappalli,Thuraiyur APMC,Coconut,Coconut,Local,26/08/2026,6000,7000,6500
Tamil Nadu,Thiruchirappalli,Thuraiyur APMC,Beetroot,Beetroot,Local,26/08/2026,4500,5000,4750
Tamil Nadu,Thiruchirappalli,Thuraiyur APMC,Mango(Raw-Ripe),Mango - Raw-Ripe,Local,26/08/2026,7500,8600,8050
Tamil Nadu,Thiruchirappalli,Thuraiyur APMC,Indian Beans(Seam),Indian Beans (Seam),Local,26/08/2026,6000,7000,6500
Tamil Nadu,Salem,Thammampatti (Uzhavar Sandhai ),Garlic,Garlic,Local,26/08/2026,24000,28000,26000
Tamil Nadu,Salem,Thammampatti (Uzhavar Sandhai ),Pumpkin,Pumpkin,Local,26/08/2026,1800,2000,1900
Tamil Nadu,Salem,Thammampatti (Uzhavar Sandhai ),Banana - Green,Banana - Green,Local,26/08/2026,2200,2500,2350
Tamil Nadu,Salem,Thammampatti (Uzhavar Sandhai ),Raddish,Raddish,Local,26/08/2026,2500,3000,2750
Tamil Nadu,Salem,Thammampatti (Uzhavar Sandhai ),Capsicum,Capsicum,Local,26/08/2026,6500,7000,6750
Tamil Nadu,Salem,Thammampatti (Uzhavar Sandhai ),Tender Coconut,Tender Coconut,Local,26/08/2026,3000,4000,3500
Tamil Nadu,Salem,Thammampatti (Uzhavar Sandhai ),Onion Green,Onion Green,Local,26/08/2026,5000,6000,5500
Tamil Nadu,Salem,Thathakapatti(Uzhavar Sandhai ),Green Peas,Green Peas,Local,26/08/2026,12000,14000,13000
Tamil Nadu,Salem,Thathakapatti(Uzhavar Sandhai ),Bitter gourd,Bitter Gourd,Local,26/08/2026,5000,5400,5200
Tamil Nadu,Salem,Thathakapatti(Uzhavar Sandhai ),Banana - Green,Banana - Green,Local,26/08/2026,3500,4000,3750
Tamil Nadu,Salem,Thathakapatti(Uzhavar Sandhai ),Coconut,Coconut,Local,26/08/2026,6000,6500,6250
Tamil Nadu,Salem,Thathakapatti(Uzhavar Sandhai ),Sweet Potato,Hosur Red,Local,26/08/2026,4000,5000,4500
Tamil Nadu,Salem,Thathakapatti(Uzhavar Sandhai ),Raddish,Raddish,Local,26/08/2026,2000,2400,2200
Tamil Nadu,Salem,Thathakapatti(Uzhavar Sandhai ),Chow Chow,Chow Chow,Local,26/08/2026,3500,4000,3750
Tamil Nadu,Salem,Thathakapatti(Uzhavar Sandhai ),Marigold(Calcutta),Marigold(Calcutta),Local,26/08/2026,14000,15000,14500
Tamil Nadu,Salem,Thathakapatti(Uzhavar Sandhai ),Custard Apple(Sharifa),Custard Apple(Sharifa),Local,26/08/2026,4000,5000,4500
Tamil Nadu,Theni,Chinnamanur(Uzhavar Sandhai ),Ashgourd,Gouard,Local,26/08/2026,2000,2000,2000
Tamil Nadu,Theni,Chinnamanur(Uzhavar Sandhai ),Amaranthus,Amaranthus,Local,26/08/2026,2500,2500,2500
Tamil Nadu,Theni,Chinnamanur(Uzhavar Sandhai ),Beetroot,Beetroot,Local,26/08/2026,3600,3600,3600
Tamil Nadu,Theni,Chinnamanur(Uzhavar Sandhai ),Drumstick,Drumstick,Local,26/08/2026,2000,2000,2000
Tamil Nadu,Theni,Chinnamanur(Uzhavar Sandhai ),Onion Green,Onion Green,Local,26/08/2026,7000,7000,7000
Tamil Nadu,Theni,Kambam(Uzhavar Sandhai ),Mango,Safeda,Local,26/08/2026,6000,7000,6500
Tamil Nadu,Theni,Kambam(Uzhavar Sandhai ),Coriander(Leaves),I Sort,Local,26/08/2026,3000,3000,3000
Tamil Nadu,Theni,Kambam(Uzhavar Sandhai ),Bottle gourd,Bottle Gourd,Local,26/08/2026,1600,2000,1800
Tamil Nadu,Theni,Kambam(Uzhavar Sandhai ),Green Chilli,Green Chilly,Local,26/08/2026,3800,4000,3900
Tamil Nadu,Theni,Kambam(Uzhavar Sandhai ),Ginger(Green),Green Ginger,Local,26/08/2026,9000,15000,12000
Tamil Nadu,Theni,Kambam(Uzhavar Sandhai ),Raddish,Raddish,Local,26/08/2026,2200,2200,2200
Tamil Nadu,Theni,Kambam(Uzhavar Sandhai ),Thondekai,Thondekai,Local,26/08/2026,2800,2800,2800
Tamil Nadu,Theni,Kambam(Uzhavar Sandhai ),Green Avare(W),Other,Local,26/08/2026,2500,3000,2750
Tamil Nadu,Theni,Kambam(Uzhavar Sandhai ),Mango(Raw-Ripe),Mango - Raw-Ripe,Local,26/08/2026,4500,4500,4500
Tamil Nadu,Theni,Kambam(Uzhavar Sandhai ),Onion Green,Onion Green,Local,26/08/2026,6000,6500,6250
Tamil Nadu,Theni,Theni(Uzhavar Sandhai ),Orange,Darjeeling,Local,26/08/2026,16000,16000,16000
Tamil Nadu,Theni,Theni(Uzhavar Sandhai ),Onion,Bellary,Local,26/08/2026,5000,5500,5250
Tamil Nadu,Theni,Theni(Uzhavar Sandhai ),Coriander(Leaves),I Sort,Local,26/08/2026,3000,3000,3000
Tamil Nadu,Theni,Theni(Uzhavar Sandhai ),Water Melon,Water Melon,Local,26/08/2026,2000,2500,2250
Tamil Nadu,Theni,Theni(Uzhavar Sandhai ),Bitter gourd,Other,Local,26/08/2026,3500,3500,3500
Tamil Nadu,Theni,Theni(Uzhavar Sandhai ),Bottle gourd,Bottle Gourd,Local,26/08/2026,1500,2000,1750
Tamil Nadu,Theni,Theni(Uzhavar Sandhai ),Banana - Green,Banana - Green,Local,26/08/2026,3000,3000,3000
Tamil Nadu,Theni,Theni(Uzhavar Sandhai ),Carrot,Pusakesar,Local,26/08/2026,4000,5800,4900
Tamil Nadu,Theni,Theni(Uzhavar Sandhai ),Ridgeguard(Tori),Ridgeguard(Tori),Local,26/08/2026,3800,3800,3800
Tamil Nadu,Theni,Theni(Uzhavar Sandhai ),Sweet Corn ,Sweet Corn ,Local,26/08/2026,5000,5000,5000
Tamil Nadu,Thirunelveli,Ambasamudram(Uzhavar Sandhai ),Amaranthus,Amaranthus,Local,26/08/2026,1300,1500,1400
Tamil Nadu,Thirunelveli,Ambasamudram(Uzhavar Sandhai ),Banana - Green,Banana - Green,Local,26/08/2026,2500,3000,2750
Tamil Nadu,Thirunelveli,Ambasamudram(Uzhavar Sandhai ),Onion Green,Onion Green,Local,26/08/2026,5000,6000,5500
Tamil Nadu,Thirunelveli,Kandiyaperi(Uzhavar Sandhai ),Brinjal,Other,Local,26/08/2026,1500,2000,1750
Tamil Nadu,Thirunelveli,Kandiyaperi(Uzhavar Sandhai ),Coriander(Leaves),I Sort,Local,26/08/2026,3500,4000,3750
Tamil Nadu,Thirunelveli,Kandiyaperi(Uzhavar Sandhai ),Tomato,Other,Local,26/08/2026,2000,2500,2250
Tamil Nadu,Thirunelveli,Kandiyaperi(Uzhavar Sandhai ),Bottle gourd,Bottle Gourd,Local,26/08/2026,800,1000,900
Tamil Nadu,Thirunelveli,Melapalayam(Uzhavar Sandhai ),Onion,Bellary,Local,26/08/2026,5000,5600,5300
Tamil Nadu,Thirunelveli,Melapalayam(Uzhavar Sandhai ),Brinjal,Other,Local,26/08/2026,1500,2000,1750
Tamil Nadu,Thirunelveli,Melapalayam(Uzhavar Sandhai ),Coriander(Leaves),I Sort,Local,26/08/2026,3500,4000,3750
Tamil Nadu,Thirunelveli,Melapalayam(Uzhavar Sandhai ),Tomato,Other,Local,26/08/2026,2000,2500,2250
Tamil Nadu,Thirunelveli,Melapalayam(Uzhavar Sandhai ),Bhindi(Ladies Finger),Bhindi,Local,26/08/2026,2400,2600,2500
Tamil Nadu,Thirunelveli,Melapalayam(Uzhavar Sandhai ),Beans,Beans (Whole),Local,26/08/2026,8000,8600,8300
Tamil Nadu,Thirunelveli,Melapalayam(Uzhavar Sandhai ),Sweet Potato,Hosur Red,Local,26/08/2026,5000,5500,5250
Tamil Nadu,Thirunelveli,Melapalayam(Uzhavar Sandhai ),Capsicum,Capsicum,Local,26/08/2026,6000,6500,6250
Tamil Nadu,Thirunelveli,Melapalayam(Uzhavar Sandhai ),Guava,Guava Allahabad,Local,26/08/2026,6000,8000,7000
Tamil Nadu,Thirunelveli,Melapalayam(Uzhavar Sandhai ),Elephant Yam(Suran)/Amorphophallus,Elephant Yam (Suran),Local,26/08/2026,4000,4500,4250
Tamil Nadu,Thirunelveli,NGO Colony(Uzhavar Sandhai ),Pumpkin,Pumpkin,Local,26/08/2026,800,1000,900
Tamil Nadu,Thirunelveli,NGO Colony(Uzhavar Sandhai ),Lemon,Lemon,Local,26/08/2026,12000,13000,12500
Tamil Nadu,Thirunelveli,Palayamkottai(Uzhavar Sandhai ),Onion,Bellary,Local,26/08/2026,4800,5600,5200
Tamil Nadu,Thirunelveli,Palayamkottai(Uzhavar Sandhai ),Chikoos(Sapota),Sapota,Local,26/08/2026,4000,5000,4500
Tamil Nadu,Thirunelveli,Palayamkottai(Uzhavar Sandhai ),Pumpkin,Pumpkin,Local,26/08/2026,900,1000,950
Tamil Nadu,Thirunelveli,Palayamkottai(Uzhavar Sandhai ),Cucumbar(Kheera),Cucumbar,Local,26/08/2026,3500,6500,5000
Tamil Nadu,Thirunelveli,Palayamkottai(Uzhavar Sandhai ),Drumstick,Drumstick,Local,26/08/2026,2300,2500,2400
Tamil Nadu,Thirunelveli,Palayamkottai(Uzhavar Sandhai ),Lime,Lime,Local,26/08/2026,14000,16000,15000
Tamil Nadu,Thirunelveli,Palayamkottai(Uzhavar Sandhai ),Guava,Guava Allahabad,Local,26/08/2026,6000,8000,7000
Tamil Nadu,Thirunelveli,Palayamkottai(Uzhavar Sandhai ),Pomegranate,Pomogranate,Local,26/08/2026,16000,18000,17000
Tamil Nadu,Thirunelveli,Palayamkottai(Uzhavar Sandhai ),Colacasia,Colacasia,Local,26/08/2026,5000,6000,5500
Tamil Nadu,Thirunelveli,Palayamkottai(Uzhavar Sandhai ),Mint(Pudina),Mint(Pudina),Local,26/08/2026,5500,6000,5750
Tamil Nadu,Thirupur,Kangayam(Uzhavar Sandhai ),Banana,Besrai,Local,26/08/2026,3500,4000,3750
Tamil Nadu,Thirupur,Kangayam(Uzhavar Sandhai ),Bottle gourd,Bottle Gourd,Local,26/08/2026,1500,2000,1750
Tamil Nadu,Thirupur,Kangayam(Uzhavar Sandhai ),Bhindi(Ladies Finger),Bhindi,Local,26/08/2026,5500,6200,5850
Tamil Nadu,Thirupur,Kangayam(Uzhavar Sandhai ),Snakeguard,Snakeguard,Local,26/08/2026,5000,5500,5250
Tamil Nadu,Thirupur,Kangayam(Uzhavar Sandhai ),Beetroot,Beetroot,Local,26/08/2026,2500,3000,2750
Tamil Nadu,Thirupur,Kangayam(Uzhavar Sandhai ),Drumstick,Drumstick,Local,26/08/2026,2000,2500,2250
Tamil Nadu,Thirupur,Tiruppur (North) (Uzhavar Sandhai ),Pumpkin,Pumpkin,Local,26/08/2026,1200,1500,1350
Tamil Nadu,Thirupur,Tiruppur (North) (Uzhavar Sandhai ),Green Chilli,Green Chilly,Local,26/08/2026,4000,4600,4300
Tamil Nadu,Thirupur,Tiruppur (North) (Uzhavar Sandhai ),Ginger(Green),Green Ginger,Local,26/08/2026,15000,16000,15500
Tamil Nadu,Thirupur,Tiruppur (North) (Uzhavar Sandhai ),Coconut,Coconut,Local,26/08/2026,5500,6000,5750
Tamil Nadu,Thirupur,Tiruppur (North) (Uzhavar Sandhai ),Carrot,Pusakesar,Local,26/08/2026,6000,7000,6500
Tamil Nadu,Thirupur,Tiruppur (North) (Uzhavar Sandhai ),Cabbage,Cabbage,Local,26/08/2026,2000,2600,2300
Tamil Nadu,Thirupur,Tiruppur (North) (Uzhavar Sandhai ),Raddish,Raddish,Local,26/08/2026,3000,3500,3250
Tamil Nadu,Thirupur,Tiruppur (North) (Uzhavar Sandhai ),Tender Coconut,Tender Coconut,Local,26/08/2026,3000,3500,3250
Tamil Nadu,Thirupur,Tiruppur (North) (Uzhavar Sandhai ),Elephant Yam(Suran)/Amorphophallus,Elephant Yam (Suran),Local,26/08/2026,3500,4000,3750
Tamil Nadu,Thirupur,Tiruppur (North) (Uzhavar Sandhai ),Lemon,Lemon,Local,26/08/2026,10000,12000,11000
Tamil Nadu,Thiruvannamalai,Chengam(Uzhavar Sandhai ),Sweet Corn ,Sweet Corn ,Local,26/08/2026,2500,3000,2750
Tamil Nadu,Thiruvannamalai,Chengam(Uzhavar Sandhai ),Groundnut,Big (With Shell),Local,26/08/2026,7000,8000,7500
Tamil Nadu,Thiruvannamalai,Chengam(Uzhavar Sandhai ),Mango,Safeda,Local,26/08/2026,5000,6000,5500
Tamil Nadu,Thiruvannamalai,Chengam(Uzhavar Sandhai ),Potato,Red Nanital,Local,26/08/2026,3300,4000,3650
Tamil Nadu,Thiruvannamalai,Chengam(Uzhavar Sandhai ),Garlic,Garlic,Local,26/08/2026,20000,24000,22000
Tamil Nadu,Thiruvannamalai,Chengam(Uzhavar Sandhai ),Amaranthus,Amaranthus,Local,26/08/2026,1200,1500,1350
Tamil Nadu,Thiruvannamalai,Chengam(Uzhavar Sandhai ),Banana - Green,Banana - Green,Local,26/08/2026,1200,1500,1350
Tamil Nadu,Thiruvannamalai,Chengam(Uzhavar Sandhai ),Coconut,Coconut,Local,26/08/2026,4200,5000,4600
Tamil Nadu,Thiruvannamalai,Chengam(Uzhavar Sandhai ),Snakeguard,Snakeguard,Local,26/08/2026,3300,4000,3650
Tamil Nadu,Thiruvannamalai,Chengam(Uzhavar Sandhai ),Raddish,Raddish,Local,26/08/2026,3300,4000,3650
Tamil Nadu,Thiruvannamalai,Chengam(Uzhavar Sandhai ),Capsicum,Capsicum,Local,26/08/2026,7000,8000,7500
Tamil Nadu,Thiruvannamalai,Chengam(Uzhavar Sandhai ),Knool Khol,Knool Khol,Local,26/08/2026,4200,5000,4600
Tamil Nadu,Thiruvannamalai,Keelpennathur(Uzhavar Sandhai ),Onion,Bellary,Local,26/08/2026,5500,6000,5750
Tamil Nadu,Thiruvannamalai,Keelpennathur(Uzhavar Sandhai ),Jamun(Narale Hannu),Jamun,Local,26/08/2026,11000,12000,11500
Tamil Nadu,Thiruvannamalai,Tamarainagar(Uzhavar Sandhai ),Water Melon,Water Melon,Local,26/08/2026,1500,2000,1750
Tamil Nadu,Thiruvannamalai,Tamarainagar(Uzhavar Sandhai ),Bottle gourd,Bottle Gourd,Local,26/08/2026,2000,2500,2250
Tamil Nadu,Thiruvannamalai,Tamarainagar(Uzhavar Sandhai ),Pumpkin,Pumpkin,Local,26/08/2026,2000,2500,2250
Tamil Nadu,Thiruvannamalai,Tamarainagar(Uzhavar Sandhai ),Raddish,Raddish,Local,26/08/2026,2000,2400,2200
Tamil Nadu,Thiruvannamalai,Tamarainagar(Uzhavar Sandhai ),Fig(Anjura/Anjeer),Anjura,Local,26/08/2026,5000,6000,5500
Tamil Nadu,Thiruvannamalai,Tamarainagar(Uzhavar Sandhai ),Tamarind Fruit,Tamarind Fruit,Local,26/08/2026,10000,12000,11000
Tamil Nadu,Thiruvannamalai,Tamarainagar(Uzhavar Sandhai ),Onion Green,Onion Green,Local,26/08/2026,7000,8000,7500
Tamil Nadu,Thiruvannamalai,Vandavasi(Uzhavar Sandhai ),Banana,Karpura,Local,26/08/2026,4000,5000,4500
Tamil Nadu,Thiruvannamalai,Vandavasi(Uzhavar Sandhai ),Papaya,Papaya,Local,26/08/2026,3000,4000,3500
Tamil Nadu,Thiruvannamalai,Vandavasi(Uzhavar Sandhai ),Cluster beans,Cluster Beans,Local,26/08/2026,3600,4200,3900
Tamil Nadu,Thiruvannamalai,Vandavasi(Uzhavar Sandhai ),Bitter gourd,Other,Local,26/08/2026,4000,4800,4400
Tamil Nadu,Thiruvannamalai,Vandavasi(Uzhavar Sandhai ),Pumpkin,Pumpkin,Local,26/08/2026,2500,3000,2750
Tamil Nadu,Thiruvannamalai,Vandavasi(Uzhavar Sandhai ),Amaranthus,Amaranthus,Local,26/08/2026,2500,3000,2750
Tamil Nadu,Thiruvannamalai,Vandavasi(Uzhavar Sandhai ),Banana - Green,Banana - Green,Local,26/08/2026,1600,2000,1800
Tamil Nadu,Thiruvannamalai,Vandavasi(Uzhavar Sandhai ),Coconut,Coconut,Local,26/08/2026,4000,5000,4500
Tamil Nadu,Thiruvannamalai,Vandavasi(Uzhavar Sandhai ),Green Avare(W),Other,Local,26/08/2026,5000,6000,5500
Tamil Nadu,Thiruvannamalai,Vandavasi(Uzhavar Sandhai ),Drumstick,Drumstick,Local,26/08/2026,3600,4200,3900
Tamil Nadu,Thiruvannamalai,Vandavasi(Uzhavar Sandhai ),Colacasia,Colacasia,Local,26/08/2026,3600,4200,3900
Tamil Nadu,Thiruvannamalai,Vandavasi(Uzhavar Sandhai ),Mint(Pudina),Mint(Pudina),Local,26/08/2026,3500,4000,3750
Tamil Nadu,Thiruvarur,Muthupettai(Uzhavar Sandhai ),Brinjal,Round,Local,26/08/2026,3800,3800,3800
Tamil Nadu,Thiruvarur,Muthupettai(Uzhavar Sandhai ),Pumpkin,Pumpkin,Local,26/08/2026,2600,2600,2600
Tamil Nadu,Thiruvarur,Muthupettai(Uzhavar Sandhai ),Onion Green,Onion Green,Local,26/08/2026,8000,8000,8000
Maharashtra,Sangli,"Sangli(Phale, Bhajipala Market) APMC",Guava,Other,Local,26/08/2026,2500,6500,4500
Tamil Nadu,Coimbatore,Sulur(Uzhavar Sandhai ),Banana,Karpura,Local,26/08/2026,5500,5800,5650
Tamil Nadu,Coimbatore,Sulur(Uzhavar Sandhai ),Cluster beans,Cluster Beans,Local,26/08/2026,3800,4200,4000
Tamil Nadu,Coimbatore,Sulur(Uzhavar Sandhai ),Bottle gourd,Bottle Gourd,Local,26/08/2026,2500,3000,2750
Tamil Nadu,Coimbatore,Sulur(Uzhavar Sandhai ),Pumpkin,Pumpkin,Local,26/08/2026,2000,2200,2100
Tamil Nadu,Coimbatore,Sulur(Uzhavar Sandhai ),Cowpea(Veg),Cowpea (Veg),Local,26/08/2026,4000,4500,4250
Tamil Nadu,Coimbatore,Sulur(Uzhavar Sandhai ),Tapioca,Tapioca,Local,26/08/2026,3000,3600,3300
Tamil Nadu,Coimbatore,Sulur(Uzhavar Sandhai ),Ginger(Green),Green Ginger,Local,26/08/2026,16000,17000,16500
Tamil Nadu,Coimbatore,Sulur(Uzhavar Sandhai ),Cucumbar(Kheera),Cucumbar,Local,26/08/2026,4000,4500,4250
Tamil Nadu,Pudukkottai,Gandarvakottai(Uzhavar Sandhai ),Tomato,Deshi,Local,26/08/2026,1800,2000,1900
Tamil Nadu,Pudukkottai,Gandarvakottai(Uzhavar Sandhai ),Green Chilli,Green Chilly,Local,26/08/2026,6500,7000,6750
Tamil Nadu,Pudukkottai,Gandarvakottai(Uzhavar Sandhai ),Banana - Green,Banana - Green,Local,26/08/2026,2500,3000,2750
Tamil Nadu,Pudukkottai,Gandarvakottai(Uzhavar Sandhai ),Snakeguard,Snakeguard,Local,26/08/2026,3500,4000,3750
Tamil Nadu,Pudukkottai,Gandarvakottai(Uzhavar Sandhai ),Ridgeguard(Tori),Ridgeguard(Tori),Local,26/08/2026,5500,6000,5750
Tamil Nadu,Pudukkottai,Gandarvakottai(Uzhavar Sandhai ),Raddish,Raddish,Local,26/08/2026,3000,3500,3250
Tamil Nadu,Pudukkottai,Gandarvakottai(Uzhavar Sandhai ),Green Avare(W),Green Avare (W),Local,26/08/2026,4500,5000,4750
Tamil Nadu,Cuddalore,Panruti(Uzhavar Sandhai ),Potato,Red Nanital,Local,26/08/2026,4000,4000,4000
Tamil Nadu,Cuddalore,Panruti(Uzhavar Sandhai ),Cluster beans,Cluster Beans,Local,26/08/2026,4000,4000,4000
Tamil Nadu,Cuddalore,Panruti(Uzhavar Sandhai ),Bottle gourd,Bottle Gourd,Local,26/08/2026,2500,2500,2500
Tamil Nadu,Cuddalore,Panruti(Uzhavar Sandhai ),Raddish,Raddish,Local,26/08/2026,3000,3000,3000
Tamil Nadu,Cuddalore,Panruti(Uzhavar Sandhai ),Drumstick,Drumstick,Local,26/08/2026,3000,3000,3000
Tamil Nadu,Cuddalore,Vadalur(Uzhavar Sandhai ),Tomato,Local,Local,26/08/2026,2000,2000,2000
Tamil Nadu,Cuddalore,Vadalur(Uzhavar Sandhai ),Bottle gourd,Bottle Gourd,Local,26/08/2026,2500,2500,2500
Tamil Nadu,Cuddalore,Vadalur(Uzhavar Sandhai ),Pumpkin,Pumpkin,Local,26/08/2026,2500,2500,2500
Tamil Nadu,Cuddalore,Vadalur(Uzhavar Sandhai ),Beans,Beans (Whole),Local,26/08/2026,9000,9000,9000
Tamil Nadu,Cuddalore,Vadalur(Uzhavar Sandhai ),Carrot,Pusakesar,Local,26/08/2026,6000,6000,6000
Tamil Nadu,Cuddalore,Vadalur(Uzhavar Sandhai ),Cabbage,Cabbage,Local,26/08/2026,3500,3500,3500
Tamil Nadu,Cuddalore,Vadalur(Uzhavar Sandhai ),Snakeguard,Snakeguard,Local,26/08/2026,3000,3000,3000
Tamil Nadu,Cuddalore,Vadalur(Uzhavar Sandhai ),Raddish,Raddish,Local,26/08/2026,3000,3000,3000
Tamil Nadu,Cuddalore,Vadalur(Uzhavar Sandhai ),Drumstick,Drumstick,Local,26/08/2026,3000,3000,3000
Tamil Nadu,Cuddalore,Vadalur(Uzhavar Sandhai ),Tender Coconut,Tender Coconut,Local,26/08/2026,2500,3000,2750
Tamil Nadu,Dharmapuri,AJattihalli(Uzhavar Sandhai ),Onion,Bellary,Local,26/08/2026,5000,5700,5350
Tamil Nadu,Dharmapuri,AJattihalli(Uzhavar Sandhai ),Potato,Other,Local,26/08/2026,2400,2800,2600
Tamil Nadu,Dharmapuri,AJattihalli(Uzhavar Sandhai ),Tomato,Deshi,Local,26/08/2026,1600,2000,1800
Tamil Nadu,Dharmapuri,AJattihalli(Uzhavar Sandhai ),Bitter gourd,Other,Local,26/08/2026,4000,4000,4000
Tamil Nadu,Dharmapuri,AJattihalli(Uzhavar Sandhai ),Bottle gourd,Bottle Gourd,Local,26/08/2026,1800,1800,1800
Tamil Nadu,Dharmapuri,AJattihalli(Uzhavar Sandhai ),Amaranthus,Amaranthus,Local,26/08/2026,2500,3000,2750
Tamil Nadu,Dharmapuri,AJattihalli(Uzhavar Sandhai ),Banana - Green,Banana - Green,Local,26/08/2026,2500,2500,2500
Tamil Nadu,Dharmapuri,AJattihalli(Uzhavar Sandhai ),Snakeguard,Snakeguard,Local,26/08/2026,2800,2800,2800
Tamil Nadu,Dharmapuri,AJattihalli(Uzhavar Sandhai ),Beetroot,Beetroot,Local,26/08/2026,5800,5800,5800
Tamil Nadu,Dharmapuri,AJattihalli(Uzhavar Sandhai ),Cucumbar(Kheera),Cucumbar,Local,26/08/2026,4600,4600,4600
Tamil Nadu,Dharmapuri,AJattihalli(Uzhavar Sandhai ),Ridgeguard(Tori),Ridgeguard(Tori),Local,26/08/2026,3000,3600,3300
Tamil Nadu,Dharmapuri,AJattihalli(Uzhavar Sandhai ),Chow Chow,Chow Chow,Local,26/08/2026,4800,4800,4800
Tamil Nadu,Dharmapuri,AJattihalli(Uzhavar Sandhai ),Tender Coconut,Tender Coconut,Local,26/08/2026,3000,3500,3250
Tamil Nadu,Dharmapuri,AJattihalli(Uzhavar Sandhai ),Onion Green,Onion Green,Local,26/08/2026,5500,6000,5750
Tamil Nadu,Karur,Pallapatti (Uzhavar Sandhai ),Coriander(Leaves),I Sort,Local,26/08/2026,4500,5000,4750
Tamil Nadu,Karur,Pallapatti (Uzhavar Sandhai ),Bottle gourd,Bottle Gourd,Local,26/08/2026,2500,3000,2750
Tamil Nadu,Karur,Pallapatti (Uzhavar Sandhai ),Lime,Lime,Local,26/08/2026,3500,4000,3750
Tamil Nadu,Karur,Pallapatti (Uzhavar Sandhai ),Lemon,Lemon,Local,26/08/2026,8000,10000,9000
Tamil Nadu,Karur,Pallapatti (Uzhavar Sandhai ),Amla(Nelli Kai),Amla,Local,26/08/2026,6500,7000,6750
Tamil Nadu,Karur,Pallapatti (Uzhavar Sandhai ),Onion Green,Onion Green,Local,26/08/2026,7500,8000,7750
Tamil Nadu,Karur,Velayuthampalayam(Uzhavar Sandhai ),Brinjal,Other,Local,26/08/2026,3200,4000,3600
Tamil Nadu,Karur,Velayuthampalayam(Uzhavar Sandhai ),Tomato,Other,Local,26/08/2026,1600,2000,1800
Tamil Nadu,Karur,Velayuthampalayam(Uzhavar Sandhai ),Ashgourd,Gouard,Local,26/08/2026,2400,3000,2700
Tamil Nadu,Karur,Velayuthampalayam(Uzhavar Sandhai ),Ginger(Green),Green Ginger,Local,26/08/2026,17000,19000,18000
Tamil Nadu,Karur,Velayuthampalayam(Uzhavar Sandhai ),Coconut,Coconut,Local,26/08/2026,5200,6000,5600
Tamil Nadu,Karur,Velayuthampalayam(Uzhavar Sandhai ),Raddish,Raddish,Local,26/08/2026,2400,3000,2700
Tamil Nadu,Karur,Velayuthampalayam(Uzhavar Sandhai ),Green Avare(W),Other,Local,26/08/2026,6000,7000,6500
Tamil Nadu,Karur,Velayuthampalayam(Uzhavar Sandhai ),Onion Green,Onion Green,Local,26/08/2026,7000,8000,7500
Tamil Nadu,Karur,Vengamedu(Uzhavar Sandhai ),Ridgeguard(Tori),Ridgeguard(Tori),Local,26/08/2026,4500,5000,4750
Tamil Nadu,Theni,Devaram(Uzhavar Sandhai ),Brinjal,Round,Local,26/08/2026,3500,3500,3500
Tamil Nadu,Theni,Devaram(Uzhavar Sandhai ),Coriander(Leaves),I Sort,Local,26/08/2026,3000,3000,3000
Tamil Nadu,Theni,Devaram(Uzhavar Sandhai ),Tomato,Deshi,Local,26/08/2026,1800,1800,1800
Tamil Nadu,Theni,Devaram(Uzhavar Sandhai ),Cluster beans,Cluster Beans,Local,26/08/2026,2500,2500,2500
Tamil Nadu,Theni,Devaram(Uzhavar Sandhai ),Chow Chow,Chow Chow,Local,26/08/2026,2800,2800,2800
Tamil Nadu,Salem,Attayampatti(Uzhavar Sandhai ),Coriander(Leaves),I Sort,Local,26/08/2026,2500,2500,2500
Tamil Nadu,Salem,Attayampatti(Uzhavar Sandhai ),Chikoos(Sapota),Sapota,Local,26/08/2026,4000,4500,4250
Tamil Nadu,Salem,Attayampatti(Uzhavar Sandhai ),Papaya,Papaya,Local,26/08/2026,3000,3500,3250
Tamil Nadu,Salem,Attayampatti(Uzhavar Sandhai ),Coconut,Coconut,Local,26/08/2026,6500,6500,6500
Tamil Nadu,Salem,Attayampatti(Uzhavar Sandhai ),Cucumbar(Kheera),Cucumbar,Local,26/08/2026,5000,6000,5500
Tamil Nadu,Salem,Attayampatti(Uzhavar Sandhai ),Lemon,Lemon,Local,26/08/2026,5000,5000,5000
Tamil Nadu,Sivaganga,Sivagangai (Uzhavar Sandhai ),Brinjal,Other,Local,26/08/2026,3800,4200,4000
Tamil Nadu,Sivaganga,Sivagangai (Uzhavar Sandhai ),Chikoos(Sapota),Sapota,Local,26/08/2026,4200,6200,5200
Tamil Nadu,Sivaganga,Sivagangai (Uzhavar Sandhai ),Ashgourd,Gouard,Local,26/08/2026,1800,2200,2000
Tamil Nadu,Sivaganga,Sivagangai (Uzhavar Sandhai ),Pumpkin,Pumpkin,Local,26/08/2026,2200,2600,2400
Tamil Nadu,Sivaganga,Sivagangai (Uzhavar Sandhai ),Beans,Beans (Whole),Local,26/08/2026,10200,11200,10700
Tamil Nadu,Sivaganga,Sivagangai (Uzhavar Sandhai ),Cabbage,Cabbage,Local,26/08/2026,2600,2800,2700
Tamil Nadu,Sivaganga,Sivagangai (Uzhavar Sandhai ),Snakeguard,Snakeguard,Local,26/08/2026,3200,3800,3500
Tamil Nadu,Sivaganga,Sivagangai (Uzhavar Sandhai ),Mango(Raw-Ripe),Mango - Raw-Ripe,Local,26/08/2026,7000,7000,7000
Tamil Nadu,Sivaganga,Sivagangai (Uzhavar Sandhai ),Elephant Yam(Suran)/Amorphophallus,Elephant Yam (Suran),Local,26/08/2026,4200,4600,4400
Tamil Nadu,Sivaganga,Sivagangai (Uzhavar Sandhai ),Colacasia,Colacasia,Local,26/08/2026,5200,6200,5700
Tamil Nadu,Sivaganga,Devakottai (Uzhavar Sandhai ),Banana,Poovan,Local,26/08/2026,3500,4000,3750
Tamil Nadu,Sivaganga,Devakottai (Uzhavar Sandhai ),Amaranthus,Amaranthus,Local,26/08/2026,3500,4000,3750
Tamil Nadu,Sivaganga,Devakottai (Uzhavar Sandhai ),Ginger(Green),Green Ginger,Local,26/08/2026,12000,20200,16100
Tamil Nadu,Sivaganga,Devakottai (Uzhavar Sandhai ),Coconut,Coconut,Local,26/08/2026,6500,7000,6750
Tamil Nadu,Sivaganga,Devakottai (Uzhavar Sandhai ),Cabbage,Cabbage,Local,26/08/2026,2800,3400,3100
Tamil Nadu,Sivaganga,Devakottai (Uzhavar Sandhai ),Snakeguard,Snakeguard,Local,26/08/2026,3200,3800,3500
Tamil Nadu,Sivaganga,Devakottai (Uzhavar Sandhai ),Beetroot,Beetroot,Local,26/08/2026,5000,5800,5400
Tamil Nadu,Sivaganga,Devakottai (Uzhavar Sandhai ),Guava,Guava Allahabad,Local,26/08/2026,5200,6400,5800
Tamil Nadu,Sivaganga,Devakottai (Uzhavar Sandhai ),Yam(Ratalu),Yam (Ratalu),Local,26/08/2026,8200,9200,8700
Tamil Nadu,Sivaganga,Devakottai (Uzhavar Sandhai ),Mint(Pudina),Mint(Pudina),Local,26/08/2026,5000,5800,5400
Tamil Nadu,Salem,Edapadi (Uzhavar Sandhai ),Cauliflower,Ranchi,Local,26/08/2026,2800,3000,2900
Tamil Nadu,Salem,Edapadi (Uzhavar Sandhai ),Bottle gourd,Bottle Gourd,Local,26/08/2026,2400,2800,2600
Tamil Nadu,Salem,Edapadi (Uzhavar Sandhai ),Ashgourd,Gouard,Local,26/08/2026,2000,2500,2250
Tamil Nadu,Salem,Edapadi (Uzhavar Sandhai ),Green Chilli,Green Chilly,Local,26/08/2026,4500,5000,4750
Tamil Nadu,Salem,Edapadi (Uzhavar Sandhai ),Thondekai,Thondekai,Local,26/08/2026,3800,4000,3900
Tamil Nadu,Salem,Edapadi (Uzhavar Sandhai ),Capsicum,Capsicum,Local,26/08/2026,4500,5000,4750
Tamil Nadu,Salem,Edapadi (Uzhavar Sandhai ),Drumstick,Drumstick,Local,26/08/2026,2000,2500,2250
Tamil Nadu,Salem,Edapadi (Uzhavar Sandhai ),Elephant Yam(Suran)/Amorphophallus,Elephant Yam (Suran),Local,26/08/2026,3600,4000,3800
Tamil Nadu,Salem,Elampillai(Uzhavar Sandhai ),Groundnut,Big (With Shell),Local,26/08/2026,6500,7000,6750
Tamil Nadu,Salem,Elampillai(Uzhavar Sandhai ),Brinjal,Other,Local,26/08/2026,3000,3500,3250
Tamil Nadu,Salem,Elampillai(Uzhavar Sandhai ),Tapioca,Tapioca,Local,26/08/2026,2500,3000,2750
Tamil Nadu,Salem,Elampillai(Uzhavar Sandhai ),Snakeguard,Snakeguard,Local,26/08/2026,3500,3800,3650
Tamil Nadu,Salem,Elampillai(Uzhavar Sandhai ),Knool Khol,Knool Khol,Local,26/08/2026,3500,4000,3750
Tamil Nadu,Salem,Elampillai(Uzhavar Sandhai ),Onion Green,Onion Green,Local,26/08/2026,6000,6500,6250
Tamil Nadu,Salem,Hasthampatti(Uzhavar Sandhai ),Groundnut,Big (With Shell),Local,26/08/2026,7000,7500,7250
Tamil Nadu,Salem,Hasthampatti(Uzhavar Sandhai ),Grapes,Annabesahai,Local,26/08/2026,9000,10000,9500
Tamil Nadu,Salem,Hasthampatti(Uzhavar Sandhai ),Garlic,Garlic,Local,26/08/2026,19000,20000,19500
Tamil Nadu,Salem,Hasthampatti(Uzhavar Sandhai ),Brinjal,Round,Local,26/08/2026,3000,3500,3250
Tamil Nadu,Salem,Hasthampatti(Uzhavar Sandhai ),Coriander(Leaves),I Sort,Local,26/08/2026,1800,2000,1900
Tamil Nadu,Salem,Hasthampatti(Uzhavar Sandhai ),Cucumbar(Kheera),Cucumbar,Local,26/08/2026,4000,5000,4500
Tamil Nadu,Salem,Hasthampatti(Uzhavar Sandhai ),Raddish,Raddish,Local,26/08/2026,2400,2800,2600
Tamil Nadu,Salem,Hasthampatti(Uzhavar Sandhai ),Drumstick,Drumstick,Local,26/08/2026,2000,2500,2250
Tamil Nadu,Salem,Hasthampatti(Uzhavar Sandhai ),Guava,Guava Allahabad,Local,26/08/2026,4000,6000,5000
Tamil Nadu,Salem,Hasthampatti(Uzhavar Sandhai ),Pomegranate,Pomogranate,Local,26/08/2026,11000,12000,11500
Tamil Nadu,Salem,Jalagandapuram(Uzhavar Sandhai ),Cauliflower,Ranchi,Local,26/08/2026,2000,3000,2500
Tamil Nadu,Salem,Jalagandapuram(Uzhavar Sandhai ),Brinjal,Other,Local,26/08/2026,3500,4000,3750
Tamil Nadu,Salem,Jalagandapuram(Uzhavar Sandhai ),Cluster beans,Cluster Beans,Local,26/08/2026,3000,3500,3250
Tamil Nadu,Salem,Jalagandapuram(Uzhavar Sandhai ),Ashgourd,Gouard,Local,26/08/2026,2000,2400,2200
Tamil Nadu,Salem,Jalagandapuram(Uzhavar Sandhai ),Bhindi(Ladies Finger),Bhindi,Local,26/08/2026,3000,3500,3250
Tamil Nadu,Salem,Jalagandapuram(Uzhavar Sandhai ),Beans,Beans (Whole),Local,26/08/2026,8000,9000,8500
Tamil Nadu,Salem,Jalagandapuram(Uzhavar Sandhai ),Ginger(Green),Green Ginger,Local,26/08/2026,15000,17000,16000
Tamil Nadu,Salem,Jalagandapuram(Uzhavar Sandhai ),Coconut,Coconut,Local,26/08/2026,5000,6000,5500
Tamil Nadu,Salem,Jalagandapuram(Uzhavar Sandhai ),Snakeguard,Snakeguard,Local,26/08/2026,3500,3800,3650
Tamil Nadu,Salem,Jalagandapuram(Uzhavar Sandhai ),Raddish,Raddish,Local,26/08/2026,2000,2500,2250
Tamil Nadu,Salem,Jalagandapuram(Uzhavar Sandhai ),Tender Coconut,Tender Coconut,Local,26/08/2026,3000,3500,3250
Tamil Nadu,Sivaganga,Singampunari(Uzhavar Sandhai ),Potato,Other,Local,26/08/2026,5600,6200,5900
Tamil Nadu,Sivaganga,Singampunari(Uzhavar Sandhai ),Bottle gourd,Bottle Gourd,Local,26/08/2026,2600,3200,2900
Tamil Nadu,Sivaganga,Singampunari(Uzhavar Sandhai ),Amaranthus,Amaranthus,Local,26/08/2026,3000,4000,3500
Tamil Nadu,Sivaganga,Singampunari(Uzhavar Sandhai ),Green Chilli,Green Chilly,Local,26/08/2026,3800,4200,4000
Tamil Nadu,Sivaganga,Singampunari(Uzhavar Sandhai ),Coconut,Coconut,Local,26/08/2026,6200,6600,6400
Tamil Nadu,Sivaganga,Singampunari(Uzhavar Sandhai ),Snakeguard,Snakeguard,Local,26/08/2026,3200,3800,3500
Tamil Nadu,Sivaganga,Singampunari(Uzhavar Sandhai ),Green Avare(W),Other,Local,26/08/2026,3800,4200,4000
Tamil Nadu,Sivaganga,Singampunari(Uzhavar Sandhai ),Mint(Pudina),Mint(Pudina),Local,26/08/2026,4600,5200,4900
Tamil Nadu,Sivaganga,Karaikudi(Uzhavar Sandhai ),Brinjal,Round,Local,26/08/2026,4000,4400,4200
Tamil Nadu,Sivaganga,Karaikudi(Uzhavar Sandhai ),Papaya,Papaya,Local,26/08/2026,4500,5000,4750
Tamil Nadu,Sivaganga,Karaikudi(Uzhavar Sandhai ),Bitter gourd,Bitter Gourd,Local,26/08/2026,7000,7400,7200
Tamil Nadu,Sivaganga,Karaikudi(Uzhavar Sandhai ),Bottle gourd,Bottle Gourd,Local,26/08/2026,3200,3400,3300
Tamil Nadu,Sivaganga,Karaikudi(Uzhavar Sandhai ),Bhindi(Ladies Finger),Bhindi,Local,26/08/2026,4000,4400,4200
Tamil Nadu,Sivaganga,Karaikudi(Uzhavar Sandhai ),Coconut,Coconut,Local,26/08/2026,6500,7000,6750
Tamil Nadu,Sivaganga,Karaikudi(Uzhavar Sandhai ),Snakeguard,Snakeguard,Local,26/08/2026,3500,4000,3750
Tamil Nadu,Sivaganga,Karaikudi(Uzhavar Sandhai ),Raddish,Raddish,Local,26/08/2026,2800,3000,2900
Tamil Nadu,Sivaganga,Karaikudi(Uzhavar Sandhai ),Lemon,Lemon,Local,26/08/2026,15500,17500,16500
Tamil Nadu,Sivaganga,Tirupatthur(Uzhavar Sandhai ),Onion,Bellary,Local,26/08/2026,5500,6000,5750
Tamil Nadu,Sivaganga,Tirupatthur(Uzhavar Sandhai ),Brinjal,Other,Local,26/08/2026,4000,4500,4250
Tamil Nadu,Sivaganga,Tirupatthur(Uzhavar Sandhai ),Ridgeguard(Tori),Ridgeguard(Tori),Local,26/08/2026,4400,5500,4950
Tamil Nadu,Sivaganga,Tirupatthur(Uzhavar Sandhai ),Raddish,Raddish,Local,26/08/2026,2800,3000,2900
Tamil Nadu,Sivaganga,Tirupatthur(Uzhavar Sandhai ),Drumstick,Drumstick,Local,26/08/2026,3000,3500,3250
Tamil Nadu,Sivaganga,Tirupatthur(Uzhavar Sandhai ),Lemon,Lemon,Local,26/08/2026,15400,17500,16450
Tamil Nadu,Thanjavur,Pattukottai(Uzhavar Sandhai ),Banana,Besrai,Local,26/08/2026,3500,3500,3500
Tamil Nadu,Thanjavur,Pattukottai(Uzhavar Sandhai ),Potato,Red Nanital,Local,26/08/2026,3000,3000,3000
Tamil Nadu,Thanjavur,Pattukottai(Uzhavar Sandhai ),Coriander(Leaves),I Sort,Local,26/08/2026,3200,3200,3200
Tamil Nadu,Thanjavur,Pattukottai(Uzhavar Sandhai ),Ashgourd,Gouard,Local,26/08/2026,3000,3000,3000
Tamil Nadu,Thanjavur,Pattukottai(Uzhavar Sandhai ),Cabbage,Cabbage,Local,26/08/2026,4400,4400,4400
Tamil Nadu,Thanjavur,Pattukottai(Uzhavar Sandhai ),Chow Chow,Chow Chow,Local,26/08/2026,4000,4000,4000
Tamil Nadu,Thanjavur,Pattukottai(Uzhavar Sandhai ),Onion Green,Onion Green,Local,26/08/2026,7800,7800,7800
Tamil Nadu,Thanjavur,Thanjavur(Uzhavar Sandhai ),Mango,Safeda,Local,26/08/2026,8000,8000,8000
Tamil Nadu,Thanjavur,Thanjavur(Uzhavar Sandhai ),Grapes,Annabesahai,Local,26/08/2026,12000,12000,12000
Tamil Nadu,Thanjavur,Thanjavur(Uzhavar Sandhai ),Cauliflower,Ranchi,Local,26/08/2026,5000,5000,5000
Tamil Nadu,Thanjavur,Thanjavur(Uzhavar Sandhai ),Coriander(Leaves),I Sort,Local,26/08/2026,3500,3500,3500
Tamil Nadu,Thanjavur,Thanjavur(Uzhavar Sandhai ),Mousambi(Sweet Lime),Mousambi,Local,26/08/2026,8000,8000,8000
Tamil Nadu,Thanjavur,Thanjavur(Uzhavar Sandhai ),Cluster beans,Cluster Beans,Local,26/08/2026,4000,4000,4000
Tamil Nadu,Thanjavur,Thanjavur(Uzhavar Sandhai ),Bottle gourd,Bottle Gourd,Local,26/08/2026,3000,3000,3000
Tamil Nadu,Thanjavur,Thanjavur(Uzhavar Sandhai ),Beans,Beans (Whole),Local,26/08/2026,6800,6800,6800
Tamil Nadu,Thanjavur,Thanjavur(Uzhavar Sandhai ),Coconut,Coconut,Local,26/08/2026,6000,6000,6000
Tamil Nadu,Thanjavur,Thanjavur(Uzhavar Sandhai ),Carrot,Pusakesar,Local,26/08/2026,6800,6800,6800
Tamil Nadu,Thanjavur,Thanjavur(Uzhavar Sandhai ),Cabbage,Cabbage,Local,26/08/2026,3400,3400,3400
Tamil Nadu,Thanjavur,Thanjavur(Uzhavar Sandhai ),Raddish,Raddish,Local,26/08/2026,2800,2800,2800
Tamil Nadu,Thanjavur,Thanjavur(Uzhavar Sandhai ),Chow Chow,Chow Chow,Local,26/08/2026,3600,3600,3600
Tamil Nadu,Thanjavur,Thanjavur(Uzhavar Sandhai ),Guava,Guava Allahabad,Local,26/08/2026,8000,8000,8000
Tamil Nadu,Thanjavur,Thanjavur(Uzhavar Sandhai ),Elephant Yam(Suran)/Amorphophallus,Elephant Yam (Suran),Local,26/08/2026,5000,5000,5000
Tamil Nadu,Thanjavur,Thanjavur(Uzhavar Sandhai ),Indian Beans(Seam),Indian Beans (Seam),Local,26/08/2026,7000,7000,7000
Tamil Nadu,Thanjavur,Thanjavur(Uzhavar Sandhai ),Mint(Pudina),Mint(Pudina),Local,26/08/2026,5000,5000,5000
Tamil Nadu,Thiruchirappalli,KKNagar(Uzhavar Sandhai ),Mango,Safeda,Local,26/08/2026,8000,8000,8000
Tamil Nadu,Thiruchirappalli,KKNagar(Uzhavar Sandhai ),Green Peas,Green Peas,Local,26/08/2026,22000,22000,22000
Tamil Nadu,Thiruchirappalli,KKNagar(Uzhavar Sandhai ),Papaya,Papaya,Local,26/08/2026,4000,4000,4000
Tamil Nadu,Thiruchirappalli,KKNagar(Uzhavar Sandhai ),Bitter gourd,Other,Local,26/08/2026,5600,5600,5600
Tamil Nadu,Thiruchirappalli,KKNagar(Uzhavar Sandhai ),Bottle gourd,Bottle Gourd,Local,26/08/2026,3000,3000,3000
Tamil Nadu,Thiruchirappalli,KKNagar(Uzhavar Sandhai ),Pumpkin,Pumpkin,Local,26/08/2026,2000,2000,2000
Tamil Nadu,Thiruchirappalli,KKNagar(Uzhavar Sandhai ),Cowpea(Veg),Cowpea (Veg),Local,26/08/2026,4000,4000,4000
Tamil Nadu,Thiruchirappalli,KKNagar(Uzhavar Sandhai ),Tapioca,Tapioca,Local,26/08/2026,4800,4800,4800
Tamil Nadu,Thiruchirappalli,KKNagar(Uzhavar Sandhai ),Snakeguard,Snakeguard,Local,26/08/2026,4000,4000,4000
Tamil Nadu,Thiruchirappalli,KKNagar(Uzhavar Sandhai ),Beetroot,Beetroot,Local,26/08/2026,5000,5000,5000
Tamil Nadu,Thiruchirappalli,KKNagar(Uzhavar Sandhai ),Knool Khol,Knool Khol,Local,26/08/2026,4000,4000,4000
Tamil Nadu,Thiruchirappalli,KKNagar(Uzhavar Sandhai ),Pomegranate,Pomogranate,Local,26/08/2026,16000,16000,16000
Tamil Nadu,Thiruchirappalli,KKNagar(Uzhavar Sandhai ),Tender Coconut,Tender Coconut,Local,26/08/2026,4000,4500,4250
Tamil Nadu,Thiruchirappalli,KKNagar(Uzhavar Sandhai ),Mint(Pudina),Mint(Pudina),Local,26/08/2026,5400,5400,5400
Tamil Nadu,Thiruchirappalli,Lalgudi(Uzhavar Sandhai ),Onion,Bellary,Local,26/08/2026,5800,5800,5800
Tamil Nadu,Thiruchirappalli,Lalgudi(Uzhavar Sandhai ),Cauliflower,Ranchi,Local,26/08/2026,3000,3000,3000
Tamil Nadu,Thiruchirappalli,Lalgudi(Uzhavar Sandhai ),Ashgourd,Gouard,Local,26/08/2026,1800,1800,1800
Tamil Nadu,Thiruchirappalli,Lalgudi(Uzhavar Sandhai ),Cowpea(Veg),Cowpea (Veg),Local,26/08/2026,4000,4000,4000
Tamil Nadu,Thiruchirappalli,Lalgudi(Uzhavar Sandhai ),Coconut,Coconut,Local,26/08/2026,6600,6600,6600
Tamil Nadu,Thiruchirappalli,Lalgudi(Uzhavar Sandhai ),Ridgeguard(Tori),Ridgeguard(Tori),Local,26/08/2026,5000,5600,5300
Tamil Nadu,Thiruchirappalli,Lalgudi(Uzhavar Sandhai ),Raddish,Raddish,Local,26/08/2026,3600,3600,3600
Tamil Nadu,Thiruchirappalli,Lalgudi(Uzhavar Sandhai ),Mango(Raw-Ripe),Mango - Raw-Ripe,Local,26/08/2026,8000,8000,8000
Tamil Nadu,Thiruchirappalli,Lalgudi(Uzhavar Sandhai ),Knool Khol,Knool Khol,Local,26/08/2026,4000,4000,4000
Tamil Nadu,Thiruchirappalli,Manachanallur(Uzhavar Sandhai ),Banana,Karpura,Local,26/08/2026,4000,5000,4500
Tamil Nadu,Thiruchirappalli,Manachanallur(Uzhavar Sandhai ),Bhindi(Ladies Finger),Bhindi,Local,26/08/2026,4000,4500,4250
Tamil Nadu,Thiruchirappalli,Manachanallur(Uzhavar Sandhai ),Green Chilli,Green Chilly,Local,26/08/2026,4500,4500,4500
Tamil Nadu,Thiruchirappalli,Manachanallur(Uzhavar Sandhai ),Raddish,Raddish,Local,26/08/2026,3000,3500,3250
Tamil Nadu,Thiruchirappalli,Manapparai(Uzhavar Sandhai ),Grapes,Annabesahai,Local,26/08/2026,8000,8000,8000
Tamil Nadu,Thiruchirappalli,Manapparai(Uzhavar Sandhai ),Brinjal,Other,Local,26/08/2026,2600,2600,2600
Tamil Nadu,Thiruchirappalli,Manapparai(Uzhavar Sandhai ),Papaya,Papaya,Local,26/08/2026,4000,4000,4000
Tamil Nadu,Thiruchirappalli,Manapparai(Uzhavar Sandhai ),Cluster beans,Cluster Beans,Local,26/08/2026,4000,4000,4000
Tamil Nadu,Thiruchirappalli,Manapparai(Uzhavar Sandhai ),Banana - Green,Banana - Green,Local,26/08/2026,3000,3000,3000
Tamil Nadu,Thiruchirappalli,Manapparai(Uzhavar Sandhai ),Coconut,Coconut,Local,26/08/2026,7000,7000,7000
Tamil Nadu,Thiruchirappalli,Manapparai(Uzhavar Sandhai ),Carrot,Pusakesar,Local,26/08/2026,7500,7500,7500
Tamil Nadu,Thiruchirappalli,Manapparai(Uzhavar Sandhai ),Ridgeguard(Tori),Ridgeguard(Tori),Local,26/08/2026,5000,5000,5000
Tamil Nadu,Thiruchirappalli,Manapparai(Uzhavar Sandhai ),Mint(Pudina),Mint(Pudina),Local,26/08/2026,5000,5000,5000
Tamil Nadu,Thiruchirappalli,Musiri(Uzhavar Sandhai ),Coriander(Leaves),I Sort,Local,26/08/2026,2500,3000,2750
Tamil Nadu,Thiruchirappalli,Musiri(Uzhavar Sandhai ),Bottle gourd,Bottle Gourd,Local,26/08/2026,2000,2500,2250
Tamil Nadu,Thiruchirappalli,Musiri(Uzhavar Sandhai ),Bhindi(Ladies Finger),Bhindi,Local,26/08/2026,4000,4600,4300
Tamil Nadu,Thiruchirappalli,Musiri(Uzhavar Sandhai ),Cowpea(Veg),Cowpea (Veg),Local,26/08/2026,3500,4000,3750
Tamil Nadu,Thiruchirappalli,Musiri(Uzhavar Sandhai ),Banana - Green,Banana - Green,Local,26/08/2026,2000,2500,2250
Tamil Nadu,Thiruchirappalli,Musiri(Uzhavar Sandhai ),Cucumbar(Kheera),Cucumbar,Local,26/08/2026,4000,4600,4300
Tamil Nadu,Thiruchirappalli,Musiri(Uzhavar Sandhai ),Thondekai,Thondekai,Local,26/08/2026,3500,4000,3750
Tamil Nadu,Thiruchirappalli,Musiri(Uzhavar Sandhai ),Knool Khol,Knool Khol,Local,26/08/2026,3000,3500,3250
Tamil Nadu,Thiruchirappalli,Musiri(Uzhavar Sandhai ),Mashrooms,Mashrooms,Local,26/08/2026,19000,20000,19500
Tamil Nadu,Thiruchirappalli,Thiruverumbur(Uzhavar Sandhai ),Onion,Bellary,Local,26/08/2026,6000,6000,6000
Tamil Nadu,Thiruchirappalli,Thiruverumbur(Uzhavar Sandhai ),Potato,Other,Local,26/08/2026,3000,3000,3000
Tamil Nadu,Thiruchirappalli,Thiruverumbur(Uzhavar Sandhai ),Cauliflower,Ranchi,Local,26/08/2026,5000,5000,5000
Tamil Nadu,Thiruchirappalli,Thiruverumbur(Uzhavar Sandhai ),Tomato,Deshi,Local,26/08/2026,2200,2200,2200
Tamil Nadu,Thiruchirappalli,Thiruverumbur(Uzhavar Sandhai ),Bhindi(Ladies Finger),Bhindi,Local,26/08/2026,4600,4600,4600
Tamil Nadu,Thiruchirappalli,Thiruverumbur(Uzhavar Sandhai ),Snakeguard,Snakeguard,Local,26/08/2026,3600,3600,3600
Tamil Nadu,Virudhunagar,Rajapalayam(Uzhavar Sandhai ),Banana,Besrai,Local,26/08/2026,3500,4000,3750
Tamil Nadu,Virudhunagar,Rajapalayam(Uzhavar Sandhai ),Potato,Red Nanital,Local,26/08/2026,2500,3000,2750
Tamil Nadu,Virudhunagar,Rajapalayam(Uzhavar Sandhai ),Coriander(Leaves),I Sort,Local,26/08/2026,4000,4500,4250
Tamil Nadu,Virudhunagar,Rajapalayam(Uzhavar Sandhai ),Chikoos(Sapota),Sapota,Local,26/08/2026,3000,3500,3250
Tamil Nadu,Virudhunagar,Rajapalayam(Uzhavar Sandhai ),Papaya,Papaya,Local,26/08/2026,3000,3500,3250
Tamil Nadu,Virudhunagar,Rajapalayam(Uzhavar Sandhai ),Bottle gourd,Bottle Gourd,Local,26/08/2026,1500,2000,1750
Tamil Nadu,Virudhunagar,Rajapalayam(Uzhavar Sandhai ),Pumpkin,Pumpkin,Local,26/08/2026,2500,3000,2750
Tamil Nadu,Virudhunagar,Rajapalayam(Uzhavar Sandhai ),Knool Khol,Knool Khol,Local,26/08/2026,5000,6000,5500
Tamil Nadu,Virudhunagar,Rajapalayam(Uzhavar Sandhai ),Colacasia,Colacasia,Local,26/08/2026,6000,7000,6500
Tamil Nadu,Virudhunagar,Rajapalayam(Uzhavar Sandhai ),Mint(Pudina),Mint(Pudina),Local,26/08/2026,5000,5500,5250
Punjab,Mohali,Kharar APMC,Capsicum,Capsicum,Local,26/08/2026,2000,6000,3500
Punjab,Mohali,Kharar APMC,Cucumbar(Kheera),Cucumbar,Local,26/08/2026,1500,5000,3000
Punjab,Mohali,Kharar APMC,Potato,Potato,Non-FAQ,26/08/2026,700,900,800
Punjab,Mohali,Kharar APMC,Pumpkin,Other,Local,26/08/2026,1000,2500,1500
Punjab,Mohali,Kharar APMC,Tomato,Tomato,Non-FAQ,26/08/2026,2000,4000,3000
Punjab,Mohali,Kharar APMC,Mango,Other,Medium,26/08/2026,4000,6000,5000
Tamil Nadu,Virudhunagar,Sathur(Uzhavar Sandhai ),Amaranthus,Amaranthus,Local,26/08/2026,2500,3000,2750
Tamil Nadu,Virudhunagar,Sathur(Uzhavar Sandhai ),Ridgeguard(Tori),Ridgeguard(Tori),Local,26/08/2026,5500,6000,5750
Tamil Nadu,Virudhunagar,Sathur(Uzhavar Sandhai ),Raddish,Raddish,Local,26/08/2026,3000,3500,3250
Tamil Nadu,Virudhunagar,Sathur(Uzhavar Sandhai ),Green Avare(W),Green Avare (W),Local,26/08/2026,9000,10000,9500
Tamil Nadu,Virudhunagar,Sathur(Uzhavar Sandhai ),Drumstick,Drumstick,Local,26/08/2026,3500,4000,3750
Tamil Nadu,Virudhunagar,Sathur(Uzhavar Sandhai ),Mint(Pudina),Mint(Pudina),Local,26/08/2026,3500,4000,3750
Tamil Nadu,Virudhunagar,Sivakasi(Uzhavar Sandhai ),Banana,Besrai,Local,26/08/2026,3500,4000,3750
Tamil Nadu,Virudhunagar,Sivakasi(Uzhavar Sandhai ),Onion,Bellary,Local,26/08/2026,5000,6000,5500
Tamil Nadu,Virudhunagar,Sivakasi(Uzhavar Sandhai ),Coriander(Leaves),I Sort,Local,26/08/2026,4000,5000,4500
Tamil Nadu,Virudhunagar,Sivakasi(Uzhavar Sandhai ),Tomato,Deshi,Local,26/08/2026,1300,1500,1400
Tamil Nadu,Virudhunagar,Sivakasi(Uzhavar Sandhai ),Bottle gourd,Bottle Gourd,Local,26/08/2026,2500,3000,2750
Tamil Nadu,Virudhunagar,Sivakasi(Uzhavar Sandhai ),Pumpkin,Pumpkin,Local,26/08/2026,2000,2500,2250
Tamil Nadu,Virudhunagar,Sivakasi(Uzhavar Sandhai ),Green Avare(W),Green Avare (W),Local,26/08/2026,3500,4000,3750
Tamil Nadu,Virudhunagar,Sivakasi(Uzhavar Sandhai ),Drumstick,Drumstick,Local,26/08/2026,3500,4000,3750
Tamil Nadu,Virudhunagar,Thalavaipuram(Uzhavar Sandhai ),Coriander(Leaves),I Sort,Local,26/08/2026,3600,4500,4050
Tamil Nadu,Virudhunagar,Thalavaipuram(Uzhavar Sandhai ),Bhindi(Ladies Finger),Bhindi,Local,26/08/2026,2500,3000,2750
Tamil Nadu,Virudhunagar,Thalavaipuram(Uzhavar Sandhai ),Beans,Beans (Whole),Local,26/08/2026,8000,10000,9000
Tamil Nadu,Virudhunagar,Thalavaipuram(Uzhavar Sandhai ),Ginger(Green),Green Ginger,Local,26/08/2026,11000,13000,12000
Tamil Nadu,Virudhunagar,Thalavaipuram(Uzhavar Sandhai ),Ridgeguard(Tori),Ridgeguard(Tori),Local,26/08/2026,3200,4000,3600
Tamil Nadu,Virudhunagar,Thalavaipuram(Uzhavar Sandhai ),Drumstick,Drumstick,Local,26/08/2026,3200,4000,3600
Tamil Nadu,Virudhunagar,Thalavaipuram(Uzhavar Sandhai ),Onion Green,Onion Green,Local,26/08/2026,5500,6500,6000
Tamil Nadu,Chengalpattu,Madhuranthagam(Uzhavar Sandhai ),Coriander(Leaves),I Sort,Local,26/08/2026,3000,3000,3000
Tamil Nadu,Chengalpattu,Madhuranthagam(Uzhavar Sandhai ),Coconut,Coconut,Local,26/08/2026,3000,4000,3500
Tamil Nadu,Chengalpattu,Medavakkam(Uzhavar Sandhai ),Potato,Other,Local,26/08/2026,3500,3500,3500
Tamil Nadu,Chengalpattu,Medavakkam(Uzhavar Sandhai ),Ashgourd,Gouard,Local,26/08/2026,2500,2500,2500
Tamil Nadu,Chengalpattu,Nanganallur(Uzhavar Sandhai ),Cluster beans,Cluster Beans,Local,26/08/2026,5500,6000,5750
Tamil Nadu,Chengalpattu,Nanganallur(Uzhavar Sandhai ),Beans,Beans (Whole),Local,26/08/2026,7500,8000,7750
Tamil Nadu,Chengalpattu,Nanganallur(Uzhavar Sandhai ),Coconut,Coconut,Local,26/08/2026,7000,7500,7250
Tamil Nadu,Chengalpattu,Nanganallur(Uzhavar Sandhai ),Carrot,Pusakesar,Local,26/08/2026,7500,8000,7750
Tamil Nadu,Chengalpattu,Nanganallur(Uzhavar Sandhai ),Beetroot,Beetroot,Local,26/08/2026,5500,6000,5750
Tamil Nadu,Chengalpattu,Nanganallur(Uzhavar Sandhai ),Marigold(Calcutta),Marigold(Calcutta),Local,26/08/2026,35000,36000,35500
Tamil Nadu,Chengalpattu,Nanganallur(Uzhavar Sandhai ),Mint(Pudina),Mint(Pudina),Local,26/08/2026,4500,5000,4750
Tamil Nadu,Chengalpattu,Pallavaram(Uzhavar Sandhai ),Garlic,Garlic,Local,26/08/2026,25000,30000,27500
Tamil Nadu,Chengalpattu,Pallavaram(Uzhavar Sandhai ),Coriander(Leaves),I Sort,Local,26/08/2026,5000,6000,5500
Tamil Nadu,Chengalpattu,Pallavaram(Uzhavar Sandhai ),Tomato,Deshi,Local,26/08/2026,2000,2500,2250
Tamil Nadu,Chengalpattu,Pallavaram(Uzhavar Sandhai ),Banana - Green,Banana - Green,Local,26/08/2026,3500,4000,3750
Tamil Nadu,Chengalpattu,Pallavaram(Uzhavar Sandhai ),Coconut,Coconut,Local,26/08/2026,6000,7000,6500
Tamil Nadu,Chengalpattu,Pallavaram(Uzhavar Sandhai ),Beetroot,Beetroot,Local,26/08/2026,4000,5000,4500
Tamil Nadu,Chengalpattu,Pallavaram(Uzhavar Sandhai ),Ridgeguard(Tori),Ridgeguard(Tori),Local,26/08/2026,5000,6000,5500
Tamil Nadu,Chengalpattu,Pallavaram(Uzhavar Sandhai ),Capsicum,Capsicum,Local,26/08/2026,5000,6000,5500
Tamil Nadu,Chengalpattu,Pallavaram(Uzhavar Sandhai ),Elephant Yam(Suran)/Amorphophallus,Elephant Yam (Suran),Local,26/08/2026,5000,6000,5500
Tamil Nadu,Chengalpattu,Pallavaram(Uzhavar Sandhai ),Mashrooms,Mashrooms,Local,26/08/2026,23000,25000,24000
Tamil Nadu,Chengalpattu,Pallavaram(Uzhavar Sandhai ),Mint(Pudina),Mint(Pudina),Local,26/08/2026,3500,4000,3750
Tamil Nadu,Nagercoil (Kannyiakumari),Myladi(Uzhavar Sandhai ),Potato,Red Nanital,Local,26/08/2026,3000,3500,3250
Tamil Nadu,Nagercoil (Kannyiakumari),Myladi(Uzhavar Sandhai ),Coconut,Coconut,Local,26/08/2026,5800,6000,5900
Tamil Nadu,Nagercoil (Kannyiakumari),Myladi(Uzhavar Sandhai ),Carrot,Pusakesar,Local,26/08/2026,7500,8000,7750
Tamil Nadu,Nagercoil (Kannyiakumari),Myladi(Uzhavar Sandhai ),Cabbage,Cabbage,Local,26/08/2026,4500,5000,4750
Tamil Nadu,Nagercoil (Kannyiakumari),Myladi(Uzhavar Sandhai ),Snakeguard,Snakeguard,Local,26/08/2026,5500,6000,5750
Tamil Nadu,Nagercoil (Kannyiakumari),Myladi(Uzhavar Sandhai ),Beetroot,Beetroot,Local,26/08/2026,4500,5000,4750
Tamil Nadu,Nagercoil (Kannyiakumari),Myladi(Uzhavar Sandhai ),Tamarind Fruit,Tamarind Fruit,Local,26/08/2026,14000,15000,14500
Tamil Nadu,Nagercoil (Kannyiakumari),Myladi(Uzhavar Sandhai ),Onion Green,Onion Green,Local,26/08/2026,7500,8000,7750
Tamil Nadu,Chengalpattu,Jameenrayapettai(Uzhavar Sandhai ),Banana,Red Banana,Local,26/08/2026,8000,9000,8500
Tamil Nadu,Chengalpattu,Jameenrayapettai(Uzhavar Sandhai ),Cauliflower,Ranchi,Local,26/08/2026,2500,3000,2750
Tamil Nadu,Chengalpattu,Jameenrayapettai(Uzhavar Sandhai ),Coriander(Leaves),I Sort,Local,26/08/2026,5000,6000,5500
Tamil Nadu,Chengalpattu,Jameenrayapettai(Uzhavar Sandhai ),Tomato,Other,Local,26/08/2026,2000,2500,2250
Tamil Nadu,Chengalpattu,Jameenrayapettai(Uzhavar Sandhai ),Ashgourd,Gouard,Local,26/08/2026,2000,2500,2250
Tamil Nadu,Chengalpattu,Jameenrayapettai(Uzhavar Sandhai ),Pumpkin,Pumpkin,Local,26/08/2026,2000,2500,2250
Tamil Nadu,Chengalpattu,Jameenrayapettai(Uzhavar Sandhai ),Bhindi(Ladies Finger),Bhindi,Local,26/08/2026,3500,4000,3750
Tamil Nadu,Chengalpattu,Jameenrayapettai(Uzhavar Sandhai ),Snakeguard,Snakeguard,Local,26/08/2026,5000,6000,5500
Tamil Nadu,Chengalpattu,Jameenrayapettai(Uzhavar Sandhai ),Thondekai,Thondekai,Local,26/08/2026,3500,4000,3750
Tamil Nadu,Chengalpattu,Jameenrayapettai(Uzhavar Sandhai ),Green Avare(W),Other,Local,26/08/2026,6000,7000,6500
Gujarat,Gandhinagar,Kalol APMC,Bajra(Pearl Millet/Cumbu),Other,Local,26/08/2026,1950,2320,2150
Tamil Nadu,Villupuram,Tindivanam APMC,Onion,Bellary,Local,26/08/2026,4800,4800,4800
Tamil Nadu,Villupuram,Tindivanam APMC,Brinjal,Round,Local,26/08/2026,4000,4000,4000
Tamil Nadu,Villupuram,Tindivanam APMC,Amaranthus,Amaranthus,Local,26/08/2026,4000,4000,4000
Tamil Nadu,Villupuram,Tindivanam APMC,Green Chilli,Green Chilly,Local,26/08/2026,5500,5500,5500
Tamil Nadu,Villupuram,Tindivanam APMC,Coconut,Coconut,Local,26/08/2026,6000,6000,6000
Tamil Nadu,Villupuram,Tindivanam APMC,Sweet Potato,Hosur Red,Local,26/08/2026,4500,4500,4500
Tamil Nadu,Villupuram,Tindivanam APMC,Raddish,Raddish,Local,26/08/2026,3800,3800,3800
Tamil Nadu,Villupuram,Tindivanam APMC,Marigold(Calcutta),Marigold(Calcutta),Local,26/08/2026,25000,25000,25000
Tamil Nadu,Villupuram,Tindivanam APMC,Mint(Pudina),Mint(Pudina),Local,26/08/2026,3000,3000,3000
Tamil Nadu,Villupuram,Ulundurpettai APMC,Onion,Bellary,Local,26/08/2026,4000,4000,4000
Tamil Nadu,Villupuram,Ulundurpettai APMC,Coriander(Leaves),I Sort,Local,26/08/2026,6000,6000,6000
Tamil Nadu,Villupuram,Ulundurpettai APMC,Tomato,Deshi,Local,26/08/2026,1800,1800,1800
Tamil Nadu,Villupuram,Ulundurpettai APMC,Bottle gourd,Bottle Gourd,Local,26/08/2026,2000,2000,2000
Tamil Nadu,Villupuram,Ulundurpettai APMC,Ginger(Green),Green Ginger,Local,26/08/2026,11000,11000,11000
Tamil Nadu,Villupuram,Ulundurpettai APMC,Coconut,Coconut,Local,26/08/2026,3000,3000,3000
Tamil Nadu,Villupuram,Ulundurpettai APMC,Snakeguard,Snakeguard,Local,26/08/2026,4000,4000,4000
Tamil Nadu,Villupuram,Ulundurpettai APMC,Thondekai,Thondekai,Local,26/08/2026,5000,5000,5000
Tamil Nadu,Villupuram,Ulundurpettai APMC,Drumstick,Drumstick,Local,26/08/2026,4000,4000,4000
Tamil Nadu,Villupuram,Ulundurpettai APMC,Guava,Guava Allahabad,Local,26/08/2026,5000,5000,5000
Tamil Nadu,Villupuram,Ulundurpettai APMC,Elephant Yam(Suran)/Amorphophallus,Elephant Yam (Suran),Local,26/08/2026,6000,6000,6000
Tamil Nadu,Villupuram,Ulundurpettai APMC,Lemon,Lemon,Local,26/08/2026,5000,5000,5000
Maharashtra,Chattrapati Sambhajinagar,Chattrapati Sambhajinagar APMC,Papaya,Other,Local,26/08/2026,2500,3500,3000
Maharashtra,Chattrapati Sambhajinagar,Chattrapati Sambhajinagar APMC,Guar,Other,Local,26/08/2026,3000,6000,4500
Maharashtra,Chattrapati Sambhajinagar,Chattrapati Sambhajinagar APMC,Cucumbar(Kheera),Other,Local,26/08/2026,600,1200,900
Maharashtra,Chattrapati Sambhajinagar,Chattrapati Sambhajinagar APMC,Onion,Other,Local,26/08/2026,1300,4000,2650
Maharashtra,Chattrapati Sambhajinagar,Chattrapati Sambhajinagar APMC,Green Chilli,Other,Local,26/08/2026,1500,2500,2000
Maharashtra,Jalgaon,Bhusaval APMC,Bhindi(Ladies Finger),Other,Local,26/08/2026,2000,3000,2500
Maharashtra,Jalgaon,Bhusaval APMC,Brinjal,Other,Local,26/08/2026,4500,6000,5000
Maharashtra,Kolhapur,Kolhapur(Laxmipuri) APMC,Jowar(Sorghum),Other,Local,26/08/2026,3900,5800,4850
Maharashtra,Mumbai,Mumbai APMC,Rice,Other,Local,26/08/2026,8000,11000,10000
Maharashtra,Mumbai,Mumbai APMC,Masur Dal,Other,Local,26/08/2026,7100,7500,7300
Maharashtra,Mumbai,Mumbai APMC,Green Gram Dal(Moong Dal),Other,Local,26/08/2026,9000,10800,10000
Maharashtra,Mumbai,Mumbai APMC,Black Gram Dal(Urd Dal),Other,Local,26/08/2026,10000,12900,12000
Maharashtra,Mumbai,Mumbai APMC,Lime,Other,Local,26/08/2026,2000,3600,2800
Maharashtra,Mumbai,Mumbai APMC,Bhindi(Ladies Finger),Other,Local,26/08/2026,2600,3000,2800
Maharashtra,Mumbai,Mumbai APMC,French Beans(Frasbean),Other,Local,26/08/2026,3000,4000,3500
Maharashtra,Mumbai,Mumbai APMC,Carrot,Other,Local,26/08/2026,1800,2600,2200
Maharashtra,Mumbai,Mumbai APMC,Banana - Green,Other,Local,26/08/2026,2400,3000,2700
Maharashtra,Mumbai,Mumbai APMC,Methi(Leaves),Other,Local,26/08/2026,800,1100,950
Maharashtra,Mumbai,Mumbai APMC,Drumstick,Other,Local,26/08/2026,3000,4000,3500
Maharashtra,Mumbai,Mumbai APMC,Brinjal,Other,Local,26/08/2026,2000,2600,2300
Maharashtra,Pune,Khed(Chakan) APMC,Cauliflower,Other,Local,26/08/2026,1000,2500,1500
Maharashtra,Pune,Khed(Chakan) APMC,Methi(Leaves),Other,Local,26/08/2026,500,1000,700
Maharashtra,Pune,Khed(Chakan) APMC,Ridgeguard(Tori),Other,Local,26/08/2026,1500,3500,2500
Maharashtra,Ratnagiri,Ratnagiri (Nachane) APMC,Cucumbar(Kheera),Other,Local,26/08/2026,1500,2500,2000
Maharashtra,Ratnagiri,Ratnagiri (Nachane) APMC,Bitter gourd,Other,Local,26/08/2026,1500,2500,2000
Maharashtra,Pune,Shirur APMC,Wheat,Other,Non-FAQ,26/08/2026,2500,2550,2500
Maharashtra,Pune,Pune(Khadiki) APMC,Carrot,Other,Local,26/08/2026,1300,1600,1450
Maharashtra,Pune,Pune(Khadiki) APMC,Beans,Other,Local,26/08/2026,1700,2000,1800
Maharashtra,Pune,Pune(Khadiki) APMC,Green Chilli,Other,Local,26/08/2026,2200,3000,2600
Maharashtra,Pune,Pune APMC,Maize,Deshi Red,FAQ,26/08/2026,2600,2800,2700
Maharashtra,Pune,Pune APMC,Corriander seed,Other,Local,26/08/2026,11000,13000,12000
Maharashtra,Pune,Pune APMC,Green Peas,Other,Local,26/08/2026,6800,7900,7350
Maharashtra,Pune,Pune APMC,Ground Nut Seed,Local,Local,26/08/2026,13000,14000,13500
Uttar Pradesh,Etah,Aliganj APMC,Chicory(Chikori/Kasni),Other,FAQ,26/08/2026,3000,3000,3000
Maharashtra,Solapur,Mangal Wedha APMC,Ridgeguard(Tori),Other,Local,26/08/2026,2000,7600,3000
Maharashtra,Solapur,Mangal Wedha APMC,Green Chilli,Other,Local,26/08/2026,1500,2500,2000
Uttar Pradesh,Aligarh,Aligarh APMC,Wheat,Other,FAQ,26/08/2026,2600,2600,2600
Uttar Pradesh,Farukhabad,Farukhabad APMC,Maize,Other,FAQ,26/08/2026,2050,2050,2050
Uttar Pradesh,Lakhimpur,Golagokarnath APMC,Wheat,Dara,FAQ,26/08/2026,2400,2400,2400
Uttar Pradesh,Jhansi,Jhansi APMC,Chili Red,Other,FAQ,26/08/2026,10500,12000,10788
Uttar Pradesh,Kanpur Dehat,Jhijhank APMC,Wheat,Dara,FAQ,26/08/2026,2350,2550,2451.97
Uttar Pradesh,Kasganj,Kasganj APMC,Wheat,Deshi,FAQ,26/08/2026,2554,2554,2554
Madhya Pradesh,Ratlam,Sailana APMC,Soyabean,Soyabeen,FAQ,26/08/2026,5500,5850,5850
Uttar Pradesh,Hamirpur,Maudaha APMC,Wheat,Dara,FAQ,26/08/2026,2330,2330,2330
Gujarat,Navsari,Navsari APMC,Lemon,Lemon,Local,26/08/2026,6000,7000,6500
Gujarat,Surat,Songadh APMC,Bhindi(Ladies Finger),Bhindi,FAQ,26/08/2026,1500,4000,3000
Gujarat,Surat,Songadh APMC,Guar,Gwar,FAQ,26/08/2026,8000,8000,8000
Gujarat,Anand,"Anand(Veg,Yard,Anand) APMC",Lemon,Lemon,Grade B,26/08/2026,5000,6000,5500
Gujarat,Gandhinagar,Mansa(Manas Veg Yard) APMC,Brinjal,Round,Local,26/08/2026,5000,5000,5000
Gujarat,Gandhinagar,Mansa(Manas Veg Yard) APMC,Lemon,Other,Local,26/08/2026,5000,6500,6500
Gujarat,Surat,Songadh(Badarpada) APMC,Bhindi(Ladies Finger),Bhindi,FAQ,26/08/2026,1500,4000,3000
West Bengal,Medinipur(W),Medinipur(West) APMC,Potato,Jyoti,FAQ,26/08/2026,740,780,760
West Bengal,Medinipur(W),Medinipur(West) APMC,Pumpkin,Pumpkin,FAQ,26/08/2026,2200,2400,2300
West Bengal,Medinipur(W),Medinipur(West) APMC,Pointed gourd(Parval),Pointed gourd (Parval),FAQ,26/08/2026,3500,3700,3600
Gujarat,Mehsana,Mehsana(Mehsana Veg) APMC,Lemon,Lemon,Local,26/08/2026,2500,6500,5000
Gujarat,Mehsana,Mehsana(Mehsana Veg) APMC,Onion,Onion,Local,26/08/2026,2000,3900,3000
Gujarat,Banaskanth,Deesa(Deesa Veg Yard) APMC,Potato,Other,FAQ,26/08/2026,800,1200,1000
Gujarat,Banaskanth,Deesa(Deesa Veg Yard) APMC,Pomegranate,Other,Medium,26/08/2026,6000,11000,8500
Gujarat,Banaskanth,Deesa(Deesa Veg Yard) APMC,Tender Coconut,Other,Medium,26/08/2026,4500,5500,5000
Gujarat,Banaskanth,Deesa(Deesa Veg Yard) APMC,Ginger(Green),Other,FAQ,26/08/2026,5000,7000,6000
Gujarat,Banaskanth,Deesa(Deesa Veg Yard) APMC,Papaya,Other,Medium,26/08/2026,3500,4500,4000
Gujarat,Rajkot,Rajkot APMC,Cotton,Narma BT Cotton,FAQ,26/08/2026,6500,9650,8950
Gujarat,Rajkot,Rajkot APMC,Bengal Gram(Gram)(Whole),Desi (Whole),FAQ,26/08/2026,6125,6230,6155
Gujarat,Rajkot,Rajkot APMC,Corriander seed,"A-1, Green",FAQ,26/08/2026,14050,15400,14800
Gujarat,Rajkot,Rajkot APMC,Methi Seeds,Methiseeds,FAQ,26/08/2026,4750,9600,7250
Gujarat,Rajkot,Rajkot APMC,Corriander seed,Coriander Seed,FAQ,26/08/2026,13650,14950,14150
Gujarat,Jamnagar,Jamnagar APMC,Cotton,Other,Local,26/08/2026,8775,9200,9200
Gujarat,Jamnagar,Jamnagar APMC,Castor Seed,Other,Local,26/08/2026,5000,6980,6625
Gujarat,Jamnagar,Jamnagar APMC,Corriander seed,Other,Local,26/08/2026,8000,13125,13125
Gujarat,Junagarh,Visavadar APMC,Groundnut,Other,FAQ,26/08/2026,4125,5755,4940
Gujarat,Junagarh,Visavadar APMC,Corriander seed,Coriander Seed,FAQ,26/08/2026,12500,14980,13740
Gujarat,Rajkot,Dhoraji APMC,Soyabean,Yellow,Non-FAQ,26/08/2026,5580,5680,5670
Gujarat,Botad,Botad APMC,Castor Seed,Other,Local,26/08/2026,6275,6900,6575
Gujarat,Botad,Botad APMC,Green Gram(Moong)(Whole),Local,Local,26/08/2026,6250,6250,6250
Gujarat,Amreli,Babra APMC,Cotton,Shanker 6 (B) 30mm FIne,FAQ,26/08/2026,9375,9860,9615
Gujarat,Jamnagar,Jam Jodhpur APMC,Groundnut,G20,Local,26/08/2026,5000,7000,6250
Gujarat,Amreli,Damnagar APMC,Brinjal,Other,Local,26/08/2026,2200,2200,2200
Gujarat,Jamnagar,Dhrol APMC,Bengal Gram(Gram)(Whole),Other,Local,26/08/2026,5310,5975,5645
Gujarat,Rajkot,Gondal(Veg.market Gondal) APMC,Bhindi(Ladies Finger),Bhindi,Local,26/08/2026,1500,4000,2750
Gujarat,Rajkot,Gondal(Veg.market Gondal) APMC,Carrot,Carrot,Local,26/08/2026,1800,3000,2400
Gujarat,Rajkot,Gondal(Veg.market Gondal) APMC,Cabbage,Cabbage,Local,26/08/2026,500,2500,1500
Gujarat,Rajkot,Gondal(Veg.market Gondal) APMC,Green Chilli,Green Chilly,Local,26/08/2026,900,4000,2450
Gujarat,Morbi,APMC HALVAD,Soanf,Soanf,Local,26/08/2026,7150,9415,8600
Gujarat,Morbi,APMC HALVAD,Wheat,Other,Local,26/08/2026,2555,2790,2650
Gujarat,Morbi,APMC HALVAD,Castor Seed,Castor seed,Local,26/08/2026,6975,7095,7050
Tamil Nadu,Madurai,Chokkikulam(Uzhavar Sandhai ),Mango,Safeda,Local,26/08/2026,6000,8000,7000
Tamil Nadu,Madurai,Chokkikulam(Uzhavar Sandhai ),Grapes,Annabesahai,Local,26/08/2026,11000,12000,11500
Tamil Nadu,Madurai,Chokkikulam(Uzhavar Sandhai ),Potato,Red Nanital,Local,26/08/2026,3000,6000,4500
Tamil Nadu,Madurai,Chokkikulam(Uzhavar Sandhai ),Brinjal,Round,Local,26/08/2026,3600,5000,4300
Tamil Nadu,Madurai,Chokkikulam(Uzhavar Sandhai ),Chikoos(Sapota),Sapota,Local,26/08/2026,4000,6000,5000
Tamil Nadu,Madurai,Chokkikulam(Uzhavar Sandhai ),Pumpkin,Pumpkin,Local,26/08/2026,2000,2400,2200
Tamil Nadu,Madurai,Chokkikulam(Uzhavar Sandhai ),Bhindi(Ladies Finger),Bhindi,Local,26/08/2026,2600,3000,2800
Tamil Nadu,Madurai,Chokkikulam(Uzhavar Sandhai ),Betal Leaves,Mysore,Local,26/08/2026,24000,26000,25000
Tamil Nadu,Madurai,Chokkikulam(Uzhavar Sandhai ),Carrot,Pusakesar,Local,26/08/2026,5000,7000,6000
Tamil Nadu,Madurai,Chokkikulam(Uzhavar Sandhai ),Snakeguard,Snakeguard,Local,26/08/2026,3000,3600,3300
Tamil Nadu,Madurai,Chokkikulam(Uzhavar Sandhai ),Beetroot,Beetroot,Local,26/08/2026,4500,5000,4750
Tamil Nadu,Madurai,Chokkikulam(Uzhavar Sandhai ),Green Avare(W),Green Avare (W),Local,26/08/2026,4000,5500,4750
Tamil Nadu,Madurai,Chokkikulam(Uzhavar Sandhai ),Chow Chow,Chow Chow,Local,26/08/2026,2500,3000,2750
Tamil Nadu,Madurai,Chokkikulam(Uzhavar Sandhai ),Indian Beans(Seam),Indian Beans (Seam),Local,26/08/2026,5000,5500,5250
Tamil Nadu,Madurai,Chokkikulam(Uzhavar Sandhai ),Colacasia,Colacasia,Local,26/08/2026,5000,6000,5500
Tamil Nadu,Madurai,Chokkikulam(Uzhavar Sandhai ),Mashrooms,Mashrooms,Local,26/08/2026,22500,25000,23750
Tamil Nadu,Madurai,Chokkikulam(Uzhavar Sandhai ),Onion Green,Onion Green,Local,26/08/2026,7000,7500,7250
Tamil Nadu,Madurai,Chokkikulam(Uzhavar Sandhai ),Mint(Pudina),Mint(Pudina),Local,26/08/2026,4500,5000,4750
Gujarat,Surat,Surat APMC,Bottle gourd,Bottle Gourd,FAQ,26/08/2026,1500,8000,4750
Gujarat,Surat,Surat APMC,Little gourd(Kundru),Other,FAQ,26/08/2026,4000,8500,6250
Gujarat,Surat,Surat APMC,Pegeon Pea(Arhar Fali),Other,FAQ,26/08/2026,5000,9000,7000
Gujarat,Surat,Surat APMC,Pumpkin,Other,FAQ,26/08/2026,600,1800,1200
Gujarat,Surat,Surat APMC,Tomato,Other,FAQ,26/08/2026,700,2200,1450
Andhra Pradesh,Tirupathi,Pakala APMC,Gur(Jaggery),NO 3,Local,26/08/2026,2900,2900,2900
Telangana,Warangal,Warangal APMC,Tomato,Tomato,FAQ,26/08/2026,1200,1600,1400
Telangana,Warangal,Warangal APMC,Field Pea,Field Pea,FAQ,26/08/2026,3000,3500,3250
Himachal Pradesh,Sirmore,PMY Paonta Sahib,Potato,Other,FAQ,26/08/2026,800,3000,2200
Himachal Pradesh,Sirmore,PMY Paonta Sahib,Banana,Medium,Grade A,26/08/2026,4500,5500,5000
Himachal Pradesh,Sirmore,PMY Paonta Sahib,Papaya,Other,Grade A,26/08/2026,4000,5000,4500
Himachal Pradesh,Sirmore,PMY Paonta Sahib,Colacasia,Other,FAQ,26/08/2026,3000,3500,3200
Himachal Pradesh,Sirmore,PMY Paonta Sahib,Cabbage,Other,FAQ,26/08/2026,2900,3100,3000
Andhra Pradesh,Prakasam,Addanki APMC,Maize,Local,FAQ,26/08/2026,2400,2450,2420
Andhra Pradesh,Ananthapuramu,Anantapur APMC,Mousambi(Sweet Lime),Mousambi,Grade B,26/08/2026,700,1500,1200
Uttar Pradesh,Kanpur,Kanpur(Grain) APMC,Wheat,Hybrid,FAQ,26/08/2026,2600,2600,2600
Uttar Pradesh,Pillibhit,Pilibhit APMC,Wheat,Dara,FAQ,26/08/2026,2450,2460,2454.46
Uttar Pradesh,Shahjahanpur,Shahjahanpur APMC,Wheat,Other,FAQ,26/08/2026,2500,2600,2567.05
Uttar Pradesh,Varanasi,Varanasi APMC,Potato,Other,FAQ,26/08/2026,800,800,800
Uttarakhand,Haridwar,Roorkee APMC,Bitter gourd,Other,Local,26/08/2026,650,850,750
Uttarakhand,Haridwar,Roorkee APMC,Bottle gourd,Other,Local,26/08/2026,650,850,750
Uttarakhand,Haridwar,Roorkee APMC,Cauliflower,Other,Local,26/08/2026,1000,1500,1200
Uttarakhand,Haridwar,Roorkee APMC,Brinjal,Other,Local,26/08/2026,600,800,700
Uttarakhand,Haridwar,Roorkee APMC,Tomato,Other,Medium,26/08/2026,1200,2200,1600
Assam,Darrang,Balugaon APMC,Pumpkin,Pumpkin,Local,26/08/2026,1400,1600,1500
Tamil Nadu,Erode,Thalavadi(Uzhavar Sandhai ),Onion,Bellary,Local,26/08/2026,5000,5500,5250
Tamil Nadu,Erode,Thalavadi(Uzhavar Sandhai ),Potato,Red Nanital,Local,26/08/2026,3500,4000,3750
Tamil Nadu,Erode,Thalavadi(Uzhavar Sandhai ),Tomato,Other,Local,26/08/2026,1200,1600,1400
Tamil Nadu,Erode,Thalavadi(Uzhavar Sandhai ),Ashgourd,Gouard,Local,26/08/2026,1400,1800,1600
Tamil Nadu,Erode,Thalavadi(Uzhavar Sandhai ),Green Chilli,Green Chilly,Local,26/08/2026,4000,4400,4200
Tamil Nadu,Erode,Thalavadi(Uzhavar Sandhai ),Beans,Beans (Whole),Local,26/08/2026,5000,6000,5500
Tamil Nadu,Erode,Thalavadi(Uzhavar Sandhai ),Carrot,Pusakesar,Local,26/08/2026,7000,8000,7500
Tamil Nadu,Erode,Thalavadi(Uzhavar Sandhai ),Beetroot,Beetroot,Local,26/08/2026,3000,3500,3250
Tamil Nadu,Erode,Thalavadi(Uzhavar Sandhai ),Drumstick,Drumstick,Local,26/08/2026,3000,3400,3200
Tamil Nadu,Cuddalore,Viruthachalam(Uzhavar Sandhai ),Bitter gourd,Bitter Gourd,Local,26/08/2026,6000,6000,6000
Tamil Nadu,Cuddalore,Viruthachalam(Uzhavar Sandhai ),Ashgourd,Gouard,Local,26/08/2026,2000,2500,2250
Tamil Nadu,Cuddalore,Viruthachalam(Uzhavar Sandhai ),Green Chilli,Green Chilly,Local,26/08/2026,5000,5000,5000
Tamil Nadu,Cuddalore,Viruthachalam(Uzhavar Sandhai ),Raddish,Raddish,Local,26/08/2026,3000,3000,3000
Tamil Nadu,Cuddalore,Viruthachalam(Uzhavar Sandhai ),Chow Chow,Chow Chow,Local,26/08/2026,4000,4000,4000
Tamil Nadu,Cuddalore,Viruthachalam(Uzhavar Sandhai ),Onion Green,Onion Green,Local,26/08/2026,8000,10000,9000
Tamil Nadu,Krishnagiri,Krishnagiri(Uzhavar Sandhai ),Tomato,Deshi,Local,26/08/2026,1000,1400,1200
Tamil Nadu,Krishnagiri,Krishnagiri(Uzhavar Sandhai ),Bottle gourd,Bottle Gourd,Local,26/08/2026,2000,2400,2200
Tamil Nadu,Krishnagiri,Krishnagiri(Uzhavar Sandhai ),Cabbage,Cabbage,Local,26/08/2026,2500,3000,2750
Tamil Nadu,Krishnagiri,Krishnagiri(Uzhavar Sandhai ),Snakeguard,Snakeguard,Local,26/08/2026,3200,3600,3400
Tamil Nadu,Krishnagiri,Krishnagiri(Uzhavar Sandhai ),Guava,Guava Allahabad,Local,26/08/2026,3500,4000,3750
Tamil Nadu,Krishnagiri,Krishnagiri(Uzhavar Sandhai ),Tender Coconut,Tender Coconut,Local,26/08/2026,3500,4000,3750
Tamil Nadu,Krishnagiri,Krishnagiri(Uzhavar Sandhai ),Amla(Nelli Kai),Amla,Local,26/08/2026,8000,9000,8500
Tamil Nadu,Nagapattinam,Nagapattinam(Uzhavar Sandhai ),Pumpkin,Pumpkin,Local,26/08/2026,2700,3300,3000
Tamil Nadu,Nagapattinam,Nagapattinam(Uzhavar Sandhai ),Carrot,Pusakesar,Local,26/08/2026,8600,8600,8600
Tamil Nadu,Nagapattinam,Nagapattinam(Uzhavar Sandhai ),Ridgeguard(Tori),Ridgeguard(Tori),Local,26/08/2026,5200,5200,5200
Assam,Kamrup,Fancy Bazaar APMC,Rice,Common,FAQ,26/08/2026,3350,3600,3450
Assam,Kamrup,Fancy Bazaar APMC,Wheat Atta,Wheat Atta,FAQ,26/08/2026,6600,9200,7000
Assam,Kamrup,Fancy Bazaar APMC,Mustard Oil,Mustard Oil,FAQ,26/08/2026,15466.66744,16333.33415,16000.0008
Assam,Kamrup,Fancy Bazaar APMC,Maida Atta,Maida Atta,FAQ,26/08/2026,6800,8000,7200
Assam,Kamrup,Fancy Bazaar APMC,Cummin Seed(Jeera),Cummin Seed(Jeera),FAQ,26/08/2026,26000,32500,28800
Tamil Nadu,Tenkasi,Sankarankoil(Uzhavar Sandhai ),Onion,Bellary,Local,26/08/2026,4000,5000,4500
Tamil Nadu,Tenkasi,Sankarankoil(Uzhavar Sandhai ),Coriander(Leaves),I Sort,Local,26/08/2026,5000,5000,5000
Tamil Nadu,Tenkasi,Sankarankoil(Uzhavar Sandhai ),Tomato,Deshi,Local,26/08/2026,1500,2000,1750
Tamil Nadu,Tenkasi,Sankarankoil(Uzhavar Sandhai ),Ashgourd,Gouard,Local,26/08/2026,2000,2000,2000
Tamil Nadu,Tenkasi,Sankarankoil(Uzhavar Sandhai ),Pumpkin,Pumpkin,Local,26/08/2026,1500,1500,1500
Tamil Nadu,Tenkasi,Sankarankoil(Uzhavar Sandhai ),Guava,Guava Allahabad,Local,26/08/2026,5000,6000,5500
Tamil Nadu,Tenkasi,Sankarankoil(Uzhavar Sandhai ),Elephant Yam(Suran)/Amorphophallus,Elephant Yam (Suran),Local,26/08/2026,4000,4000,4000
Tamil Nadu,Pudukkottai,Pudukottai(Uzhavar Sandhai ),Banana,Red Banana,Local,26/08/2026,8000,9000,8500
Tamil Nadu,Pudukkottai,Pudukottai(Uzhavar Sandhai ),Garlic,Garlic,Local,26/08/2026,20000,25000,22500
Tamil Nadu,Pudukkottai,Pudukottai(Uzhavar Sandhai ),Brinjal,Other,Local,26/08/2026,6000,7000,6500
Tamil Nadu,Pudukkottai,Pudukottai(Uzhavar Sandhai ),Bottle gourd,Bottle Gourd,Local,26/08/2026,2500,3000,2750
Tamil Nadu,Pudukkottai,Pudukottai(Uzhavar Sandhai ),Green Chilli,Green Chilly,Local,26/08/2026,6500,7000,6750
Tamil Nadu,Pudukkottai,Pudukottai(Uzhavar Sandhai ),Banana - Green,Banana - Green,Local,26/08/2026,2500,3000,2750
Tamil Nadu,Pudukkottai,Pudukottai(Uzhavar Sandhai ),Beans,Beans (Whole),Local,26/08/2026,6500,7000,6750
Tamil Nadu,Pudukkottai,Pudukottai(Uzhavar Sandhai ),Carrot,Pusakesar,Local,26/08/2026,7000,7500,7250
Tamil Nadu,Pudukkottai,Pudukottai(Uzhavar Sandhai ),Jack Fruit(Ripe),Jack Fruit,Local,26/08/2026,2500,3000,2750
Tamil Nadu,Thanjavur,Kumbakonam (Uzhavar Sandhai ),Banana - Green,Banana - Green,Local,26/08/2026,4800,4800,4800
Tamil Nadu,Thanjavur,Kumbakonam (Uzhavar Sandhai ),Cabbage,Cabbage,Local,26/08/2026,3600,3600,3600
Tamil Nadu,Thanjavur,Kumbakonam (Uzhavar Sandhai ),Capsicum,Capsicum,Local,26/08/2026,8400,8400,8400
Tamil Nadu,Thanjavur,Kumbakonam (Uzhavar Sandhai ),Colacasia,Colacasia,Local,26/08/2026,6000,6000,6000
Tamil Nadu,The Nilgiris,Udhagamandalam(Uzhavar Sandhai ),Grapes,Annabesahai,Local,26/08/2026,8000,10000,9000
Tamil Nadu,The Nilgiris,Udhagamandalam(Uzhavar Sandhai ),Garlic,Garlic,Local,26/08/2026,18000,20000,19000
Tamil Nadu,The Nilgiris,Udhagamandalam(Uzhavar Sandhai ),Cauliflower,Ranchi,Local,26/08/2026,4000,4500,4250
Tamil Nadu,The Nilgiris,Udhagamandalam(Uzhavar Sandhai ),Brinjal,Other,Local,26/08/2026,3500,4000,3750
Tamil Nadu,The Nilgiris,Udhagamandalam(Uzhavar Sandhai ),Ashgourd,Gouard,Local,26/08/2026,1500,2000,1750
Tamil Nadu,The Nilgiris,Udhagamandalam(Uzhavar Sandhai ),Bhindi(Ladies Finger),Bhindi,Local,26/08/2026,4500,5000,4750
Tamil Nadu,The Nilgiris,Udhagamandalam(Uzhavar Sandhai ),Amaranthus,Amaranthus,Local,26/08/2026,5500,6000,5750
Tamil Nadu,The Nilgiris,Udhagamandalam(Uzhavar Sandhai ),Beetroot,Beetroot,Local,26/08/2026,4500,5000,4750
Tamil Nadu,The Nilgiris,Udhagamandalam(Uzhavar Sandhai ),Capsicum,Capsicum,Local,26/08/2026,6500,7000,6750
Tamil Nadu,The Nilgiris,Udhagamandalam(Uzhavar Sandhai ),Lime,Lime,Local,26/08/2026,8000,10000,9000
Tamil Nadu,The Nilgiris,Udhagamandalam(Uzhavar Sandhai ),Amla(Nelli Kai),Amla,Local,26/08/2026,8000,9000,8500
Tamil Nadu,The Nilgiris,Udhagamandalam(Uzhavar Sandhai ),Mint(Pudina),Mint(Pudina),Local,26/08/2026,6500,7000,6750
Uttar Pradesh,Bijnor,Dhampur APMC,Gur(Jaggery),Other,FAQ,26/08/2026,5800,5800,5800
Tamil Nadu,Theni,Andipatti(Uzhavar Sandhai ),Banana,Besrai,Local,26/08/2026,6000,6000,6000
Tamil Nadu,Theni,Andipatti(Uzhavar Sandhai ),Cauliflower,Ranchi,Local,26/08/2026,3000,3500,3250
Tamil Nadu,Theni,Andipatti(Uzhavar Sandhai ),Coriander(Leaves),I Sort,Local,26/08/2026,3000,3000,3000
Tamil Nadu,Theni,Andipatti(Uzhavar Sandhai ),Cluster beans,Cluster Beans,Local,26/08/2026,2000,2400,2200
Tamil Nadu,Theni,Andipatti(Uzhavar Sandhai ),Bhindi(Ladies Finger),Bhindi,Local,26/08/2026,3000,3400,3200
Tamil Nadu,Theni,Andipatti(Uzhavar Sandhai ),Banana - Green,Banana - Green,Local,26/08/2026,3500,3500,3500
Tamil Nadu,Theni,Andipatti(Uzhavar Sandhai ),Coconut,Coconut,Local,26/08/2026,5500,5600,5550
Tamil Nadu,Theni,Andipatti(Uzhavar Sandhai ),Raddish,Raddish,Local,26/08/2026,2000,2200,2100
Tamil Nadu,Theni,Andipatti(Uzhavar Sandhai ),Green Avare(W),Green Avare (W),Local,26/08/2026,3600,4000,3800
Tamil Nadu,Theni,Andipatti(Uzhavar Sandhai ),Yam(Ratalu),Yam (Ratalu),Local,26/08/2026,8000,8000,8000
Assam,Hailakandi,Harbartganj Daily Market APMC,Green Chilli,Green Chilly,FAQ,26/08/2026,8000,8500,8300
Tamil Nadu,Theni,Bodinayakanur(Uzhavar Sandhai ),Potato,Red Nanital,Local,26/08/2026,2600,2600,2600
Tamil Nadu,Theni,Bodinayakanur(Uzhavar Sandhai ),Brinjal,Round,Local,26/08/2026,3500,3500,3500
Tamil Nadu,Theni,Bodinayakanur(Uzhavar Sandhai ),Papaya,Papaya,Local,26/08/2026,3000,3000,3000
Tamil Nadu,Theni,Bodinayakanur(Uzhavar Sandhai ),Pumpkin,Pumpkin,Local,26/08/2026,1800,1800,1800
Tamil Nadu,Theni,Bodinayakanur(Uzhavar Sandhai ),Bhindi(Ladies Finger),Bhindi,Local,26/08/2026,3200,3200,3200
Tamil Nadu,Theni,Bodinayakanur(Uzhavar Sandhai ),Cabbage,Cabbage,Local,26/08/2026,3200,3200,3200
Tamil Nadu,Theni,Bodinayakanur(Uzhavar Sandhai ),Thondekai,Thondekai,Local,26/08/2026,2800,2800,2800
Punjab,Ropar (Rupnagar),Morinda APMC,Apple,Apple,Medium,26/08/2026,7000,7500,7250
West Bengal,Bankura,Bishnupur(Bankura) APMC,Brinjal,Brinjal,FAQ,26/08/2026,3500,4200,4000
Gujarat,Mehsana,Kadi APMC,Wheat,Other,FAQ,26/08/2026,2650,3090,2800
Tamil Nadu,Thiruvarur,Needamangalam(Uzhavar Sandhai ),Coriander(Leaves),I Sort,Local,26/08/2026,3500,3500,3500
Tamil Nadu,Thiruvarur,Needamangalam(Uzhavar Sandhai ),Cluster beans,Cluster Beans,Local,26/08/2026,3800,3800,3800
Tamil Nadu,Thiruvarur,Needamangalam(Uzhavar Sandhai ),Mint(Pudina),Mint(Pudina),Local,26/08/2026,5000,5000,5000
Tamil Nadu,Thiruvarur,Tiruvarur(Uzhavar Sandhai ),Bottle gourd,Bottle Gourd,Local,26/08/2026,3000,3000,3000
Tamil Nadu,Thiruvarur,Tiruvarur(Uzhavar Sandhai ),Amaranthus,Amaranthus,Local,26/08/2026,1500,2000,1750
Tamil Nadu,Thiruvarur,Tiruvarur(Uzhavar Sandhai ),Snakeguard,Snakeguard,Local,26/08/2026,4000,4000,4000
Bihar,East Champaran/ Motihari,Raxaul APMC,Pointed gourd(Parval),Other,Grade A,26/08/2026,3000,3200,3100
Bihar,East Champaran/ Motihari,Raxaul APMC,Bhindi(Ladies Finger),Bhindi,Grade A,26/08/2026,900,1100,1000
Bihar,East Champaran/ Motihari,Raxaul APMC,Potato,Red Nanital,Grade A,26/08/2026,1300,1500,1400
Madhya Pradesh,Narsinghpur,Gadarwara(F&V) APMC,Garlic,Garlic,Grade Range-2,26/08/2026,15000,15000,15000
Madhya Pradesh,Narsinghpur,Gadarwara(F&V) APMC,Tomato,Tomato,Grade B,26/08/2026,2000,2000,2000
Madhya Pradesh,Narsinghpur,Gadarwara(F&V) APMC,Bhindi(Ladies Finger),Bhindi,Local,26/08/2026,2100,2100,2100
Madhya Pradesh,Narsinghpur,Gadarwara(F&V) APMC,Onion,Other,Local,26/08/2026,4200,4200,4200
Tamil Nadu,Virudhunagar,Aruppukottai(Uzhavar Sandhai ),Chikoos(Sapota),Sapota,Local,26/08/2026,3000,4000,3500
Tamil Nadu,Virudhunagar,Aruppukottai(Uzhavar Sandhai ),Ashgourd,Gouard,Local,26/08/2026,3000,4000,3500
Tamil Nadu,Virudhunagar,Aruppukottai(Uzhavar Sandhai ),Coconut,Coconut,Local,26/08/2026,5000,6000,5500
Tamil Nadu,Virudhunagar,Aruppukottai(Uzhavar Sandhai ),Elephant Yam(Suran)/Amorphophallus,Elephant Yam (Suran),Local,26/08/2026,4000,5000,4500
Tamil Nadu,Villupuram,Gingee(Uzhavar Sandhai ),Green Chilli,Green Chilly,Local,26/08/2026,6000,6000,6000
Tamil Nadu,Villupuram,Gingee(Uzhavar Sandhai ),Banana - Green,Banana - Green,Local,26/08/2026,4000,4000,4000
Tamil Nadu,Villupuram,Gingee(Uzhavar Sandhai ),Ridgeguard(Tori),Ridgeguard(Tori),Local,26/08/2026,5000,5000,5000
Tamil Nadu,Villupuram,Gingee(Uzhavar Sandhai ),Guava,Guava Allahabad,Local,26/08/2026,6000,6000,6000
Uttar Pradesh,Unnao,Bangarmau APMC,Maize,Other,FAQ,26/08/2026,2200,2200,2200
Uttar Pradesh,Basti,Basti APMC,Paddy(Common),Common,FAQ,26/08/2026,2700,2700,2700
Tamil Nadu,Thiruvarur,Valangaiman APMC,Brinjal,Round,Local,26/08/2026,4000,4000,4000
Tamil Nadu,Thiruvarur,Valangaiman APMC,Cluster beans,Cluster Beans,Local,26/08/2026,4000,4000,4000
Tamil Nadu,Thiruvarur,Valangaiman APMC,Ashgourd,Gouard,Local,26/08/2026,2400,2400,2400
Tamil Nadu,Thiruvarur,Valangaiman APMC,Pumpkin,Pumpkin,Local,26/08/2026,2400,2400,2400
Tamil Nadu,Thiruvarur,Valangaiman APMC,Banana - Green,Banana - Green,Local,26/08/2026,4000,4000,4000
Tamil Nadu,Thiruvarur,Valangaiman APMC,Ridgeguard(Tori),Ridgeguard(Tori),Local,26/08/2026,4000,4000,4000
Tamil Nadu,Thiruvellore,Tiruthani(Uzhavar Sandhai ),Onion,Bellary,Local,26/08/2026,5000,5000,5000
Tamil Nadu,Thiruvellore,Tiruthani(Uzhavar Sandhai ),Cluster beans,Cluster Beans,Local,26/08/2026,4000,4000,4000
Tamil Nadu,Thiruvellore,Tiruthani(Uzhavar Sandhai ),Green Chilli,Green Chilly,Local,26/08/2026,6000,6000,6000
Tamil Nadu,Thiruvellore,Tiruthani(Uzhavar Sandhai ),Ginger(Green),Green Ginger,Local,26/08/2026,10000,10000,10000
Tamil Nadu,Thiruvellore,Tiruthani(Uzhavar Sandhai ),Coconut,Coconut,Local,26/08/2026,6000,6000,6000
Tamil Nadu,Thiruvellore,Tiruthani(Uzhavar Sandhai ),Mint(Pudina),Mint(Pudina),Local,26/08/2026,5000,5000,5000
Tamil Nadu,Virudhunagar,Kariyapatti(Uzhavar Sandhai ),Potato,Red Nanital,Local,26/08/2026,3000,3500,3250
Tamil Nadu,Virudhunagar,Kariyapatti(Uzhavar Sandhai ),Ashgourd,Gouard,Local,26/08/2026,3500,4000,3750
Tamil Nadu,Virudhunagar,Kariyapatti(Uzhavar Sandhai ),Ridgeguard(Tori),Ridgeguard(Tori),Local,26/08/2026,5500,6000,5750
Tamil Nadu,Virudhunagar,Kariyapatti(Uzhavar Sandhai ),Chow Chow,Chow Chow,Local,26/08/2026,3000,3500,3250
Uttar Pradesh,Bulandshahar,Buland Shahr APMC,Tomato,Other,FAQ,26/08/2026,2000,2000,2000
Uttar Pradesh,Sambhal,Chandausi APMC,Bengal Gram(Gram)(Whole),Other,FAQ,26/08/2026,8800,8800,8800
Uttar Pradesh,Sambhal,Chandausi APMC,Gram Raw(Chholia),Other,FAQ,26/08/2026,7100,7100,7100
Maharashtra,Ahilyanagar,Karjat APMC,Bajra(Pearl Millet/Cumbu),Other,Non-FAQ,26/08/2026,2000,2500,2200
Maharashtra,Ahilyanagar,Karjat APMC,Wheat,Other,FAQ,26/08/2026,2600,2700,2650
Tamil Nadu,Thiruvellore,Tiruvallur(Uzhavar Sandhai ),Bhindi(Ladies Finger),Bhindi,Local,26/08/2026,4000,4000,4000
Tamil Nadu,Thiruvellore,Tiruvallur(Uzhavar Sandhai ),Ridgeguard(Tori),Ridgeguard(Tori),Local,26/08/2026,5000,5000,5000
Tamil Nadu,Thiruvellore,Tiruvallur(Uzhavar Sandhai ),Mango(Raw-Ripe),Mango - Raw-Ripe,Local,26/08/2026,4000,4000,4000
Madhya Pradesh,Shivpuri,Karera(F&V) APMC,Onion,Onion,Local,26/08/2026,2000,3000,2600
Madhya Pradesh,Shivpuri,Karera(F&V) APMC,Banana,Banana-Organic,Local,26/08/2026,1600,2400,2000
Madhya Pradesh,Shivpuri,Karera(F&V) APMC,Ridgeguard(Tori),Ridgeguard(Tori),Local,26/08/2026,700,1200,1000
Tamil Nadu,Vellore,Katpadi (Uzhavar Sandhai ),Sweet Corn ,Sweet Corn ,Local,26/08/2026,2500,3000,2750
Tamil Nadu,Vellore,Katpadi (Uzhavar Sandhai ),Banana,Besrai,Local,26/08/2026,5000,6000,5500
Tamil Nadu,Vellore,Katpadi (Uzhavar Sandhai ),Potato,Red Nanital,Local,26/08/2026,2600,3800,3200
Tamil Nadu,Vellore,Katpadi (Uzhavar Sandhai ),Brinjal,Round,Local,26/08/2026,3000,4000,3500
Tamil Nadu,Vellore,Katpadi (Uzhavar Sandhai ),Ashgourd,Gouard,Local,26/08/2026,3000,3000,3000
Tamil Nadu,Vellore,Katpadi (Uzhavar Sandhai ),Pumpkin,Pumpkin,Local,26/08/2026,2500,2500,2500
Tamil Nadu,Vellore,Katpadi (Uzhavar Sandhai ),Beans,Beans (Whole),Local,26/08/2026,7000,7000,7000
Tamil Nadu,Vellore,Katpadi (Uzhavar Sandhai ),Ridgeguard(Tori),Ridgeguard(Tori),Local,26/08/2026,3500,4000,3750
Tamil Nadu,Vellore,Katpadi (Uzhavar Sandhai ),Pomegranate,Pomogranate,Local,26/08/2026,18000,18000,18000
Tamil Nadu,Vellore,Katpadi (Uzhavar Sandhai ),Lemon,Lemon,Local,26/08/2026,10000,10000,10000
Tamil Nadu,Vellore,Katpadi (Uzhavar Sandhai ),Colacasia,Colacasia,Local,26/08/2026,4000,4000,4000
Assam,Nagaon,Ambagan APMC,Beetroot,Beetroot,FAQ,26/08/2026,1950,2050,2000
Assam,Nagaon,Ambagan APMC,Brinjal,Brinjal,FAQ,26/08/2026,2000,2200,2100
Andhra Pradesh,Kakinada,Peddapuram APMC,Paddy(Common),1001,FAQ,26/08/2026,2369,2390,2369
Tamil Nadu,Madurai,Thirumangalam(Uzhavar Sandhai ),Mango,Safeda,Local,26/08/2026,7000,8000,7500
Tamil Nadu,Madurai,Thirumangalam(Uzhavar Sandhai ),Papaya,Papaya,Local,26/08/2026,4000,4500,4250
Tamil Nadu,Madurai,Thirumangalam(Uzhavar Sandhai ),Tomato,Deshi,Local,26/08/2026,1800,2000,1900
Tamil Nadu,Madurai,Thirumangalam(Uzhavar Sandhai ),Ashgourd,Gouard,Local,26/08/2026,1600,2000,1800
Tamil Nadu,Madurai,Thirumangalam(Uzhavar Sandhai ),Bhindi(Ladies Finger),Bhindi,Local,26/08/2026,2600,3000,2800
Tamil Nadu,Madurai,Thirumangalam(Uzhavar Sandhai ),Amaranthus,Amaranthus,Local,26/08/2026,3000,3600,3300
Tamil Nadu,Madurai,Thirumangalam(Uzhavar Sandhai ),Snakeguard,Snakeguard,Local,26/08/2026,6000,6500,6250
Tamil Nadu,Madurai,Thirumangalam(Uzhavar Sandhai ),Raddish,Raddish,Local,26/08/2026,2800,3000,2900
Tamil Nadu,Madurai,Thirumangalam(Uzhavar Sandhai ),Green Avare(W),Green Avare (W),Local,26/08/2026,3500,4000,3750
Tamil Nadu,Madurai,Thirumangalam(Uzhavar Sandhai ),Lemon,Lemon,Local,26/08/2026,15000,17000,16000
Tamil Nadu,Madurai,Thirumangalam(Uzhavar Sandhai ),Onion Green,Onion Green,Local,26/08/2026,7000,7500,7250
Tamil Nadu,Madurai,Melur(Uzhavar Sandhai ),Brinjal,Round,Local,26/08/2026,4500,5000,4750
Tamil Nadu,Madurai,Melur(Uzhavar Sandhai ),Tomato,Deshi,Local,26/08/2026,1800,2000,1900
Tamil Nadu,Madurai,Melur(Uzhavar Sandhai ),Banana - Green,Banana - Green,Local,26/08/2026,2000,2300,2150
Tamil Nadu,Madurai,Melur(Uzhavar Sandhai ),Coconut,Coconut,Local,26/08/2026,6500,6800,6650
Tamil Nadu,Madurai,Melur(Uzhavar Sandhai ),Cucumbar(Kheera),Cucumbar,Local,26/08/2026,5000,6000,5500
Tamil Nadu,Madurai,Melur(Uzhavar Sandhai ),Raddish,Raddish,Local,26/08/2026,2800,3000,2900
Tamil Nadu,Madurai,Melur(Uzhavar Sandhai ),Drumstick,Drumstick,Local,26/08/2026,4000,5000,4500
Tamil Nadu,Madurai,Melur(Uzhavar Sandhai ),Mango(Raw-Ripe),Mango - Raw-Ripe,Local,26/08/2026,6000,6500,6250
Tamil Nadu,Madurai,Melur(Uzhavar Sandhai ),Lemon,Lemon,Local,26/08/2026,15000,17000,16000
Tamil Nadu,Salem,Vazhapadi(Uzhavar Sandhai),Banana,Red Banana,Local,26/08/2026,7000,7000,7000
Tamil Nadu,Salem,Vazhapadi(Uzhavar Sandhai),Potato,Red Nanital,Local,26/08/2026,3000,3400,3200
Tamil Nadu,Salem,Vazhapadi(Uzhavar Sandhai),Chikoos(Sapota),Sapota,Local,26/08/2026,5000,5000,5000
Tamil Nadu,Salem,Vazhapadi(Uzhavar Sandhai),Cluster beans,Cluster Beans,Local,26/08/2026,3400,3400,3400
Tamil Nadu,Salem,Vazhapadi(Uzhavar Sandhai),Banana - Green,Banana - Green,Local,26/08/2026,2500,2500,2500
Tamil Nadu,Salem,Vazhapadi(Uzhavar Sandhai),Beans,Beans (Whole),Local,26/08/2026,8000,9000,8500
Tamil Nadu,Salem,Vazhapadi(Uzhavar Sandhai),Snakeguard,Snakeguard,Local,26/08/2026,3000,3600,3300
Tamil Nadu,Salem,Vazhapadi(Uzhavar Sandhai),Elephant Yam(Suran)/Amorphophallus,Elephant Yam (Suran),Local,26/08/2026,2500,2500,2500
Tamil Nadu,Karur,Gandhigramam(Uzhavar Sandhai),Brinjal,Other,Local,26/08/2026,3500,4000,3750
Tamil Nadu,Karur,Gandhigramam(Uzhavar Sandhai),Bottle gourd,Bottle Gourd,Local,26/08/2026,2500,3000,2750
Tamil Nadu,Karur,Gandhigramam(Uzhavar Sandhai),Ashgourd,Gouard,Local,26/08/2026,2700,3000,2850
Tamil Nadu,Karur,Gandhigramam(Uzhavar Sandhai),Banana - Green,Banana - Green,Local,26/08/2026,2000,3000,2500
Tamil Nadu,Karur,Gandhigramam(Uzhavar Sandhai),Cabbage,Cabbage,Local,26/08/2026,4500,5000,4750
Tamil Nadu,Karur,Gandhigramam(Uzhavar Sandhai),Snakeguard,Snakeguard,Local,26/08/2026,3500,4000,3750
Tamil Nadu,Karur,Gandhigramam(Uzhavar Sandhai),Beetroot,Beetroot,Local,26/08/2026,6500,7000,6750
Tamil Nadu,Karur,Gandhigramam(Uzhavar Sandhai),Drumstick,Drumstick,Local,26/08/2026,2500,3000,2750
Tamil Nadu,Karur,Gandhigramam(Uzhavar Sandhai),Elephant Yam(Suran)/Amorphophallus,Elephant Yam (Suran),Local,26/08/2026,4000,5000,4500
Karnataka,Bengaluru South,Ramanagara APMC,Green Chilli,Green Chilly,Local,26/08/2026,3000,4800,4000
Karnataka,Bengaluru South,Ramanagara APMC,Beetroot,Beetroot,Local,26/08/2026,3000,3800,3500
Karnataka,Bengaluru South,Ramanagara APMC,Cucumbar(Kheera),Cucumbar,Local,26/08/2026,1000,1600,1200
Karnataka,Bengaluru South,Ramanagara APMC,Brinjal,Brinjal,Local,26/08/2026,2000,3500,3000
Tamil Nadu,Pudukkottai,Aranthangi(Uzhavar Sandhai ),Coriander(Leaves),I Sort,Local,26/08/2026,4500,5000,4750
Tamil Nadu,Pudukkottai,Aranthangi(Uzhavar Sandhai ),Pumpkin,Pumpkin,Local,26/08/2026,1000,1500,1250
Tamil Nadu,Pudukkottai,Aranthangi(Uzhavar Sandhai ),Snakeguard,Snakeguard,Local,26/08/2026,3500,4000,3750
Tamil Nadu,Pudukkottai,Aranthangi(Uzhavar Sandhai ),Lemon,Lemon,Local,26/08/2026,11000,12000,11500
Maharashtra,Nagpur,Ramtek APMC,Cauliflower,Other,Local,26/08/2026,1000,2000,1500
Maharashtra,Nagpur,Ramtek APMC,Cabbage,Other,Local,26/08/2026,1000,1500,1200
Maharashtra,Nagpur,Ramtek APMC,Tomato,Other,Local,26/08/2026,1000,2000,1500
Tamil Nadu,Nagapattinam,Vedaranyam(Uzhavar Sandhai),Tomato,Deshi,Local,26/08/2026,3000,3500,3250
Tamil Nadu,Nagapattinam,Vedaranyam(Uzhavar Sandhai),Pumpkin,Pumpkin,Local,26/08/2026,2000,2800,2400
Tamil Nadu,Nagapattinam,Vedaranyam(Uzhavar Sandhai),Amaranthus,Amaranthus,Local,26/08/2026,2000,2500,2250
Tamil Nadu,Nagapattinam,Vedaranyam(Uzhavar Sandhai),Snakeguard,Snakeguard,Local,26/08/2026,4200,4200,4200
Tamil Nadu,Nagapattinam,Vedaranyam(Uzhavar Sandhai),Ridgeguard(Tori),Ridgeguard(Tori),Local,26/08/2026,4400,4400,4400
Tamil Nadu,Nagapattinam,Vedaranyam(Uzhavar Sandhai),Green Avare(W),Green Avare (W),Local,26/08/2026,6400,7500,6950
Tamil Nadu,Nagapattinam,Vedaranyam(Uzhavar Sandhai),Drumstick,Drumstick,Local,26/08/2026,4000,5000,4500
Tamil Nadu,Nagapattinam,Vedaranyam(Uzhavar Sandhai),Mango(Raw-Ripe),Mango - Raw-Ripe,Local,26/08/2026,4500,6500,5500
Tamil Nadu,Nagapattinam,Vedaranyam(Uzhavar Sandhai),Lemon,Lemon,Local,26/08/2026,6000,8000,7000
Tamil Nadu,Nagapattinam,Vedaranyam(Uzhavar Sandhai),Onion Green,Onion Green,Local,26/08/2026,5000,6500,5750
Tamil Nadu,Vellore,Perampet(Uzhavar Sandhai),Groundnut,Big (With Shell),Local,26/08/2026,7000,7600,7300
Tamil Nadu,Vellore,Perampet(Uzhavar Sandhai),Banana,Other,Local,26/08/2026,5000,5000,5000
Tamil Nadu,Vellore,Perampet(Uzhavar Sandhai),Brinjal,Other,Local,26/08/2026,3000,3600,3300
Tamil Nadu,Vellore,Perampet(Uzhavar Sandhai),Papaya,Papaya,Local,26/08/2026,3000,3500,3250
Tamil Nadu,Vellore,Perampet(Uzhavar Sandhai),Ashgourd,Gouard,Local,26/08/2026,2400,2400,2400
Tamil Nadu,Vellore,Perampet(Uzhavar Sandhai),Pumpkin,Pumpkin,Local,26/08/2026,2400,2400,2400
Tamil Nadu,Vellore,Perampet(Uzhavar Sandhai),Bhindi(Ladies Finger),Bhindi,Local,26/08/2026,2000,2500,2250
Tamil Nadu,Vellore,Perampet(Uzhavar Sandhai),Beans,Beans (Whole),Local,26/08/2026,7000,7500,7250
Tamil Nadu,Vellore,Perampet(Uzhavar Sandhai),Ginger(Green),Green Ginger,Local,26/08/2026,16000,17000,16500
Tamil Nadu,Vellore,Perampet(Uzhavar Sandhai),Coconut,Coconut,Local,26/08/2026,2500,3000,2750
Tamil Nadu,Vellore,Perampet(Uzhavar Sandhai),Beetroot,Beetroot,Local,26/08/2026,5000,5000,5000
Tamil Nadu,Vellore,Perampet(Uzhavar Sandhai),Knool Khol,Knool Khol,Local,26/08/2026,3000,3600,3300
Tamil Nadu,Vellore,Perampet(Uzhavar Sandhai),Colacasia,Colacasia,Local,26/08/2026,5000,5000,5000
Maharashtra,Pune,Pune(Pimpri) APMC,Onion,Local,Local,26/08/2026,3200,3800,3500
Maharashtra,Pune,Pune(Pimpri) APMC,Tomato,Local,Local,26/08/2026,1200,1200,1200
Maharashtra,Pune,Pune(Pimpri) APMC,Bhindi(Ladies Finger),Other,Local,26/08/2026,3000,4000,3500
Madhya Pradesh,Badwani,Sendhwa(F&V) APMC,Cabbage,Cabbage,Medium,26/08/2026,800,1100,900
Madhya Pradesh,Badwani,Sendhwa(F&V) APMC,Bottle gourd,Bottle Gourd,Medium,26/08/2026,700,1100,900
Madhya Pradesh,Badwani,Sendhwa(F&V) APMC,Cauliflower,Cauliflower,Medium,26/08/2026,900,1100,1000
Madhya Pradesh,Badwani,Sendhwa(F&V) APMC,Pumpkin,Pumpkin,Large,26/08/2026,700,1000,800
Tamil Nadu,Karur,Kulithalai(Uzhavar Sandhai ),Sweet Corn ,Sweet Corn ,Local,26/08/2026,4500,5000,4750
Tamil Nadu,Karur,Kulithalai(Uzhavar Sandhai ),Onion,Bellary,Local,26/08/2026,5000,5800,5400
Tamil Nadu,Karur,Kulithalai(Uzhavar Sandhai ),Coriander(Leaves),I Sort,Local,26/08/2026,2500,3000,2750
Tamil Nadu,Karur,Kulithalai(Uzhavar Sandhai ),Water Melon,Water Melon,Local,26/08/2026,2500,3000,2750
Tamil Nadu,Karur,Kulithalai(Uzhavar Sandhai ),Bottle gourd,Bottle Gourd,Local,26/08/2026,1500,2000,1750
Tamil Nadu,Karur,Kulithalai(Uzhavar Sandhai ),Green Chilli,Green Chilly,Local,26/08/2026,4600,5000,4800
Tamil Nadu,Karur,Kulithalai(Uzhavar Sandhai ),Beans,Beans (Whole),Local,26/08/2026,6000,7000,6500
Tamil Nadu,Karur,Kulithalai(Uzhavar Sandhai ),Carrot,Pusakesar,Local,26/08/2026,7000,7600,7300
Tamil Nadu,Karur,Kulithalai(Uzhavar Sandhai ),Thondekai,Thondekai,Local,26/08/2026,4500,5000,4750
Tamil Nadu,Karur,Kulithalai(Uzhavar Sandhai ),Colacasia,Colacasia,Local,26/08/2026,5500,6000,5750
Tamil Nadu,Karur,Kulithalai(Uzhavar Sandhai ),Amla(Nelli Kai),Amla,Local,26/08/2026,7500,8000,7750
Tamil Nadu,Karur,Kulithalai(Uzhavar Sandhai ),Mint(Pudina),Mint(Pudina),Local,26/08/2026,4500,5000,4750
Tamil Nadu,Chengalpattu,Guduvancheri(Uzhavar Sandhai ),Guava,Guava Allahabad,Local,26/08/2026,5000,6000,5500
Tamil Nadu,Chengalpattu,Guduvancheri(Uzhavar Sandhai ),Mint(Pudina),Mint(Pudina),Local,26/08/2026,3500,4000,3750
Tamil Nadu,Chengalpattu,Guduvancheri(Uzhavar Sandhai ),Rose(Local),Rose (Local),Local,26/08/2026,15000,16000,15500
Tamil Nadu,Chengalpattu,Guduvancheri(Uzhavar Sandhai ),Sweet Corn ,Sweet Corn ,Local,26/08/2026,4000,5000,4500
Tamil Nadu,Thirupathur,Vaniyampadi(Uzhavar Sandhai ),Groundnut,Big (With Shell),Local,26/08/2026,7000,7000,7000
Tamil Nadu,Thirupathur,Vaniyampadi(Uzhavar Sandhai ),Mango,Safeda,Local,26/08/2026,12000,12000,12000
Tamil Nadu,Thirupathur,Vaniyampadi(Uzhavar Sandhai ),Onion,Bellary,Local,26/08/2026,5000,5000,5000
Tamil Nadu,Thirupathur,Vaniyampadi(Uzhavar Sandhai ),Potato,Red Nanital,Local,26/08/2026,3000,3000,3000
Tamil Nadu,Thirupathur,Vaniyampadi(Uzhavar Sandhai ),Brinjal,Round,Local,26/08/2026,4000,4000,4000
Tamil Nadu,Thirupathur,Vaniyampadi(Uzhavar Sandhai ),Papaya,Papaya,Local,26/08/2026,4000,4000,4000
Tamil Nadu,Thirupathur,Vaniyampadi(Uzhavar Sandhai ),Tomato,Deshi,Local,26/08/2026,2500,2500,2500
Tamil Nadu,Thirupathur,Vaniyampadi(Uzhavar Sandhai ),Bottle gourd,Bottle Gourd,Local,26/08/2026,2500,2500,2500
Tamil Nadu,Thirupathur,Vaniyampadi(Uzhavar Sandhai ),Cabbage,Cabbage,Local,26/08/2026,5000,5000,5000
Tamil Nadu,Thirupathur,Vaniyampadi(Uzhavar Sandhai ),Beetroot,Beetroot,Local,26/08/2026,6000,6000,6000
Tamil Nadu,Thirupathur,Vaniyampadi(Uzhavar Sandhai ),Tender Coconut,Tender Coconut,Local,26/08/2026,3000,3000,3000
Tamil Nadu,Thirupur,Dharapuram(Uzhavar Sandhai ),Banana,Besrai,Local,26/08/2026,4500,5000,4750
Tamil Nadu,Thirupur,Dharapuram(Uzhavar Sandhai ),Chikoos(Sapota),Sapota,Local,26/08/2026,3500,4000,3750
Tamil Nadu,Thirupur,Dharapuram(Uzhavar Sandhai ),Tomato,Local,Local,26/08/2026,1000,1500,1250
Tamil Nadu,Thirupur,Dharapuram(Uzhavar Sandhai ),Cluster beans,Cluster Beans,Local,26/08/2026,3500,4000,3750
Tamil Nadu,Thirupur,Dharapuram(Uzhavar Sandhai ),Amaranthus,Amaranthus,Local,26/08/2026,2800,3000,2900
Tamil Nadu,Thirupur,Dharapuram(Uzhavar Sandhai ),Chow Chow,Chow Chow,Local,26/08/2026,3500,4000,3750
Tamil Nadu,Thirupur,Palladam(Uzhavar Sandhai ),Banana,Karpura,Local,26/08/2026,4000,5000,4500
Tamil Nadu,Thirupur,Palladam(Uzhavar Sandhai ),Pumpkin,Pumpkin,Local,26/08/2026,1500,2000,1750
Tamil Nadu,Thirupur,Palladam(Uzhavar Sandhai ),Beans,Beans (Whole),Local,26/08/2026,8000,9000,8500
Tamil Nadu,Thirupur,Palladam(Uzhavar Sandhai ),Cabbage,Cabbage,Local,26/08/2026,2500,3000,2750
Tamil Nadu,Thirupur,Palladam(Uzhavar Sandhai ),Ridgeguard(Tori),Ridgeguard(Tori),Local,26/08/2026,4000,5000,4500
Tamil Nadu,Thirupur,Palladam(Uzhavar Sandhai ),Guava,Guava Allahabad,Local,26/08/2026,4000,5000,4500
Telangana,Ranga Reddy,"Saroornagar,RBZ",Cabbage,Other,Medium,26/08/2026,1500,1500,1500
Telangana,Ranga Reddy,"Saroornagar,RBZ",Green Chilli,Other,Medium,26/08/2026,3700,3700,3700
Telangana,Ranga Reddy,"Saroornagar,RBZ",Snakeguard,Snakeguard,Medium,26/08/2026,1300,1300,1300
Uttar Pradesh,Ghaziabad,Hapur APMC,Green Gram Dal(Moong Dal),Other,FAQ,26/08/2026,8600,8600,8600
Uttar Pradesh,Ghaziabad,Hapur APMC,Bengal Gram Dal(Chana Dal),Other,FAQ,26/08/2026,7100,7100,7100
Uttar Pradesh,Sitapur,Hargaon (Laharpur) APMC,Wood,Other,FAQ,26/08/2026,550,640,627.11
Uttar Pradesh,Hathras,Haathras APMC,Bajra(Pearl Millet/Cumbu),Other,FAQ,26/08/2026,2100,2169,2123.51
Uttar Pradesh,Bulandshahar,Jahangirabad APMC,Potato,Other,FAQ,26/08/2026,700,700,700
Uttar Pradesh,Mathura,Kosikalan APMC,Potato,Other,FAQ,26/08/2026,600,600,600
Tamil Nadu,Kallakuruchi,Kallakurichi(Uzhavar Sandhai ),Coriander(Leaves),I Sort,Local,26/08/2026,6000,6000,6000
Tamil Nadu,Kallakuruchi,Kallakurichi(Uzhavar Sandhai ),Tomato,Deshi,Local,26/08/2026,2500,2500,2500
Tamil Nadu,Kallakuruchi,Kallakurichi(Uzhavar Sandhai ),Cluster beans,Cluster Beans,Local,26/08/2026,5000,5000,5000
Tamil Nadu,Kallakuruchi,Kallakurichi(Uzhavar Sandhai ),Green Avare(W),Green Avare (W),Local,26/08/2026,7000,7000,7000
Tamil Nadu,Kallakuruchi,Kallakurichi(Uzhavar Sandhai ),Karbuja(Musk Melon),Karbhuja,Local,26/08/2026,5000,5000,5000
Tamil Nadu,Kallakuruchi,Kallakurichi(Uzhavar Sandhai ),Elephant Yam(Suran)/Amorphophallus,Elephant Yam (Suran),Local,26/08/2026,4000,4000,4000
Tamil Nadu,Kallakuruchi,Kallakurichi(Uzhavar Sandhai ),Mashrooms,Mashrooms,Local,26/08/2026,22500,22500,22500
Tamil Nadu,Kallakuruchi,Kallakurichi(Uzhavar Sandhai ),Amla(Nelli Kai),Amla,Local,26/08/2026,8000,8000,8000
Uttar Pradesh,Jalaun (Orai),Konch APMC,Brinjal,Other,FAQ,26/08/2026,1200,1350,1300
Tamil Nadu,Thirupathur,Natrampalli(Uzhavar Sandhai ),Cluster beans,Cluster Beans,Local,26/08/2026,2500,3000,2750
Tamil Nadu,Thirupathur,Natrampalli(Uzhavar Sandhai ),Bitter gourd,Bitter Gourd,Local,26/08/2026,4000,5000,4500
Tamil Nadu,Thirupathur,Natrampalli(Uzhavar Sandhai ),Bottle gourd,Bottle Gourd,Local,26/08/2026,1500,2000,1750
Tamil Nadu,Thirupathur,Natrampalli(Uzhavar Sandhai ),Green Chilli,Green Chilly,Local,26/08/2026,5000,6000,5500
Tamil Nadu,Thirupathur,Natrampalli(Uzhavar Sandhai ),Snakeguard,Snakeguard,Local,26/08/2026,3000,4000,3500
Haryana,Panipat,Panipat APMC,Bottle gourd,Bottle Gourd,Local,26/08/2026,800,1600,1200
Haryana,Panipat,Panipat APMC,Brinjal,Other,Local,26/08/2026,1000,2000,1500
Haryana,Panipat,Panipat APMC,Apple,Other,Local,26/08/2026,4000,12000,8000
Telangana,Bhadradri Kothagudem,Kothagudem APMC,Maize,Local,FAQ,26/08/2026,2400,2400,2400
Punjab,Pathankot,Pathankot APMC,Lemon,Lemon,Medium,26/08/2026,5500,5500,5500
Punjab,Pathankot,Pathankot APMC,Mousambi(Sweet Lime),Mousambi,Medium,26/08/2026,3000,3000,3000
Andhra Pradesh,Eluru,Kaikaluru APMC,Paddy(Common),MTU-1001,Local,26/08/2026,2440,2440,2440
Andhra Pradesh,Palnadu,Gurazala APMC,Chili Red,Red,Local,26/08/2026,15000,23000,20000
Madhya Pradesh,Sagar,Devri(F&V) APMC,Spinach,Spinach,Grade C,26/08/2026,463,463,463
Madhya Pradesh,Sagar,Devri(F&V) APMC,Potato,Potato,Grade B,26/08/2026,745,745,745
Madhya Pradesh,Sagar,Devri(F&V) APMC,Bhindi(Ladies Finger),Bhindi,Grade B,26/08/2026,680,680,680
Uttar Pradesh,Sonbhadra,Dudhi APMC,Maize,Other,FAQ,26/08/2026,700,700,700
Uttar Pradesh,Maharajganj,Nautnava APMC,Rice,Common,FAQ,26/08/2026,2000,2000,2000
Andhra Pradesh,Parvathipuram Manyam,Saluru APMC,Maize,Hybrid/Local,FAQ,26/08/2026,2600,2600,2600
Tamil Nadu,Salem,Athur(Uzhavar Sandhai ),Elephant Yam(Suran)/Amorphophallus,Elephant Yam (Suran),Local,26/08/2026,3000,3500,3250
Tamil Nadu,Salem,Athur(Uzhavar Sandhai ),Brinjal,Other,Local,26/08/2026,2500,3000,2750
Tamil Nadu,Salem,Athur(Uzhavar Sandhai ),Tomato,Deshi,Local,26/08/2026,1800,2300,2050
Tamil Nadu,Salem,Athur(Uzhavar Sandhai ),Bitter gourd,Bitter Gourd,Local,26/08/2026,4500,4800,4650
Tamil Nadu,Salem,Athur(Uzhavar Sandhai ),Ridgeguard(Tori),Ridgeguard(Tori),Local,26/08/2026,4000,4500,4250
Tamil Nadu,Salem,Athur(Uzhavar Sandhai ),Rose(Local),Rose (Local),Local,26/08/2026,10000,15000,12500
Punjab,Ludhiana,Machhiwara APMC,Tomato,Other,FAQ,26/08/2026,2000,2500,2200
Punjab,Ludhiana,Machhiwara APMC,Ginger(Green),Other,FAQ,26/08/2026,8000,8000,8000
Punjab,Ludhiana,Machhiwara APMC,Green Chilli,Other,FAQ,26/08/2026,2000,3000,2500
Tamil Nadu,Theni,Periyakulam(Uzhavar Sandhai ),Banana,Karpura,Local,26/08/2026,6000,6000,6000
Tamil Nadu,Theni,Periyakulam(Uzhavar Sandhai ),Snakeguard,Snakeguard,Local,26/08/2026,4000,4000,4000
Tamil Nadu,Theni,Periyakulam(Uzhavar Sandhai ),Green Avare(W),Other,Local,26/08/2026,4000,4000,4000
Tamil Nadu,Theni,Periyakulam(Uzhavar Sandhai ),Lemon,Lemon,Local,26/08/2026,10000,13000,11500
Tamil Nadu,Virudhunagar,Srivilliputhur(Uzhavar Sandhai ),Tomato,Deshi,Local,26/08/2026,1700,2000,1850
Tamil Nadu,Virudhunagar,Srivilliputhur(Uzhavar Sandhai ),Bottle gourd,Bottle Gourd,Local,26/08/2026,1700,2000,1850
Tamil Nadu,Virudhunagar,Srivilliputhur(Uzhavar Sandhai ),Pumpkin,Pumpkin,Local,26/08/2026,2500,3000,2750
Tamil Nadu,Virudhunagar,Srivilliputhur(Uzhavar Sandhai ),Banana - Green,Banana - Green,Local,26/08/2026,2500,3000,2750
Tamil Nadu,Virudhunagar,Srivilliputhur(Uzhavar Sandhai ),Beans,Beans (Whole),Local,26/08/2026,8000,9000,8500
Tamil Nadu,Virudhunagar,Srivilliputhur(Uzhavar Sandhai ),Guava,Guava Allahabad,Local,26/08/2026,4500,5000,4750
Uttar Pradesh,Kanpur Dehat,Rura APMC,Wheat,Medium,FAQ,26/08/2026,2550,2550,2550
Uttar Pradesh,Prayagraj,Prayagraj APMC,Onion,Other,FAQ,26/08/2026,900,1100,922.64
Uttar Pradesh,Prayagraj,Prayagraj APMC,Tomato,Other,FAQ,26/08/2026,2000,2000,2000
Uttar Pradesh,Hathras,Shadabad APMC,Brinjal,Brinjal,Small,26/08/2026,700,800,750
Uttar Pradesh,Hathras,Shadabad APMC,Pumpkin,Pumpkin,Small,26/08/2026,600,700,650
Uttar Pradesh,Siddharth Nagar,Sahiyapur APMC,Wheat,Other,FAQ,26/08/2026,2430,2430,2430
Uttar Pradesh,Raebarelli,Salon APMC,Wheat,Dara,FAQ,26/08/2026,2400,2500,2463.64
Uttar Pradesh,Prayagraj,Sirsa APMC,Firewood,Firewood,FAQ,26/08/2026,350,350,350
Uttar Pradesh,Shamli,Shamli APMC,Ginger(Green),Other,FAQ,26/08/2026,8000,8000,8000
Uttar Pradesh,Shamli,Shamli APMC,Lemon,Other,FAQ,26/08/2026,6000,7000,6666.67
Uttar Pradesh,Shamli,Shamli APMC,Tomato,Other,FAQ,26/08/2026,2800,2800,2800
Uttar Pradesh,Shamli,Shamli APMC,Masur Dal,Other,FAQ,26/08/2026,6650,10500,7420
Uttar Pradesh,Bulandshahar,Siyana APMC,Brinjal,Other,Medium,26/08/2026,800,820,810
Uttar Pradesh,Firozabad,Sirsaganj APMC,Green Gram(Moong)(Whole),Other,FAQ,26/08/2026,8768,8768,8768
Uttar Pradesh,Amethi,Sultanpur APMC,Wheat,Local,FAQ,26/08/2026,2620,2620,2620
Uttar Pradesh,Unnao,Unnao APMC,Rice,Common,FAQ,26/08/2026,2680,2700,2682.19
Uttar Pradesh,Unnao,Unnao APMC,Wheat,Other,FAQ,26/08/2026,2585,2585,2585
Uttar Pradesh,Ghazipur,Yusufpur APMC,Paddy(Common),Common,FAQ,26/08/2026,2900,2900,2900
Punjab,Ferozpur,Zira APMC,Guava,Other,Local,26/08/2026,3400,3400,3400
Punjab,Ferozpur,Zira APMC,Tomato,Other,Local,26/08/2026,3000,3000,3000
Punjab,Ferozpur,Zira APMC,Green Chilli,Other,Local,26/08/2026,3400,3400,3400
Punjab,Sangrur,Bhawanigarh APMC,Grapes,Green,Medium,26/08/2026,15000,15000,15000
Punjab,Sangrur,Bhawanigarh APMC,Banana,Medium,Medium,26/08/2026,3000,3500,3250
Punjab,Sangrur,Bhawanigarh APMC,Peas Wet,Other,Local,26/08/2026,9000,9000,9000
Punjab,Sangrur,Bhawanigarh APMC,Onion,Other,Medium,26/08/2026,2600,3000,2800
Punjab,Sangrur,Bhawanigarh APMC,Potato,Other,Grade B,26/08/2026,600,700,650
Punjab,Sangrur,Bhawanigarh APMC,Raddish,Other,Local,26/08/2026,1900,2300,2100
Odisha,Kalahandi,Mukhiguda APMC,Cabbage,Cabbage,Grade B,26/08/2026,2400,2700,2550
Odisha,Kalahandi,Mukhiguda APMC,Green Chilli,Green Chilly,Grade B,26/08/2026,4000,8000,6000
West Bengal,North 24 Parganas,Habra APMC,Bitter gourd,Other,FAQ,26/08/2026,2700,2800,2700
West Bengal,North 24 Parganas,Habra APMC,Papaya(Raw),Other,FAQ,26/08/2026,1000,1100,1000
West Bengal,Bankura,Khatra APMC,Mustard,Mustard,FAQ,26/08/2026,6000,6700,6400
West Bengal,Bankura,Khatra APMC,Sweet Pumpkin,Sweet Pumpkin,FAQ,26/08/2026,1300,1700,1500
West Bengal,Bankura,Khatra APMC,Bottle gourd,Bottle Gourd,FAQ,26/08/2026,1400,1700,1500
West Bengal,Bankura,Khatra APMC,Potato,Jyoti,FAQ,26/08/2026,660,760,740
Tripura,North Tripura,Dasda APMC,Brinjal,Round/Long,FAQ,26/08/2026,2750,2750,2750
Tripura,North Tripura,Dasda APMC,Onion,Onion,FAQ,26/08/2026,3850,3850,3850
Tamil Nadu,Coimbatore,Vadavalli(Uzhavar Sandhai ),Cluster beans,Cluster Beans,Local,26/08/2026,3800,4200,4000
Tamil Nadu,Coimbatore,Vadavalli(Uzhavar Sandhai ),Bhindi(Ladies Finger),Bhindi,Local,26/08/2026,4000,4400,4200
Tamil Nadu,Coimbatore,Vadavalli(Uzhavar Sandhai ),Cabbage,Cabbage,Local,26/08/2026,2200,2500,2350
Tamil Nadu,Coimbatore,Vadavalli(Uzhavar Sandhai ),Raddish,Raddish,Local,26/08/2026,2500,3000,2750
Tamil Nadu,Coimbatore,Vadavalli(Uzhavar Sandhai ),Pear(Marasebu),Pears,Local,26/08/2026,14000,15000,14500
Tamil Nadu,Coimbatore,Vadavalli(Uzhavar Sandhai ),Mint(Pudina),Mint(Pudina),Local,26/08/2026,4500,5000,4750
Tamil Nadu,Coimbatore,Vadavalli(Uzhavar Sandhai ),Baby Corn,Baby Corn,Grade A,26/08/2026,2200,2600,2400
Tamil Nadu,Coimbatore,Vadavalli(Uzhavar Sandhai ),Sweet Corn ,Sweet Corn ,Local,26/08/2026,3500,4000,3750
West Bengal,Darjeeling,Darjeeling APMC,Squash(Chappal Kadoo),Other,FAQ,26/08/2026,2400,2600,2500
West Bengal,Darjeeling,Darjeeling APMC,Tomato,Other,FAQ,26/08/2026,3500,3700,3600
Tamil Nadu,Dindigul,Vedasanthur(Uzhavar Sandhai ),Brinjal,Round,Local,26/08/2026,4000,5000,4500
Himachal Pradesh,Mandi,PMY Kangni Mandi,Bitter gourd,Bitter Gourd,Grade B,26/08/2026,600,2000,1000
Himachal Pradesh,Mandi,PMY Kangni Mandi,Brinjal,Brinjal,Grade B,26/08/2026,500,2200,1500
Himachal Pradesh,Mandi,PMY Kangni Mandi,Cabbage,Cabbage,Grade B,26/08/2026,1500,2500,2000
Himachal Pradesh,Mandi,PMY Kangni Mandi,Papaya,Papaya,Grade B,26/08/2026,4000,5800,5000
Himachal Pradesh,Mandi,PMY Kangni Mandi,Colacasia,Colacasia,Grade B,26/08/2026,1500,3000,2000
Gujarat,Vadodara(Baroda),Padra APMC,Little gourd(Kundru),Other,FAQ,26/08/2026,1500,2500,2000
Gujarat,Vadodara(Baroda),Padra APMC,Cabbage,Other,FAQ,26/08/2026,1500,1750,1625
Gujarat,Vadodara(Baroda),Padra APMC,Cauliflower,Other,FAQ,26/08/2026,2000,3000,2500
Gujarat,Vadodara(Baroda),Padra APMC,Lemon,Other,FAQ,26/08/2026,5000,6000,5500
Gujarat,Vadodara(Baroda),Padra APMC,Potato,Other,FAQ,26/08/2026,1500,2000,1750
Uttar Pradesh,Bulandshahar,Gulavati APMC,Bottle gourd,Bottle Gourd,FAQ,26/08/2026,1500,1700,1600
Haryana,Hissar,Barwala(Hisar) APMC,Potato,Potato,Local,26/08/2026,800,1000,900
Haryana,Hissar,Barwala(Hisar) APMC,Mousambi(Sweet Lime),Mousambi,Local,26/08/2026,3500,4000,3800
Haryana,Kaithal,Dhand APMC,Apple,Other,Medium,26/08/2026,5000,8000,7000
Haryana,Kaithal,Dhand APMC,Banana,Other,Medium,26/08/2026,3500,4000,3900
Punjab,Fazilka,Jalalabad APMC,Pomegranate,Other,Medium,26/08/2026,16500,16500,16500
Punjab,Fazilka,Jalalabad APMC,Water Melon,Water Melon,Medium,26/08/2026,3000,3000,3000
Punjab,Fazilka,Jalalabad APMC,Plum,Other,Medium,26/08/2026,6500,6500,6500
Punjab,Fazilka,Jalalabad APMC,Cucumbar(Kheera),Other,Medium,26/08/2026,3700,4000,3800
Punjab,Fazilka,Jalalabad APMC,Ginger(Green),Other,Medium,26/08/2026,15000,15000,15000
Punjab,Fazilka,Jalalabad APMC,Lemon,Lemon,Medium,26/08/2026,4000,4200,4100
Punjab,Fazilka,Jalalabad APMC,Green Chilli,Other,Medium,26/08/2026,3600,3800,3700
Punjab,Fazilka,Jalalabad APMC,Pumpkin,Pumpkin,Medium,26/08/2026,3400,3600,3500
West Bengal,Medinipur(E),Egra/contai APMC,Potato,Jyoti,FAQ,26/08/2026,820,850,835
Punjab,Jalandhar,Jalandhar City(Jalandhar) APMC,Grapes,Other,Medium,26/08/2026,2000,6000,4000
Punjab,Jalandhar,Jalandhar City(Jalandhar) APMC,Tender Coconut,Tender Coconut,Medium,26/08/2026,1800,3800,3000
Punjab,Jalandhar,Jalandhar City(Jalandhar) APMC,Papaya,Papaya,Medium,26/08/2026,1100,2600,1500
Punjab,Jalandhar,Jalandhar City(Jalandhar) APMC,Plum,Plum,Medium,26/08/2026,2000,5000,4000
Punjab,Jalandhar,Jalandhar City(Jalandhar) APMC,Coriander(Leaves),Coriander,FAQ,26/08/2026,2000,3000,2500
Punjab,Jalandhar,Jalandhar City(Jalandhar) APMC,Garlic,Other,FAQ,26/08/2026,3000,8000,5500
Punjab,Jalandhar,Jalandhar City(Jalandhar) APMC,Potato,Other,FAQ,26/08/2026,120,680,360
Punjab,Jalandhar,Jalandhar City(Jalandhar) APMC,Spinach,Spinach,FAQ,26/08/2026,1000,2000,1500
Tamil Nadu,Coimbatore,Udumalpet APMC,Onion,Bellary,Local,26/08/2026,5500,6000,5750
Tamil Nadu,Coimbatore,Udumalpet APMC,Potato,Red Nanital,Local,26/08/2026,3500,4000,3750
Tamil Nadu,Coimbatore,Udumalpet APMC,Cauliflower,Ranchi,Local,26/08/2026,3000,3500,3250
Tamil Nadu,Coimbatore,Udumalpet APMC,Green Chilli,Green Chilly,Local,26/08/2026,5000,5500,5250
Tamil Nadu,Coimbatore,Udumalpet APMC,Beetroot,Beetroot,Local,26/08/2026,4000,8000,6000
Tamil Nadu,Coimbatore,Udumalpet APMC,Green Avare(W),Other,Local,26/08/2026,6000,6500,6250
Tamil Nadu,Coimbatore,Udumalpet APMC,Drumstick,Drumstick,Local,26/08/2026,3000,3500,3250
Tamil Nadu,Coimbatore,Udumalpet APMC,Sweet Corn ,Sweet Corn ,Local,26/08/2026,3500,4000,3750
Himachal Pradesh,Kangra,SMY Nagrota Bagwan,Pineapple,Pine Apple,Medium,26/08/2026,4000,4200,4100
Himachal Pradesh,Kangra,SMY Nagrota Bagwan,Cucumbar(Kheera),Cucumbar,FAQ,26/08/2026,2200,3200,2800
Himachal Pradesh,Kangra,SMY Nagrota Bagwan,Capsicum,Capsicum,FAQ,26/08/2026,5000,5500,5200
Himachal Pradesh,Kangra,SMY Nagrota Bagwan,Potato,Potato,FAQ,26/08/2026,1000,1800,1400
Himachal Pradesh,Kullu,SMY Chauri Bihal,Cauliflower,Other,Grade Range-1,26/08/2026,1000,3000,2000
Himachal Pradesh,Kullu,SMY Chauri Bihal,Cabbage,Other,Grade Range-1,26/08/2026,1200,1600,1400
Himachal Pradesh,Kullu,SMY Chauri Bihal,Apple,Other,Grade Range-1,26/08/2026,1000,8000,7000
Himachal Pradesh,Shimla,SMY Rampur,Coriander(Leaves),Coriander,Local,26/08/2026,10000,12000,11000
Himachal Pradesh,Shimla,SMY Rampur,Raddish,Other,Local,26/08/2026,2000,2000,2000
Himachal Pradesh,Shimla,SMY Rampur,Bhindi(Ladies Finger),Bhindi,Local,26/08/2026,4000,4000,4000
West Bengal,Darjeeling,Siliguri APMC,Green Gram Dal(Moong Dal),Green Gram Dal,FAQ,26/08/2026,9600,9800,9700
Tamil Nadu,Erode,Gobichettipalayam(Uzhavar Sandhai ),Ashgourd,Gouard,Local,26/08/2026,3000,3200,3100
Tamil Nadu,Erode,Gobichettipalayam(Uzhavar Sandhai ),Cabbage,Cabbage,Local,26/08/2026,2000,2400,2200
Tamil Nadu,Erode,Gobichettipalayam(Uzhavar Sandhai ),Beetroot,Beetroot,Local,26/08/2026,5500,6000,5750
Tamil Nadu,Erode,Gobichettipalayam(Uzhavar Sandhai ),Guava,Guava Allahabad,Local,26/08/2026,5500,6000,5750
Tamil Nadu,Erode,Gobichettipalayam(Uzhavar Sandhai ),Mint(Pudina),Mint(Pudina),Local,26/08/2026,4200,4400,4300
Tamil Nadu,Erode,Sampath Nagar(Uzhavar Sandhai ),Onion,Bellary,Local,26/08/2026,5600,6000,5800
Tamil Nadu,Erode,Sampath Nagar(Uzhavar Sandhai ),Cluster beans,Cluster Beans,Local,26/08/2026,2600,3000,2800
Tamil Nadu,Erode,Sampath Nagar(Uzhavar Sandhai ),Pumpkin,Pumpkin,Local,26/08/2026,2000,2200,2100
Tamil Nadu,Erode,Sampath Nagar(Uzhavar Sandhai ),Amaranthus,Amaranthus,Local,26/08/2026,4000,4500,4250
Tamil Nadu,Erode,Sampath Nagar(Uzhavar Sandhai ),Snakeguard,Snakeguard,Local,26/08/2026,3800,4200,4000
Tamil Nadu,Erode,Sampath Nagar(Uzhavar Sandhai ),Beetroot,Beetroot,Local,26/08/2026,7500,7800,7650
Tamil Nadu,Erode,Sampath Nagar(Uzhavar Sandhai ),Cucumbar(Kheera),Cucumbar,Local,26/08/2026,4500,5000,4750
Tamil Nadu,Erode,Sampath Nagar(Uzhavar Sandhai ),Green Avare(W),Other,Local,26/08/2026,4600,5000,4800
Tamil Nadu,Erode,Sampath Nagar(Uzhavar Sandhai ),Drumstick,Drumstick,Local,26/08/2026,2600,3000,2800
Tamil Nadu,Erode,Sampath Nagar(Uzhavar Sandhai ),Knool Khol,Knool Khol,Local,26/08/2026,4000,4200,4100
Tamil Nadu,Erode,Sampath Nagar(Uzhavar Sandhai ),Guava,Guava Allahabad,Local,26/08/2026,4500,5000,4750
Himachal Pradesh,Shimla,SMY Rohroo,Pomegranate,Other,Grade B,26/08/2026,15000,16000,15500
Himachal Pradesh,Shimla,SMY Rohroo,Ginger(Green),Green Ginger,Grade B,26/08/2026,13000,14000,13500
Himachal Pradesh,Shimla,SMY Rohroo,Carrot,Carrot,Grade B,26/08/2026,3800,4000,3900
Himachal Pradesh,Shimla,SMY Rohroo,French Beans(Frasbean),Other,Grade B,26/08/2026,3000,3500,3250
Himachal Pradesh,Shimla,SMY Rohroo,Onion,1st Sort,Grade B,26/08/2026,5300,5500,5400
Himachal Pradesh,Shimla,SMY Rohroo,Tomato,Deshi,Grade B,26/08/2026,3500,3800,3650
Punjab,Jalandhar,Phillaur(Apra Mandi) APMC,Ridgeguard(Tori),Other,FAQ,26/08/2026,2500,2500,2500
Tamil Nadu,Vellore,Pallikonda(Uzhavar Sandhai),Potato,Red Nanital,Local,26/08/2026,2500,3000,2750
Tamil Nadu,Vellore,Pallikonda(Uzhavar Sandhai),Ashgourd,Gouard,Local,26/08/2026,2500,2500,2500
Tamil Nadu,Vellore,Pallikonda(Uzhavar Sandhai),Ginger(Green),Green Ginger,Local,26/08/2026,15000,16000,15500
Tamil Nadu,Vellore,Pallikonda(Uzhavar Sandhai),Cucumbar(Kheera),Cucumbar,Local,26/08/2026,3500,3500,3500
Tamil Nadu,Vellore,Pallikonda(Uzhavar Sandhai),Drumstick,Drumstick,Local,26/08/2026,2500,3000,2750
Tamil Nadu,Vellore,Pallikonda(Uzhavar Sandhai),Yam(Ratalu),Yam (Ratalu),Local,26/08/2026,5000,5500,5250
Tamil Nadu,Pudukkottai,Ponnamaravathi(Uzhavar Sandhai),Brinjal,Round,Local,26/08/2026,6500,7000,6750
Tamil Nadu,Pudukkottai,Ponnamaravathi(Uzhavar Sandhai),Coriander(Leaves),I Sort,Local,26/08/2026,5500,6000,5750
Tamil Nadu,Pudukkottai,Ponnamaravathi(Uzhavar Sandhai),Ridgeguard(Tori),Ridgeguard(Tori),Local,26/08/2026,6500,7000,6750
Tamil Nadu,Pudukkottai,Ponnamaravathi(Uzhavar Sandhai),Onion Green,Onion Green,Local,26/08/2026,7500,8000,7750
Odisha,Kalahandi,Bhawanipatna APMC,Brinjal,Brinjal,Local,26/08/2026,2900,2900,2900
Odisha,Kalahandi,Bhawanipatna APMC,Cauliflower,Cauliflower,Local,26/08/2026,3200,3200,3200
Odisha,Kalahandi,Junagarh APMC,Brinjal,Other,Grade B,26/08/2026,3000,3400,3200
Odisha,Kalahandi,Junagarh APMC,Cabbage,Other,Grade B,26/08/2026,2600,3000,2800
Odisha,Kalahandi,Junagarh APMC,Tomato,Other,Grade B,26/08/2026,2700,3100,2900
Tamil Nadu,Nagapattinam,Mayiladuthurai(Uzhavar Sandhai ),Cauliflower,Ranchi,Local,26/08/2026,5000,5000,5000
Tamil Nadu,Nagapattinam,Mayiladuthurai(Uzhavar Sandhai ),Tomato,Deshi,Local,26/08/2026,2000,2500,2250
Tamil Nadu,Nagapattinam,Mayiladuthurai(Uzhavar Sandhai ),Bottle gourd,Bottle Gourd,Local,26/08/2026,2500,3000,2750
Tamil Nadu,Nagapattinam,Mayiladuthurai(Uzhavar Sandhai ),Banana - Green,Banana - Green,Local,26/08/2026,3000,3500,3250
Tamil Nadu,Nagapattinam,Mayiladuthurai(Uzhavar Sandhai ),Lime,Lime,Local,26/08/2026,3500,4000,3750
Tamil Nadu,Pudukkottai,Viralimalai(Uzhavar Sandhai ),Papaya,Papaya,Local,26/08/2026,3500,4000,3750
Tamil Nadu,Pudukkottai,Viralimalai(Uzhavar Sandhai ),Cluster beans,Cluster Beans,Local,26/08/2026,3500,4000,3750
Tamil Nadu,Pudukkottai,Viralimalai(Uzhavar Sandhai ),Ashgourd,Gouard,Local,26/08/2026,1200,1500,1350
Tamil Nadu,Pudukkottai,Viralimalai(Uzhavar Sandhai ),Lemon,Lemon,Local,26/08/2026,13000,14000,13500
Tamil Nadu,Pudukkottai,Viralimalai(Uzhavar Sandhai ),Onion Green,Onion Green,Local,26/08/2026,7500,8000,7750
Tamil Nadu,Ramanathapuram,Kamuthi(Uzhavar Sandhai ),Tomato,Other,Local,26/08/2026,2500,2500,2500
Tamil Nadu,Ramanathapuram,Kamuthi(Uzhavar Sandhai ),Green Chilli,Green Chilly,Local,26/08/2026,5000,5000,5000
Tamil Nadu,Ramanathapuram,Kamuthi(Uzhavar Sandhai ),Banana - Green,Banana - Green,Local,26/08/2026,3000,3000,3000
Tamil Nadu,Ramanathapuram,Paramakudi(Uzhavar Sandhai ),Tomato,Deshi,Local,26/08/2026,2500,2800,2650
Tamil Nadu,Ramanathapuram,Paramakudi(Uzhavar Sandhai ),Pumpkin,Pumpkin,Local,26/08/2026,2200,2500,2350
Tamil Nadu,Ramanathapuram,Paramakudi(Uzhavar Sandhai ),Ginger(Green),Green Ginger,Local,26/08/2026,17000,18000,17500
Tamil Nadu,Ramanathapuram,Paramakudi(Uzhavar Sandhai ),Carrot,Pusakesar,Local,26/08/2026,7000,7500,7250
Tamil Nadu,Ramanathapuram,Paramakudi(Uzhavar Sandhai ),Snakeguard,Snakeguard,Local,26/08/2026,4500,5000,4750
Tamil Nadu,Ramanathapuram,Paramakudi(Uzhavar Sandhai ),Lime,Lime,Local,26/08/2026,11000,12000,11500
Tamil Nadu,Ramanathapuram,Paramakudi(Uzhavar Sandhai ),Marigold(Calcutta),Marigold(Calcutta),Local,26/08/2026,8000,9000,8500
Tamil Nadu,Ramanathapuram,Ramanathapuram(Uzhavar Sandhai ),Coriander(Leaves),I Sort,Local,26/08/2026,6500,7000,6750
Tamil Nadu,Ramanathapuram,Ramanathapuram(Uzhavar Sandhai ),Cluster beans,Cluster Beans,Local,26/08/2026,4000,4500,4250
Tamil Nadu,Ramanathapuram,Ramanathapuram(Uzhavar Sandhai ),Bottle gourd,Bottle Gourd,Local,26/08/2026,2400,2600,2500
Tamil Nadu,Ramanathapuram,Ramanathapuram(Uzhavar Sandhai ),Snakeguard,Snakeguard,Local,26/08/2026,5000,5500,5250
Tamil Nadu,Ramanathapuram,Ramanathapuram(Uzhavar Sandhai ),Chow Chow,Chow Chow,Local,26/08/2026,4200,4500,4350
Tamil Nadu,Ramanathapuram,Ramanathapuram(Uzhavar Sandhai ),Drumstick,Drumstick,Local,26/08/2026,6000,6500,6250
Tamil Nadu,Ramanathapuram,Ramanathapuram(Uzhavar Sandhai ),Marigold(Calcutta),Marigold(Calcutta),Local,26/08/2026,11000,11500,11250
Tamil Nadu,Ramanathapuram,Ramanathapuram(Uzhavar Sandhai ),Mint(Pudina),Mint(Pudina),Local,26/08/2026,7000,7500,7250
Tamil Nadu,Pudukkottai,Alangudi(Uzhavar Sandhai ),Banana,Poovan,Local,26/08/2026,4500,5000,4750
Tamil Nadu,Pudukkottai,Alangudi(Uzhavar Sandhai ),Coconut,Coconut,Local,26/08/2026,3500,4000,3750
Tamil Nadu,Pudukkottai,Alangudi(Uzhavar Sandhai ),Snakeguard,Snakeguard,Local,26/08/2026,3500,4000,3750
Tamil Nadu,Thiruvannamalai,Arani(Uzhavar Sandhai ),Banana,Other,Local,26/08/2026,5000,6000,5500
Tamil Nadu,Thiruvannamalai,Arani(Uzhavar Sandhai ),Mango,Safeda,Local,26/08/2026,4000,5000,4500
Tamil Nadu,Thiruvannamalai,Arani(Uzhavar Sandhai ),Chikoos(Sapota),Sapota,Local,26/08/2026,5000,6000,5500
Tamil Nadu,Thiruvannamalai,Arani(Uzhavar Sandhai ),Cluster beans,Cluster Beans,Local,26/08/2026,3500,4200,3850
Tamil Nadu,Thiruvannamalai,Arani(Uzhavar Sandhai ),Ashgourd,Gouard,Local,26/08/2026,2000,2500,2250
Tamil Nadu,Thiruvannamalai,Arani(Uzhavar Sandhai ),Banana - Green,Banana - Green,Local,26/08/2026,1500,2000,1750
Tamil Nadu,Thiruvannamalai,Arani(Uzhavar Sandhai ),Coconut,Coconut,Local,26/08/2026,3800,4500,4150
Tamil Nadu,Thiruvannamalai,Arani(Uzhavar Sandhai ),Carrot,Pusakesar,Local,26/08/2026,6000,7200,6600
Tamil Nadu,Thiruvannamalai,Arani(Uzhavar Sandhai ),Beetroot,Beetroot,Local,26/08/2026,4000,4800,4400
Tamil Nadu,Thiruvannamalai,Arani(Uzhavar Sandhai ),Drumstick,Drumstick,Local,26/08/2026,3500,4200,3850
Tamil Nadu,Thiruvannamalai,Arani(Uzhavar Sandhai ),Tender Coconut,Tender Coconut,Local,26/08/2026,1500,2000,1750
Tamil Nadu,Thiruvannamalai,Arani(Uzhavar Sandhai ),Lemon,Lemon,Local,26/08/2026,10000,12000,11000
Tamil Nadu,Thiruvannamalai,Polur(Uzhavar Sandhai ),Tomato,Local,Local,26/08/2026,1500,2000,1750
Tamil Nadu,Thiruvannamalai,Polur(Uzhavar Sandhai ),Ridgeguard(Tori),Ridgeguard(Tori),Local,26/08/2026,4000,4800,4400
Tamil Nadu,Thiruvannamalai,Polur(Uzhavar Sandhai ),Jack Fruit(Ripe),Jack Fruit,Local,26/08/2026,1600,2000,1800
Tamil Nadu,Thiruvannamalai,Polur(Uzhavar Sandhai ),Guava,Guava Allahabad,Local,26/08/2026,4200,5000,4600
Tamil Nadu,Thiruvannamalai,Polur(Uzhavar Sandhai ),Tender Coconut,Tender Coconut,Local,26/08/2026,1500,2000,1750
Tamil Nadu,Thiruvannamalai,Tiruvannamalai(Uzhavar Sandhai ),Apple,American,Local,26/08/2026,22000,24000,23000
Tamil Nadu,Thiruvannamalai,Tiruvannamalai(Uzhavar Sandhai ),Mango,Safeda,Local,26/08/2026,7000,8000,7500
Tamil Nadu,Thiruvannamalai,Tiruvannamalai(Uzhavar Sandhai ),Grapes,Annabesahai,Local,26/08/2026,8000,10000,9000
Tamil Nadu,Thiruvannamalai,Tiruvannamalai(Uzhavar Sandhai ),Garlic,Garlic,Local,26/08/2026,25000,28000,26500
Tamil Nadu,Thiruvannamalai,Tiruvannamalai(Uzhavar Sandhai ),Cauliflower,Ranchi,Local,26/08/2026,3500,4000,3750
Tamil Nadu,Thiruvannamalai,Tiruvannamalai(Uzhavar Sandhai ),Coriander(Leaves),I Sort,Local,26/08/2026,4000,5000,4500
Tamil Nadu,Thiruvannamalai,Tiruvannamalai(Uzhavar Sandhai ),Papaya,Papaya,Local,26/08/2026,3500,4000,3750
Tamil Nadu,Thiruvannamalai,Tiruvannamalai(Uzhavar Sandhai ),Cluster beans,Cluster Beans,Local,26/08/2026,3600,4000,3800
Tamil Nadu,Thiruvannamalai,Tiruvannamalai(Uzhavar Sandhai ),Bottle gourd,Bottle Gourd,Local,26/08/2026,2000,2500,2250
Tamil Nadu,Thiruvannamalai,Tiruvannamalai(Uzhavar Sandhai ),Amaranthus,Amaranthus,Local,26/08/2026,3000,4000,3500
Tamil Nadu,Thiruvannamalai,Tiruvannamalai(Uzhavar Sandhai ),Banana - Green,Banana - Green,Local,26/08/2026,2500,3000,2750
Tamil Nadu,Thiruvannamalai,Tiruvannamalai(Uzhavar Sandhai ),Beans,Beans (Whole),Local,26/08/2026,9000,11000,10000
Tamil Nadu,Thiruvannamalai,Tiruvannamalai(Uzhavar Sandhai ),Coconut,Coconut,Local,26/08/2026,4000,5000,4500
Tamil Nadu,Thiruvannamalai,Tiruvannamalai(Uzhavar Sandhai ),Cabbage,Cabbage,Local,26/08/2026,2500,3000,2750
Tamil Nadu,Thiruvannamalai,Tiruvannamalai(Uzhavar Sandhai ),Ridgeguard(Tori),Ridgeguard(Tori),Local,26/08/2026,4000,5000,4500
Tamil Nadu,Thiruvannamalai,Tiruvannamalai(Uzhavar Sandhai ),Chow Chow,Chow Chow,Local,26/08/2026,3600,4000,3800
Tamil Nadu,Thiruvannamalai,Tiruvannamalai(Uzhavar Sandhai ),Colacasia,Colacasia,Local,26/08/2026,3500,4000,3750
Tamil Nadu,Thiruvannamalai,Tiruvannamalai(Uzhavar Sandhai ),Custard Apple(Sharifa),Custard Apple(Sharifa),Local,26/08/2026,7000,8000,7500
Tamil Nadu,Thiruvarur,Mannargudi I(Uzhavar Sandhai ),Bhindi(Ladies Finger),Bhindi,Local,26/08/2026,3800,3800,3800
Tamil Nadu,Thiruvarur,Mannargudi I(Uzhavar Sandhai ),Carrot,Pusakesar,Local,26/08/2026,6600,7000,6800
Tamil Nadu,Thiruvarur,Mannargudi I(Uzhavar Sandhai ),Cabbage,Cabbage,Local,26/08/2026,3400,3400,3400
Tamil Nadu,Thiruvarur,Mannargudi I(Uzhavar Sandhai ),Ridgeguard(Tori),Ridgeguard(Tori),Local,26/08/2026,4400,4400,4400
Tamil Nadu,Thiruvarur,Mannargudi I(Uzhavar Sandhai ),Mango(Raw-Ripe),Mango - Raw-Ripe,Local,26/08/2026,8000,8000,8000
Tamil Nadu,Thiruvarur,Mannargudi II(Uzhavar Sandhai ),Ashgourd,Gouard,Local,26/08/2026,3000,3000,3000
Tamil Nadu,Thiruvarur,Mannargudi II(Uzhavar Sandhai ),Amaranthus,Amaranthus,Local,26/08/2026,2000,2000,2000
Tamil Nadu,Thiruvarur,Mannargudi II(Uzhavar Sandhai ),Coconut,Coconut,Local,26/08/2026,4000,4000,4000
Tamil Nadu,Thiruvarur,Mannargudi II(Uzhavar Sandhai ),Cabbage,Cabbage,Local,26/08/2026,3400,3400,3400
Tamil Nadu,Thiruvarur,Mannargudi II(Uzhavar Sandhai ),Ridgeguard(Tori),Ridgeguard(Tori),Local,26/08/2026,4400,4400,4400
Tamil Nadu,Thiruvarur,Mannargudi II(Uzhavar Sandhai ),Chow Chow,Chow Chow,Local,26/08/2026,4000,4000,4000
Tamil Nadu,Thiruvarur,Mannargudi II(Uzhavar Sandhai ),Mango(Raw-Ripe),Mango - Raw-Ripe,Local,26/08/2026,8000,8000,8000
Tamil Nadu,Thiruvarur,Tiruthuraipoondi(Uzhavar Sandhai ),Bitter gourd,Bitter Gourd,Local,26/08/2026,6000,6000,6000
Tamil Nadu,Thiruvarur,Tiruthuraipoondi(Uzhavar Sandhai ),Bottle gourd,Bottle Gourd,Local,26/08/2026,3000,3000,3000
Tamil Nadu,Thiruvarur,Tiruthuraipoondi(Uzhavar Sandhai ),Cucumbar(Kheera),Cucumbar,Local,26/08/2026,7000,7000,7000
Tamil Nadu,Thiruvarur,Tiruthuraipoondi(Uzhavar Sandhai ),Lemon,Lemon,Local,26/08/2026,13000,13000,13000
Tamil Nadu,Thiruvellore,Ambattur(Uzhavar Sandhai ),Amaranthus,Amaranthus,Local,26/08/2026,3000,3000,3000
Tamil Nadu,Thiruvellore,Ambattur(Uzhavar Sandhai ),Coconut,Coconut,Local,26/08/2026,6000,6000,6000
Tamil Nadu,Thiruvellore,Naravarikuppam(Uzhavar Sandhai ),Potato,Red Nanital,Local,26/08/2026,3000,3000,3000
Tamil Nadu,Thiruvellore,Naravarikuppam(Uzhavar Sandhai ),Bottle gourd,Bottle Gourd,Local,26/08/2026,3000,3000,3000
Tamil Nadu,Thiruvellore,Naravarikuppam(Uzhavar Sandhai ),Amaranthus,Amaranthus,Local,26/08/2026,3000,3000,3000
Tamil Nadu,Thiruvellore,Naravarikuppam(Uzhavar Sandhai ),Coconut,Coconut,Local,26/08/2026,5000,5000,5000
Tamil Nadu,Thiruvellore,Paruthipattu(Uzhavar Sandhai ),Onion,Bellary,Local,26/08/2026,5000,5000,5000
Tamil Nadu,Thiruvellore,Paruthipattu(Uzhavar Sandhai ),Bottle gourd,Bottle Gourd,Local,26/08/2026,3000,3000,3000
Tamil Nadu,Thiruvellore,Paruthipattu(Uzhavar Sandhai ),Green Chilli,Green Chilly,Local,26/08/2026,6000,6000,6000
Tamil Nadu,Thiruvellore,Perambakkam(Uzhavar Sandhai ),Cluster beans,Cluster Beans,Local,26/08/2026,3500,3500,3500
Tamil Nadu,Thiruvellore,Perambakkam(Uzhavar Sandhai ),Ridgeguard(Tori),Ridgeguard(Tori),Local,26/08/2026,5000,5000,5000
Tamil Nadu,Thiruvellore,Perambakkam(Uzhavar Sandhai ),Marigold(Calcutta),Marigold(Calcutta),Local,26/08/2026,20000,20000,20000
Tamil Nadu,Thiruvellore,Perambakkam(Uzhavar Sandhai ),Tube Rose(Loose),Tube Rose (Loose),Local,26/08/2026,12000,12000,12000
Tamil Nadu,Tuticorin,Kovilpatti(Uzhavar Sandhai ),Potato,Other,Local,26/08/2026,3000,3500,3250
Tamil Nadu,Tuticorin,Kovilpatti(Uzhavar Sandhai ),Chikoos(Sapota),Sapota,Local,26/08/2026,4500,5000,4750
Tamil Nadu,Tuticorin,Kovilpatti(Uzhavar Sandhai ),Papaya,Papaya,Local,26/08/2026,3000,3500,3250
Tamil Nadu,Tuticorin,Kovilpatti(Uzhavar Sandhai ),Tomato,Local,Local,26/08/2026,2000,2500,2250
Tamil Nadu,Tuticorin,Kovilpatti(Uzhavar Sandhai ),Bottle gourd,Bottle Gourd,Local,26/08/2026,2500,3000,2750
Tamil Nadu,Tuticorin,Kovilpatti(Uzhavar Sandhai ),Bhindi(Ladies Finger),Bhindi,Local,26/08/2026,3000,3500,3250
Tamil Nadu,Tuticorin,Kovilpatti(Uzhavar Sandhai ),Amaranthus,Amaranthus,Local,26/08/2026,1500,1800,1650
Tamil Nadu,Tuticorin,Kovilpatti(Uzhavar Sandhai ),Carrot,Pusakesar,Local,26/08/2026,7500,8000,7750
Tamil Nadu,Tuticorin,Kovilpatti(Uzhavar Sandhai ),Beetroot,Beetroot,Local,26/08/2026,4500,5000,4750
Tamil Nadu,Tuticorin,Kovilpatti(Uzhavar Sandhai ),Yam(Ratalu),Yam (Ratalu),Local,26/08/2026,8000,8500,8250
Tamil Nadu,Tuticorin,Kovilpatti(Uzhavar Sandhai ),Onion Green,Onion Green,Local,26/08/2026,7000,7500,7250
Tamil Nadu,Vellore,Gudiyatham(Uzhavar Sandhai ),Onion,Bellary,Local,26/08/2026,4800,4800,4800
Tamil Nadu,Vellore,Gudiyatham(Uzhavar Sandhai ),Potato,Red Nanital,Local,26/08/2026,3000,3000,3000
Tamil Nadu,Vellore,Gudiyatham(Uzhavar Sandhai ),Garlic,Garlic,Local,26/08/2026,22000,22000,22000
Tamil Nadu,Vellore,Gudiyatham(Uzhavar Sandhai ),Papaya,Papaya,Local,26/08/2026,3500,3500,3500
Tamil Nadu,Vellore,Gudiyatham(Uzhavar Sandhai ),Pumpkin,Pumpkin,Local,26/08/2026,2400,2400,2400
Tamil Nadu,Vellore,Gudiyatham(Uzhavar Sandhai ),Amaranthus,Amaranthus,Local,26/08/2026,4000,4000,4000
Tamil Nadu,Vellore,Gudiyatham(Uzhavar Sandhai ),Carrot,Pusakesar,Local,26/08/2026,5600,5600,5600
Tamil Nadu,Vellore,Gudiyatham(Uzhavar Sandhai ),Cucumbar(Kheera),Cucumbar,Local,26/08/2026,3600,3600,3600
Tamil Nadu,Vellore,Gudiyatham(Uzhavar Sandhai ),Raddish,Raddish,Local,26/08/2026,3600,3600,3600
Tamil Nadu,Vellore,Gudiyatham(Uzhavar Sandhai ),Green Avare(W),Green Avare (W),Local,26/08/2026,4000,4000,4000
Tamil Nadu,Vellore,Gudiyatham(Uzhavar Sandhai ),Marigold(Calcutta),Marigold(Calcutta),Local,26/08/2026,20000,20000,20000
Tamil Nadu,Vellore,Kahithapattarai(Uzhavar Sandhai ),Banana,Besrai,Local,26/08/2026,5000,6000,5500
Tamil Nadu,Vellore,Kahithapattarai(Uzhavar Sandhai ),Potato,Other,Local,26/08/2026,2200,2200,2200
Tamil Nadu,Vellore,Kahithapattarai(Uzhavar Sandhai ),Coriander(Leaves),I Sort,Local,26/08/2026,2500,2500,2500
Tamil Nadu,Vellore,Kahithapattarai(Uzhavar Sandhai ),Papaya,Papaya,Local,26/08/2026,4500,4500,4500
Tamil Nadu,Vellore,Kahithapattarai(Uzhavar Sandhai ),Tomato,Deshi,Local,26/08/2026,2200,2200,2200
Tamil Nadu,Vellore,Kahithapattarai(Uzhavar Sandhai ),Ginger(Green),Green Ginger,Local,26/08/2026,7000,7000,7000
Tamil Nadu,Vellore,Kahithapattarai(Uzhavar Sandhai ),Thondekai,Thondekai,Local,26/08/2026,4000,4000,4000
Tamil Nadu,Vellore,Kahithapattarai(Uzhavar Sandhai ),Chow Chow,Chow Chow,Local,26/08/2026,3500,3500,3500
Tamil Nadu,Vellore,Kahithapattarai(Uzhavar Sandhai ),Mango(Raw-Ripe),Mango - Raw-Ripe,Local,26/08/2026,8000,8000,8000
Tamil Nadu,Vellore,Kahithapattarai(Uzhavar Sandhai ),Tender Coconut,Tender Coconut,Local,26/08/2026,3000,3000,3000
Tamil Nadu,Vellore,Kahithapattarai(Uzhavar Sandhai ),Marigold(Calcutta),Marigold(Calcutta),Local,26/08/2026,12000,12000,12000
Haryana,Rewari,Rewari APMC,Onion,Medium,Medium,26/08/2026,2000,4500,3200
Himachal Pradesh,Solan,PMY Kather Solan,Garlic,Garlic,Local,26/08/2026,12000,19000,14000
Himachal Pradesh,Solan,PMY Kather Solan,French Beans(Frasbean),Other,Medium,26/08/2026,2000,5500,4000
Himachal Pradesh,Solan,PMY Kather Solan,Onion,Other,Medium,26/08/2026,4000,4500,4200
Himachal Pradesh,Solan,PMY Kather Solan,Brinjal,Other,Medium,26/08/2026,1600,2800,2500
Himachal Pradesh,Solan,PMY Kather Solan,Carrot,Other,Medium,26/08/2026,2500,3500,3000
Himachal Pradesh,Solan,PMY Kather Solan,Raddish,Other,Medium,26/08/2026,1000,3000,1800
Himachal Pradesh,Solan,PMY Kather Solan,Pumpkin,Other,Medium,26/08/2026,1500,3000,2000
Himachal Pradesh,Solan,PMY Kather Solan,Papaya,Other,Medium,26/08/2026,4800,5000,5000
Punjab,Ludhiana,Samrala APMC,Brinjal,Other,Local,26/08/2026,1500,2000,1800
Punjab,Ludhiana,Samrala APMC,Pumpkin,Other,Local,26/08/2026,700,850,800
Tripura,Sepahijala,Melaghar APMC,Fish,Katla(Big),Local,26/08/2026,34000,36000,35000
Punjab,Ludhiana,Ludhiana APMC,Guava,Other,Medium,26/08/2026,1000,6000,2000
Punjab,Ludhiana,Ludhiana APMC,Bottle gourd,Other,FAQ,26/08/2026,200,1500,800
Punjab,Ludhiana,Ludhiana APMC,Pumpkin,Other,FAQ,26/08/2026,600,1400,1000
Punjab,Ludhiana,Ludhiana APMC,Garlic,Other,FAQ,26/08/2026,5000,9000,7000
Punjab,Ludhiana,Ludhiana APMC,Mousambi(Sweet Lime),Other,Medium,26/08/2026,2000,4500,3500
Punjab,Ludhiana,Ludhiana APMC,Mango,Other,Medium,26/08/2026,2000,6000,3000
Punjab,Ludhiana,Ludhiana APMC,Lemon,Other,FAQ,26/08/2026,2000,4200,3000
Punjab,Ludhiana,Ludhiana APMC,Ashgourd,Other,FAQ,26/08/2026,500,1500,1200
Punjab,Ludhiana,Ludhiana APMC,Bitter gourd,Bitter Gourd,FAQ,26/08/2026,1300,1800,1500
Punjab,Ludhiana,Ludhiana APMC,Tomato,Other,FAQ,26/08/2026,800,2500,1600
Punjab,Ludhiana,Ludhiana APMC,Beetroot,Other,FAQ,26/08/2026,1000,1500,1300
Punjab,Ludhiana,Ludhiana APMC,Brinjal,Other,FAQ,26/08/2026,200,1200,600
Odisha,Dhenkanal,Hindol APMC,Banana - Green,Other,Grade B,26/08/2026,2700,3000,2800
Odisha,Dhenkanal,Hindol APMC,Tomato,Tomato,Grade B,26/08/2026,2800,3200,3000
Odisha,Dhenkanal,Hindol APMC,Pointed gourd(Parval),Other,Grade B,26/08/2026,5000,5500,5200
Odisha,Dhenkanal,Hindol APMC,Ridgeguard(Tori),Other,Grade B,26/08/2026,5700,6000,5800
Odisha,Dhenkanal,Hindol APMC,Potato,Potato,Grade B,26/08/2026,1300,1500,1400
Tamil Nadu,Thiruvannamalai,Cheyyar(Uzhavar Sandhai ),Banana,Poovan,Local,26/08/2026,4000,5000,4500
Tamil Nadu,Thiruvannamalai,Cheyyar(Uzhavar Sandhai ),Onion,Bellary,Local,26/08/2026,4000,5000,4500
Tamil Nadu,Thiruvannamalai,Cheyyar(Uzhavar Sandhai ),Cluster beans,Cluster Beans,Local,26/08/2026,3500,4200,3850
Tamil Nadu,Thiruvannamalai,Cheyyar(Uzhavar Sandhai ),Bitter gourd,Other,Local,26/08/2026,3200,4000,3600
Tamil Nadu,Thiruvannamalai,Cheyyar(Uzhavar Sandhai ),Bhindi(Ladies Finger),Bhindi,Local,26/08/2026,3200,4000,3600
Tamil Nadu,Thiruvannamalai,Cheyyar(Uzhavar Sandhai ),Green Chilli,Green Chilly,Local,26/08/2026,6000,7200,6600
Tamil Nadu,Thiruvannamalai,Cheyyar(Uzhavar Sandhai ),Banana - Green,Banana - Green,Local,26/08/2026,1500,2000,1750
Tamil Nadu,Thiruvannamalai,Cheyyar(Uzhavar Sandhai ),Cabbage,Cabbage,Local,26/08/2026,2000,2400,2200
Tamil Nadu,Thiruvannamalai,Cheyyar(Uzhavar Sandhai ),Cucumbar(Kheera),Cucumbar,Local,26/08/2026,2500,3000,2750
Tamil Nadu,Thiruvannamalai,Cheyyar(Uzhavar Sandhai ),Chow Chow,Chow Chow,Local,26/08/2026,2500,3000,2750
Tamil Nadu,Thiruvannamalai,Cheyyar(Uzhavar Sandhai ),Drumstick,Drumstick,Local,26/08/2026,3500,4200,3850
Tamil Nadu,Thiruvannamalai,Cheyyar(Uzhavar Sandhai ),Mint(Pudina),Mint(Pudina),Local,26/08/2026,3200,4000,3600
Andhra Pradesh,Dr.B.R.A.Konaseema,Ramachandrapuram APMC,Paddy(Common),Paddy,FAQ,26/08/2026,2369,2379,2369
Andhra Pradesh,Markapuram,Markapur APMC,Cotton,Desi,FAQ,26/08/2026,8000,8000,8000
Haryana,Ambala,Naraingarh APMC,Spinach,Spinach,Medium,26/08/2026,1500,1500,1500
Andhra Pradesh,Dr.B.R.A.Konaseema,Mummidivaram APMC,Coconut,Medium,FAQ,26/08/2026,15500,16000,15500
Punjab,Fatehgarh,Sirhind APMC,Guava,Other,Medium,26/08/2026,3000,4100,3400
Punjab,Fatehgarh,Sirhind APMC,Papaya,Other,Medium,26/08/2026,3500,4100,3700
Punjab,Fatehgarh,Sirhind APMC,Cauliflower,Other,FAQ,26/08/2026,4000,5000,4500
Punjab,Fatehgarh,Sirhind APMC,Cucumbar(Kheera),Other,FAQ,26/08/2026,2000,3000,2500
Punjab,Fatehgarh,Sirhind APMC,Mashrooms,Other,FAQ,26/08/2026,12000,15000,13000
Punjab,Fatehgarh,Sirhind APMC,Colacasia,Other,FAQ,26/08/2026,2000,3000,2500
Punjab,Fatehgarh,Sirhind APMC,Tomato,Other,FAQ,26/08/2026,1300,2200,1800
Odisha,Sundergarh,Panposh APMC,Cauliflower,Other,FAQ,26/08/2026,4000,4500,4200
Tamil Nadu,Ariyalur,Ariyalur(Uzhavar Sandhai),Carrot,Pusakesar,Local,26/08/2026,7000,8000,7500
Tamil Nadu,Ariyalur,Ariyalur(Uzhavar Sandhai),Green Avare(W),Green Avare (W),Local,26/08/2026,7000,8000,7500
Tamil Nadu,Ariyalur,Ariyalur(Uzhavar Sandhai),Chow Chow,Chow Chow,Local,26/08/2026,3500,4000,3750
Uttarakhand,Udhamsinghnagar,Gadarpur APMC,Paddy(Common),Other,Local,26/08/2026,2100,2100,2100
Gujarat,Mehsana,Visnagar APMC,Bajra(Pearl Millet/Cumbu),Other,Local,26/08/2026,2155,2375,2265
Andhra Pradesh,Ananthapuramu,Singanamala APMC,Groundnut,Local,Grade Range-1,26/08/2026,6600,7800,7600
Haryana,Mahendragarh-Narnaul,Narnaul APMC,Cauliflower,Cauliflower,Medium,26/08/2026,4000,6000,5000
Haryana,Mahendragarh-Narnaul,Narnaul APMC,Spinach,Spinach,Medium,26/08/2026,2500,3000,3000
Haryana,Mahendragarh-Narnaul,Narnaul APMC,Brinjal,Brinjal,Medium,26/08/2026,1500,2500,2000
Haryana,Mahendragarh-Narnaul,Narnaul APMC,Green Chilli,Green Chilly,Medium,26/08/2026,3000,4000,3500
Haryana,Mahendragarh-Narnaul,Narnaul APMC,Pointed gourd(Parval),Pointed gourd (Parval),Medium,26/08/2026,2000,3000,2500
Haryana,Mahendragarh-Narnaul,Narnaul APMC,Tomato,Tomato,Medium,26/08/2026,2000,3000,2500
Haryana,Mahendragarh-Narnaul,Narnaul APMC,Lemon,Lemon,Medium,26/08/2026,3000,6000,5000
Haryana,Mahendragarh-Narnaul,Narnaul APMC,Guava,Guava,Medium,26/08/2026,2000,3000,2500
Odisha,Cuttack,Banki APMC,Bitter gourd,Other,Medium,26/08/2026,5000,6000,5500
Odisha,Cuttack,Banki APMC,Cucumbar(Kheera),Other,Medium,26/08/2026,4000,5000,4500
Odisha,Cuttack,Banki APMC,Drumstick,Drumstick,Medium,26/08/2026,5500,6500,6000
Odisha,Cuttack,Banki APMC,"Spiny Gourd / Kartali(Kantola)
",Other,Medium,26/08/2026,5000,6000,5500
Odisha,Cuttack,Banki APMC,Pumpkin,Other,Medium,26/08/2026,1200,2000,1500
Himachal Pradesh,Kangra,PMY Kangra,Tomato,Tomato,FAQ,26/08/2026,2000,2600,2400
Himachal Pradesh,Kangra,PMY Kangra,Capsicum,Capsicum,FAQ,26/08/2026,5500,6000,5700
Himachal Pradesh,Kangra,PMY Kangra,Brinjal,Brinjal,FAQ,26/08/2026,2200,2500,2300
Himachal Pradesh,Kangra,PMY Kangra,Bottle gourd,Bottle Gourd,FAQ,26/08/2026,2500,5000,3500
Himachal Pradesh,Kangra,PMY Kangra,Banana,Other,Medium,26/08/2026,4000,5000,4500
Himachal Pradesh,Kangra,PMY Kangra,Pomegranate,Other,Medium,26/08/2026,10000,11000,11000
Himachal Pradesh,Kangra,PMY Kangra,Potato,Potato,FAQ,26/08/2026,1000,2000,1500
Haryana,Mewat,Punhana APMC,Water Melon,Other,Medium,26/08/2026,2500,2500,2500
Uttar Pradesh,Saharanpur,Nanuta APMC,Groundnut,Other,FAQ,26/08/2026,6250,6250,6250
Uttarakhand,Haridwar,Haridwar Union APMC,Mousambi(Sweet Lime),Other,Medium,26/08/2026,2000,2500,2200
Uttarakhand,Haridwar,Haridwar Union APMC,Brinjal,Other,Local,26/08/2026,800,1000,900
Uttarakhand,Haridwar,Haridwar Union APMC,Cauliflower,Other,Local,26/08/2026,1100,1500,1300
Uttarakhand,Haridwar,Haridwar Union APMC,Potato,Other,Medium,26/08/2026,1000,1500,1200
Uttar Pradesh,Amroha,Hasanpur APMC,Cauliflower,Local,FAQ,26/08/2026,1450,1520,1500
Rajasthan,Bharatpur,Bayana APMC,Onion,Onion,Local,26/08/2026,2400,2400,2400
Punjab,Gurdaspur,Dhariwal APMC,Onion,Onion,Grade A,26/08/2026,1950,1950,1950
Punjab,Gurdaspur,Dhariwal APMC,Potato,Potato,Grade A,26/08/2026,850,850,850
Punjab,Gurdaspur,Dhariwal APMC,Cauliflower,Cauliflower,Grade A,26/08/2026,4150,4150,4150
Punjab,Hoshiarpur,Garh Shankar APMC,Banana,Other,Medium,26/08/2026,3000,3000,3000
Punjab,Hoshiarpur,Garh Shankar APMC,Pear(Marasebu),Other,Medium,26/08/2026,6000,6000,6000
Punjab,Hoshiarpur,Garh Shankar APMC,Ginger(Dry),Vegitable-fresh,FAQ,26/08/2026,7200,7200,7200
Punjab,Hoshiarpur,Garh Shankar APMC,Onion,Onion,FAQ,26/08/2026,3500,3500,3500
Punjab,Hoshiarpur,Garh Shankar APMC,Potato,Other,FAQ,26/08/2026,1000,1000,1000
Punjab,Hoshiarpur,Tanda Urmur APMC,Ginger(Green),Other,Grade A,26/08/2026,11000,13000,12000
Punjab,Hoshiarpur,Tanda Urmur APMC,Cauliflower,Cauliflower,Grade A,26/08/2026,5000,6000,5500
Punjab,Hoshiarpur,Tanda Urmur APMC,Onion,Nasik,Grade A,26/08/2026,4500,5000,4800
Punjab,Hoshiarpur,Tanda Urmur APMC,Tomato,Tomato,Grade A,26/08/2026,2500,3000,2800
Punjab,Jalandhar,Adampur APMC,Ginger(Green),Green Ginger,FAQ,26/08/2026,7000,8000,8000
Punjab,Jalandhar,Adampur APMC,Peas Wet,Peas Wet,FAQ,26/08/2026,7000,8000,8000
Punjab,Jalandhar,Lohian Khas APMC,Bottle gourd,Other,Local,26/08/2026,1600,2000,1800
Punjab,Ludhiana,Doraha APMC,Brinjal,Other,Local,26/08/2026,1000,2000,1500
Punjab,Ludhiana,Doraha APMC,Capsicum,Capsicum,Local,26/08/2026,3000,5000,4000
Punjab,Ludhiana,Doraha APMC,Squash(Chappal Kadoo),Other,Local,26/08/2026,800,1500,1250
Punjab,Ludhiana,Doraha APMC,Spinach,Spinach,Local,26/08/2026,3000,3000,3000
Punjab,Ludhiana,Doraha APMC,Potato,Desi,Local,26/08/2026,600,800,700
Punjab,Ludhiana,Doraha APMC,Peas Wet,Other,Local,26/08/2026,7000,8000,7500
Haryana,Panchkula,Barwala APMC,Onion,Onion,FAQ,26/08/2026,2500,2800,2650
Punjab,Nawanshahr,Banga APMC,Ginger(Green),Green Ginger,FAQ,26/08/2026,6000,8000,6500
Punjab,Nawanshahr,Banga APMC,Banana,Other,Medium,26/08/2026,2000,2000,2000
Punjab,Nawanshahr,Banga APMC,Mousambi(Sweet Lime),Other,Medium,26/08/2026,4000,4000,4000
Odisha,Mayurbhanja,Betnoti APMC,Brinjal,Brinjal,FAQ,26/08/2026,4600,5000,4800
Odisha,Mayurbhanja,Betnoti APMC,Tomato,Tomato,FAQ,26/08/2026,3000,3400,3200
Odisha,Mayurbhanja,Betnoti APMC,Cucumbar(Kheera),Cucumbar,FAQ,26/08/2026,2300,2700,2500
Haryana,Jhajar,Bahadurgarh APMC,Potato,Other,FAQ,26/08/2026,700,1000,800
Haryana,Jhajar,Bahadurgarh APMC,Capsicum,Other,Medium,26/08/2026,3000,5000,4000
Haryana,Jhajar,Bahadurgarh APMC,Banana,Other,Medium,26/08/2026,1500,1600,1550
Tamil Nadu,Coimbatore,Sundarapuram(Uzhavar Sandhai ),Bottle gourd,Bottle Gourd,Local,26/08/2026,2500,3200,2850
Tamil Nadu,Coimbatore,Sundarapuram(Uzhavar Sandhai ),Pumpkin,Pumpkin,Local,26/08/2026,1600,2000,1800
Tamil Nadu,Coimbatore,Sundarapuram(Uzhavar Sandhai ),Beans,Beans (Whole),Local,26/08/2026,8000,8500,8250
Tamil Nadu,Coimbatore,Sundarapuram(Uzhavar Sandhai ),Coconut,Coconut,Local,26/08/2026,5600,6000,5800
Andhra Pradesh,Kakinada,Jaggampet APMC,Paddy(Common),Common,FAQ,26/08/2026,2369,2380,2369
Haryana,Rohtak,Meham,Onion,Medium,Medium,26/08/2026,4000,4000,4000
Haryana,Rohtak,Meham,Tomato,Tomato,Medium,26/08/2026,2500,2500,2500
Haryana,Rohtak,Meham,Tinda,Tinda,Medium,26/08/2026,2500,2500,2500
Odisha,Kalahandi,Kalahandi(Dharamagarh) APMC,Bhindi(Ladies Finger),Other,Grade B,26/08/2026,1700,2100,1900
Telangana,Jogulamba Gadwal,Alampur APMC,Paddy(Common),Common,Local,26/08/2026,1800,2300,2000
Andhra Pradesh,YSR Kadapa,Yerraguntla APMC,Onion,Local,FAQ,26/08/2026,2600,3000,2800
Uttar Pradesh,Siddharth Nagar,Bansi APMC,Wheat,Dara,FAQ,26/08/2026,2500,2500,2500
Uttar Pradesh,Banda,Atarra APMC,Wheat,Medium,FAQ,26/08/2026,2450,2450,2450
Himachal Pradesh,Solan,SMY Nalagarh,Bitter gourd,Bitter Gourd,Grade A,26/08/2026,1500,2000,1800
Himachal Pradesh,Solan,SMY Nalagarh,Lemon,Other,Grade A,26/08/2026,5000,6000,5500
Himachal Pradesh,Solan,SMY Nalagarh,Bhindi(Ladies Finger),Other,Grade A,26/08/2026,2500,3000,2800
Himachal Pradesh,Solan,SMY Nalagarh,Banana,Other,Grade A,26/08/2026,2400,3500,3000
Punjab,Bhatinda,Rampuraphul(Nabha Mandi) APMC,Guava,Other,Grade A,26/08/2026,2000,3000,2500
Punjab,Bhatinda,Rampuraphul(Nabha Mandi) APMC,Mango,Other,Grade A,26/08/2026,8000,12000,10000
Punjab,Bhatinda,Rampuraphul(Nabha Mandi) APMC,Carrot,Other,Grade A,26/08/2026,1500,2500,2000
Punjab,Hoshiarpur,Mukerian(Talwara) APMC,Bhindi(Ladies Finger),Bhindi,FAQ,26/08/2026,1500,2500,2000
Punjab,Hoshiarpur,Mukerian(Talwara) APMC,Capsicum,Capsicum,FAQ,26/08/2026,5000,7000,6000
Punjab,Hoshiarpur,Mukerian(Talwara) APMC,Apple,Apple,Medium,26/08/2026,4000,8000,6000
Punjab,Hoshiarpur,Mukerian(Talwara) APMC,Tomato,Tomato,FAQ,26/08/2026,3000,4000,3500
Himachal Pradesh,Kangra,SMY Baijnath,Apple,Apple,Grade B,26/08/2026,3500,10000,6000
Himachal Pradesh,Kangra,SMY Baijnath,Mousambi(Sweet Lime),Mousambi,Grade B,26/08/2026,5500,6000,6000
Himachal Pradesh,Kangra,SMY Baijnath,Tomato,Hybrid,Grade A,26/08/2026,2000,2500,2400
Himachal Pradesh,Kangra,SMY Jaisinghpur,Mashrooms,Mashrooms,FAQ,26/08/2026,20000,23000,21500
Himachal Pradesh,Kangra,SMY Jaisinghpur,Guava,Guava,Medium,26/08/2026,11000,12000,11500
Himachal Pradesh,Kangra,SMY Jaisinghpur,Raddish,Raddish,FAQ,26/08/2026,2800,3200,3000
Himachal Pradesh,Kangra,SMY Jaisinghpur,Carrot,Carrot,FAQ,26/08/2026,3500,3600,3550
Himachal Pradesh,Kangra,SMY Jaisinghpur,Spinach,Other,FAQ,26/08/2026,3800,4500,4200
Odisha,Angul,Angul(Atthamallick) APMC,Bhindi(Ladies Finger),Bhindi,Grade B,26/08/2026,3000,4500,4000
Tamil Nadu,Erode,Sathiyamagalam(Uzhavar Sandhai ),Tomato,Local,Local,26/08/2026,1500,2000,1750
Tamil Nadu,Erode,Sathiyamagalam(Uzhavar Sandhai ),Bitter gourd,Other,Local,26/08/2026,5500,6000,5750
Tamil Nadu,Erode,Sathiyamagalam(Uzhavar Sandhai ),Pumpkin,Pumpkin,Local,26/08/2026,2500,3000,2750
Tamil Nadu,Erode,Sathiyamagalam(Uzhavar Sandhai ),Green Chilli,Green Chilly,Local,26/08/2026,5000,5500,5250
Tamil Nadu,Erode,Sathiyamagalam(Uzhavar Sandhai ),Carrot,Pusakesar,Local,26/08/2026,7400,7800,7600
Tamil Nadu,Erode,Sathiyamagalam(Uzhavar Sandhai ),Guava,Guava Allahabad,Local,26/08/2026,5000,5400,5200
Tamil Nadu,Erode,Sathiyamagalam(Uzhavar Sandhai ),Elephant Yam(Suran)/Amorphophallus,Elephant Yam (Suran),Local,26/08/2026,3000,3600,3300
Tamil Nadu,Coimbatore,Mettupalayam(Uzhavar Sandhai ),Potato,Red Nanital,Local,26/08/2026,4000,6500,5250
Tamil Nadu,Coimbatore,Mettupalayam(Uzhavar Sandhai ),Bottle gourd,Bottle Gourd,Local,26/08/2026,2000,2500,2250
Tamil Nadu,Coimbatore,Mettupalayam(Uzhavar Sandhai ),Ashgourd,Gouard,Local,26/08/2026,2000,2500,2250
Tamil Nadu,Coimbatore,Mettupalayam(Uzhavar Sandhai ),Beans,Beans (Whole),Local,26/08/2026,6000,6500,6250
Tamil Nadu,Coimbatore,Mettupalayam(Uzhavar Sandhai ),Tapioca,Tapioca,Local,26/08/2026,3000,3500,3250
Tamil Nadu,Coimbatore,Mettupalayam(Uzhavar Sandhai ),Sweet Potato,Hosur Red,Local,26/08/2026,3500,4000,3750
Tamil Nadu,Coimbatore,Mettupalayam(Uzhavar Sandhai ),Carrot,Pusakesar,Local,26/08/2026,6500,7000,6750
Tamil Nadu,Coimbatore,Mettupalayam(Uzhavar Sandhai ),Cabbage,Cabbage,Local,26/08/2026,3000,3500,3250
Tamil Nadu,Coimbatore,Mettupalayam(Uzhavar Sandhai ),Raddish,Raddish,Local,26/08/2026,3000,3500,3250
Tamil Nadu,Coimbatore,Mettupalayam(Uzhavar Sandhai ),Jack Fruit(Ripe),Jack Fruit,Local,26/08/2026,3500,4000,3750
Tamil Nadu,Coimbatore,Mettupalayam(Uzhavar Sandhai ),Mint(Pudina),Mint(Pudina),Local,26/08/2026,5000,6000,5500
Telangana,Hyderabad,RYTHU BAZAR MEHDIPATNAM,Carrot,Carrot,Grade A,26/08/2026,3700,3700,3700
Telangana,Hyderabad,RYTHU BAZAR MEHDIPATNAM,Cucumbar(Kheera),Cucumbar,Grade A,26/08/2026,1800,1800,1800
Telangana,Hyderabad,RYTHU BAZAR MEHDIPATNAM,Cauliflower,Cauliflower,Grade A,26/08/2026,2300,2300,2300
Telangana,Hyderabad,RYTHU BAZAR MEHDIPATNAM,Field Pea,Field Pea,Grade A,26/08/2026,3500,3500,3500
Telangana,Hyderabad,RYTHU BAZAR MEHDIPATNAM,Bottle gourd,Bottle Gourd,Grade A,26/08/2026,900,900,900
Telangana,Hyderabad,RYTHU BAZAR MEHDIPATNAM,Potato,Potato,Grade A,26/08/2026,1600,1600,1600
Telangana,Hyderabad,RYTHU BAZAR MEHDIPATNAM,Ridgeguard(Tori),Other,Grade A,26/08/2026,3500,3500,3500
Telangana,Hyderabad,RYTHU BAZAR MEHDIPATNAM,Tomato,Deshi,Grade A,26/08/2026,1900,1900,1900
Uttar Pradesh,Sant Kabir Nagar,Khalilabad APMC,Tomato,Other,FAQ,26/08/2026,1500,1500,1500
Uttar Pradesh,Auraiya,Dibiapur APMC,Wheat,Dara,FAQ,26/08/2026,2500,2500,2500
Haryana,Panipat,Samalkha APMC,Spinach,Spinach,FAQ,26/08/2026,1000,1000,1000
Haryana,Panipat,Samalkha APMC,Ridgeguard(Tori),Other,FAQ,26/08/2026,1000,1000,1000
Haryana,Panipat,Samalkha APMC,Garlic,Garlic,FAQ,26/08/2026,9000,9000,9000
Haryana,Panipat,Samalkha APMC,Bitter gourd,Bitter Gourd,FAQ,26/08/2026,2000,2000,2000
Haryana,Panipat,Samalkha APMC,Pea Pod/Pea Cod/à¤¹à¤°à¥€ à¤®à¤Ÿà¤°,Other,FAQ,26/08/2026,10000,10000,10000
Odisha,Angul,Pallahara APMC,Tomato,Other,FAQ,26/08/2026,4500,5000,4700
Tamil Nadu,Namakkal,Tiruchengode APMC,Sweet Corn ,Sweet Corn ,Local,26/08/2026,4500,5000,4750
Tamil Nadu,Namakkal,Tiruchengode APMC,Cauliflower,Ranchi,Local,26/08/2026,2600,3000,2800
Tamil Nadu,Namakkal,Tiruchengode APMC,Beans,Beans (Whole),Local,26/08/2026,6200,7000,6600
Tamil Nadu,Namakkal,Tiruchengode APMC,Ginger(Green),Green Ginger,Local,26/08/2026,17000,19000,18000
Tamil Nadu,Namakkal,Tiruchengode APMC,Sweet Potato,Hosur Red,Local,26/08/2026,5400,6000,5700
Tamil Nadu,Namakkal,Tiruchengode APMC,Carrot,Pusakesar,Local,26/08/2026,7000,8000,7500
Tamil Nadu,Namakkal,Tiruchengode APMC,Cucumbar(Kheera),Cucumbar,Local,26/08/2026,8000,9000,8500
Tamil Nadu,Ariyalur,Jeyankondam (Uzhavar Sandhai ),Brinjal,Round,Local,26/08/2026,4500,5000,4750
Tamil Nadu,Ariyalur,Jeyankondam (Uzhavar Sandhai ),Snakeguard,Snakeguard,Local,26/08/2026,3400,3800,3600
Uttar Pradesh,Rampur,Bilaspur APMC,Firewood,Firewood,FAQ,26/08/2026,360,360,360
Uttar Pradesh,Siddharth Nagar,Naugarh APMC,Maize,Other,FAQ,26/08/2026,1900,1900,1900
Uttar Pradesh,Siddharth Nagar,Naugarh APMC,Mousambi(Sweet Lime),Mousambi,Grade A,26/08/2026,3580,3620,3590
Uttar Pradesh,Siddharth Nagar,Naugarh APMC,Bhindi(Ladies Finger),Bhindi,Grade A,26/08/2026,1790,1820,1795
Telangana,Hyderabad,RYTHU BAZAR ERRAGADDA,Green Chilli,Green Chilly,Grade A,26/08/2026,3700,3700,3700
Telangana,Hyderabad,RYTHU BAZAR ERRAGADDA,Bitter gourd,Bitter Gourd,Grade A,26/08/2026,2600,2600,2600
Telangana,Hyderabad,RYTHU BAZAR ERRAGADDA,Ladies Finger,Ladies Finger,Grade A,26/08/2026,3500,3500,3500
Telangana,Hyderabad,RYTHU BAZAR ERRAGADDA,Tinda,Tinda,Grade A,26/08/2026,23,23,23
Telangana,Hyderabad,RYTHU BAZAR ERRAGADDA,Wild Cucumber,Wild Cucumber,Grade A,26/08/2026,15,15,15
Telangana,Hyderabad,RYTHU BAZAR ERRAGADDA,Cluster beans,Cluster Beans,Grade A,26/08/2026,2300,2300,2300
Tamil Nadu,Coimbatore,RSPuram(Uzhavar Sandhai ),Sweet Corn ,Sweet Corn ,Local,26/08/2026,3500,4000,3750
Tamil Nadu,Coimbatore,RSPuram(Uzhavar Sandhai ),Onion,Bellary,Local,26/08/2026,4800,5200,5000
Tamil Nadu,Coimbatore,RSPuram(Uzhavar Sandhai ),Garlic,Garlic,Local,26/08/2026,21500,23000,22250
Tamil Nadu,Coimbatore,RSPuram(Uzhavar Sandhai ),Cauliflower,Ranchi,Local,26/08/2026,4400,4800,4600
Tamil Nadu,Coimbatore,RSPuram(Uzhavar Sandhai ),Mousambi(Sweet Lime),Mousambi,Local,26/08/2026,4000,5000,4500
Tamil Nadu,Coimbatore,RSPuram(Uzhavar Sandhai ),Cluster beans,Cluster Beans,Local,26/08/2026,3800,4200,4000
Tamil Nadu,Coimbatore,RSPuram(Uzhavar Sandhai ),Pumpkin,Pumpkin,Local,26/08/2026,1600,1800,1700
Tamil Nadu,Coimbatore,RSPuram(Uzhavar Sandhai ),Bhindi(Ladies Finger),Bhindi,Local,26/08/2026,4000,4400,4200
Tamil Nadu,Coimbatore,RSPuram(Uzhavar Sandhai ),Beans,Beans (Whole),Local,26/08/2026,8000,8500,8250
Tamil Nadu,Coimbatore,RSPuram(Uzhavar Sandhai ),Ginger(Green),Green Ginger,Local,26/08/2026,15000,16000,15500
Tamil Nadu,Coimbatore,RSPuram(Uzhavar Sandhai ),Coconut,Coconut,Local,26/08/2026,5400,5800,5600
Tamil Nadu,Coimbatore,RSPuram(Uzhavar Sandhai ),Sweet Potato,Hosur Red,Local,26/08/2026,4500,5000,4750
Tamil Nadu,Coimbatore,RSPuram(Uzhavar Sandhai ),Ridgeguard(Tori),Ridgeguard(Tori),Local,26/08/2026,3600,4000,3800
Tamil Nadu,Coimbatore,RSPuram(Uzhavar Sandhai ),Thondekai,Thondekai,Local,26/08/2026,3400,3800,3600
Tamil Nadu,Coimbatore,RSPuram(Uzhavar Sandhai ),Green Avare(W),Other,Local,26/08/2026,4000,4400,4200
Tamil Nadu,Coimbatore,RSPuram(Uzhavar Sandhai ),Chow Chow,Chow Chow,Local,26/08/2026,3000,3400,3200
Tamil Nadu,Coimbatore,RSPuram(Uzhavar Sandhai ),Mashrooms,Mashrooms,Local,26/08/2026,20000,25000,22500
Tamil Nadu,Coimbatore,RSPuram(Uzhavar Sandhai ),Onion Green,Onion Green,Local,26/08/2026,7000,7500,7250
Tamil Nadu,Coimbatore,Singanallur(Uzhavar Sandhai ),Potato,Other,Local,26/08/2026,6500,7200,6850
Tamil Nadu,Coimbatore,Singanallur(Uzhavar Sandhai ),Garlic,Garlic,Local,26/08/2026,14000,18000,16000
Tamil Nadu,Coimbatore,Singanallur(Uzhavar Sandhai ),Green Peas,Green Peas,Local,26/08/2026,22000,24000,23000
Tamil Nadu,Coimbatore,Singanallur(Uzhavar Sandhai ),Papaya,Papaya,Local,26/08/2026,4500,4800,4650
Tamil Nadu,Coimbatore,Singanallur(Uzhavar Sandhai ),Bitter gourd,Other,Local,26/08/2026,5000,5500,5250
Tamil Nadu,Coimbatore,Singanallur(Uzhavar Sandhai ),Ashgourd,Gouard,Local,26/08/2026,1500,2000,1750
Tamil Nadu,Coimbatore,Singanallur(Uzhavar Sandhai ),Bhindi(Ladies Finger),Bhindi,Local,26/08/2026,4400,4800,4600
Tamil Nadu,Coimbatore,Singanallur(Uzhavar Sandhai ),Ginger(Green),Green Ginger,Local,26/08/2026,15000,17000,16000
Tamil Nadu,Coimbatore,Singanallur(Uzhavar Sandhai ),Sweet Potato,Hosur Red,Local,26/08/2026,4500,5000,4750
Tamil Nadu,Coimbatore,Singanallur(Uzhavar Sandhai ),Snakeguard,Snakeguard,Local,26/08/2026,3500,4000,3750
Tamil Nadu,Coimbatore,Singanallur(Uzhavar Sandhai ),Cucumbar(Kheera),Cucumbar,Local,26/08/2026,4000,4500,4250
Tamil Nadu,Coimbatore,Singanallur(Uzhavar Sandhai ),Ridgeguard(Tori),Ridgeguard(Tori),Local,26/08/2026,3500,4000,3750
Tamil Nadu,Coimbatore,Singanallur(Uzhavar Sandhai ),Thondekai,Thondekai,Local,26/08/2026,3000,3500,3250
Tamil Nadu,Coimbatore,Singanallur(Uzhavar Sandhai ),Capsicum,Capsicum,Local,26/08/2026,5500,6000,5750
Tamil Nadu,Coimbatore,Singanallur(Uzhavar Sandhai ),Lime,Lime,Local,26/08/2026,13000,15000,14000
Tamil Nadu,Coimbatore,Singanallur(Uzhavar Sandhai ),Guava,Guava Allahabad,Local,26/08/2026,5500,6000,5750
Gujarat,Banaskanth,Dhanera APMC,Castor Seed,Caster,Local,26/08/2026,7130,7245,7200
Gujarat,Banaskanth,Dhanera APMC,Guar Seed(Cluster Beans Seed),Other,Local,26/08/2026,3555,3555,3555
Odisha,Mayurbhanja,Narasinghpur APMC,Pumpkin,Pumpkin,Local,26/08/2026,3000,4000,3500
Odisha,Mayurbhanja,Narasinghpur APMC,Bitter gourd,Bitter Gourd,Local,26/08/2026,4000,6000,5000
Gujarat,Rajkot,Rajkot(Veg.Sub Yard) APMC,Coriander(Leaves),Coriander,FAQ,26/08/2026,590,1075,830
Gujarat,Rajkot,Rajkot(Veg.Sub Yard) APMC,Green Chilli,Green Chilly,FAQ,26/08/2026,2135,3065,2600
Tamil Nadu,Coimbatore,Pollachi(Uzhavar Sandhai ),Garlic,Garlic,Local,26/08/2026,18000,22000,20000
Tamil Nadu,Coimbatore,Pollachi(Uzhavar Sandhai ),Cauliflower,Ranchi,Local,26/08/2026,4500,5000,4750
Tamil Nadu,Coimbatore,Pollachi(Uzhavar Sandhai ),Brinjal,Other,Local,26/08/2026,4000,4500,4250
Tamil Nadu,Coimbatore,Pollachi(Uzhavar Sandhai ),Ashgourd,Gouard,Local,26/08/2026,1800,2200,2000
Tamil Nadu,Coimbatore,Pollachi(Uzhavar Sandhai ),Green Chilli,Green Chilly,Local,26/08/2026,5000,5500,5250
Tamil Nadu,Coimbatore,Pollachi(Uzhavar Sandhai ),Banana - Green,Banana - Green,Local,26/08/2026,4000,4500,4250
Tamil Nadu,Coimbatore,Pollachi(Uzhavar Sandhai ),Beans,Beans (Whole),Local,26/08/2026,8000,9000,8500
Tamil Nadu,Coimbatore,Pollachi(Uzhavar Sandhai ),Ridgeguard(Tori),Ridgeguard(Tori),Local,26/08/2026,4500,5000,4750
Tamil Nadu,Coimbatore,Pollachi(Uzhavar Sandhai ),Elephant Yam(Suran)/Amorphophallus,Elephant Yam (Suran),Local,26/08/2026,3500,4000,3750
Tamil Nadu,Coimbatore,Pollachi(Uzhavar Sandhai ),Lemon,Lemon,Local,26/08/2026,12000,14000,13000
Tamil Nadu,Coimbatore,Pollachi(Uzhavar Sandhai ),Onion Green,Onion Green,Local,26/08/2026,7000,7500,7250
Tamil Nadu,Coimbatore,Pollachi(Uzhavar Sandhai ),Mint(Pudina),Mint(Pudina),Local,26/08/2026,5000,6000,5500
Madhya Pradesh,Betul,Betul(F&V) APMC,Cauliflower,Cauliflower,FAQ,26/08/2026,1200,2000,1500
Madhya Pradesh,Betul,Betul(F&V) APMC,Onion,Onion,FAQ,26/08/2026,2400,3200,3000
Uttar Pradesh,Hamirpur,Raath APMC,Gram Raw(Chholia),Other,FAQ,26/08/2026,5500,5700,5627.1
Uttar Pradesh,Agra,Khairagarh APMC,Wheat,Dara,FAQ,26/08/2026,2550,2550,2550
Odisha,Rayagada,Rayagada(Muniguda) APMC,Pumpkin,Pumpkin,Small,26/08/2026,1900,2250,2050
Odisha,Rayagada,Rayagada(Muniguda) APMC,Cucumbar(Kheera),Cucumbar,Local,26/08/2026,4100,5100,4900
Telangana,Ranga Reddy,Ibrahimpatnam APMC,Green Chilli,Green Chilly,Local,26/08/2026,5500,5500,5500
Chandigarh,Chandigarh,Chandigarh (Grain/F&V) APMC,Bhindi(Ladies Finger),Bhindi,FAQ,26/08/2026,800,1600,1400
Chandigarh,Chandigarh,Chandigarh (Grain/F&V) APMC,Cauliflower,Cauliflower,FAQ,26/08/2026,2000,3000,2800
Chandigarh,Chandigarh,Chandigarh (Grain/F&V) APMC,Green Chilli,Green Chilly,FAQ,26/08/2026,1500,3000,2700
Chandigarh,Chandigarh,Chandigarh (Grain/F&V) APMC,Onion,Onion,FAQ,26/08/2026,2000,4800,4500
Chandigarh,Chandigarh,Chandigarh (Grain/F&V) APMC,Pumpkin,Pumpkin,FAQ,26/08/2026,800,1000,1000
Chandigarh,Chandigarh,Chandigarh (Grain/F&V) APMC,Tomato,Tomato,FAQ,26/08/2026,400,1600,1600
Telangana,Ranga Reddy,"Vanasthalipuram,RBZ ",Little gourd(Kundru),Little gourd (Kundru),Grade A,26/08/2026,2300,2300,2300
Telangana,Ranga Reddy,"Vanasthalipuram,RBZ ",Drumstick,Drumstick,Grade A,26/08/2026,4000,4000,4000
Telangana,Ranga Reddy,"Vanasthalipuram,RBZ ",Bitter gourd,Bitter Gourd,Grade A,26/08/2026,2600,2600,2600
Telangana,Ranga Reddy,"Vanasthalipuram,RBZ ",Leafy Vegetable,Leafy Vegetables,Grade A,26/08/2026,5000,5000,5000
Telangana,Ranga Reddy,"Vanasthalipuram,RBZ ",Cabbage,Cabbage,Grade A,26/08/2026,1500,1500,1500
Tamil Nadu,Karur,Karur(Uzhavar Sandhai ),Cluster beans,Cluster Beans,Local,26/08/2026,3500,4000,3750
Tamil Nadu,Karur,Karur(Uzhavar Sandhai ),Bottle gourd,Bottle Gourd,Local,26/08/2026,2500,3000,2750
Tamil Nadu,Karur,Karur(Uzhavar Sandhai ),Amaranthus,Amaranthus,Local,26/08/2026,2000,2500,2250
Tamil Nadu,Karur,Karur(Uzhavar Sandhai ),Beans,Beans (Whole),Local,26/08/2026,8500,9000,8750
Tamil Nadu,Karur,Karur(Uzhavar Sandhai ),Mango(Raw-Ripe),Mango - Raw-Ripe,Local,26/08/2026,7500,8000,7750
Tamil Nadu,Karur,Karur(Uzhavar Sandhai ),Amla(Nelli Kai),Amla,Local,26/08/2026,8000,8500,8250
Tamil Nadu,Karur,Karur(Uzhavar Sandhai ),Onion Green,Onion Green,Local,26/08/2026,7500,8000,7750
Tamil Nadu,Coimbatore,Kurichi(Uzhavar Sandhai ),Banana,Red Banana,Local,26/08/2026,7500,8000,7750
Tamil Nadu,Coimbatore,Kurichi(Uzhavar Sandhai ),Pumpkin,Pumpkin,Local,26/08/2026,1800,2000,1900
Tamil Nadu,Coimbatore,Kurichi(Uzhavar Sandhai ),Amaranthus,Amaranthus,Local,26/08/2026,5000,6500,5750
Tamil Nadu,Coimbatore,Kurichi(Uzhavar Sandhai ),Guava,Guava Allahabad,Local,26/08/2026,5500,6000,5750
Assam,Kamrup,Pamohi(Garchuk) APMC,Beans,Beans (Whole),FAQ,26/08/2026,9000,10000,9500
Assam,Kamrup,Pamohi(Garchuk) APMC,Beetroot,Beetroot,FAQ,26/08/2026,5000,6000,5500
Assam,Kamrup,Pamohi(Garchuk) APMC,Brinjal,Round/Long,FAQ,26/08/2026,2000,2500,2200
Assam,Kamrup,Pamohi(Garchuk) APMC,Cucumbar(Kheera),Cucumber-Organic,FAQ,26/08/2026,3200,3700,3400
Assam,Kamrup,Pamohi(Garchuk) APMC,Onion,Onion,FAQ,26/08/2026,5400,6000,5500
Assam,Kamrup,Pamohi(Garchuk) APMC,Raddish,Raddish,FAQ,26/08/2026,1600,2000,1800
Assam,Kamrup,Pamohi(Garchuk) APMC,Ashgourd,Ashgourd,FAQ,26/08/2026,1500,2000,1700
Tamil Nadu,Cuddalore,Cuddalore(Uzhavar Sandhai ),Groundnut,Big (With Shell),Local,26/08/2026,8000,8000,8000
Tamil Nadu,Cuddalore,Cuddalore(Uzhavar Sandhai ),Onion,Bellary,Local,26/08/2026,5000,5000,5000
Tamil Nadu,Cuddalore,Cuddalore(Uzhavar Sandhai ),Bitter gourd,Bitter Gourd,Local,26/08/2026,7000,7000,7000
Tamil Nadu,Cuddalore,Cuddalore(Uzhavar Sandhai ),Amaranthus,Amaranthus,Local,26/08/2026,2000,2000,2000
Tamil Nadu,Cuddalore,Cuddalore(Uzhavar Sandhai ),Carrot,Pusakesar,Local,26/08/2026,6500,6500,6500
Tamil Nadu,Cuddalore,Cuddalore(Uzhavar Sandhai ),Snakeguard,Snakeguard,Local,26/08/2026,3000,3000,3000
Tamil Nadu,Cuddalore,Cuddalore(Uzhavar Sandhai ),Ridgeguard(Tori),Ridgeguard(Tori),Local,26/08/2026,6000,6000,6000
Tamil Nadu,Cuddalore,Cuddalore(Uzhavar Sandhai ),Capsicum,Capsicum,Local,26/08/2026,6000,6000,6000
Tamil Nadu,Cuddalore,Cuddalore(Uzhavar Sandhai ),Drumstick,Drumstick,Local,26/08/2026,4000,4000,4000
Tamil Nadu,Cuddalore,Cuddalore(Uzhavar Sandhai ),Colacasia,Colacasia,Local,26/08/2026,6000,6000,6000
Tamil Nadu,Cuddalore,Cuddalore(Uzhavar Sandhai ),Amla(Nelli Kai),Amla,Local,26/08/2026,10000,10000,10000
Tamil Nadu,Chengalpattu,Thirukalukundram(Uzhavar Sandhai ),Cluster beans,Cluster Beans,Local,26/08/2026,5000,6000,5500
Tamil Nadu,Chengalpattu,Thirukalukundram(Uzhavar Sandhai ),Snakeguard,Snakeguard,Local,26/08/2026,4000,4500,4250
Rajasthan,Jaipur,Bassi APMC,Mustard,Other,Local,26/08/2026,7662,8050,7856
Rajasthan,Jaipur,Bassi APMC,Tomato,Other,Local,26/08/2026,4200,4600,4400
Rajasthan,Jaipur,Bassi APMC,Potato,Other,Local,26/08/2026,1800,2200,2000
Tamil Nadu,Tuticorin,Tuticorin(Uzhavar Sandhai ),Banana,Besrai,Local,26/08/2026,2500,3000,2750
Tamil Nadu,Tuticorin,Tuticorin(Uzhavar Sandhai ),Mango,Safeda,Local,26/08/2026,4500,5000,4750
Tamil Nadu,Tuticorin,Tuticorin(Uzhavar Sandhai ),Grapes,Annabesahai,Local,26/08/2026,9000,10000,9500
Tamil Nadu,Tuticorin,Tuticorin(Uzhavar Sandhai ),Potato,Other,Local,26/08/2026,2500,3000,2750
Tamil Nadu,Tuticorin,Tuticorin(Uzhavar Sandhai ),Brinjal,Round,Local,26/08/2026,3000,3500,3250
Tamil Nadu,Tuticorin,Tuticorin(Uzhavar Sandhai ),Ashgourd,Gouard,Local,26/08/2026,1500,2000,1750
Tamil Nadu,Tuticorin,Tuticorin(Uzhavar Sandhai ),Banana - Green,Banana - Green,Local,26/08/2026,2500,3000,2750
Tamil Nadu,Tuticorin,Tuticorin(Uzhavar Sandhai ),Beans,Beans (Whole),Local,26/08/2026,11000,12000,11500
Tamil Nadu,Tuticorin,Tuticorin(Uzhavar Sandhai ),Tapioca,Tapioca,Local,26/08/2026,3000,3500,3250
Tamil Nadu,Tuticorin,Tuticorin(Uzhavar Sandhai ),Ginger(Green),Green Ginger,Local,26/08/2026,19000,20000,19500
Tamil Nadu,Tuticorin,Tuticorin(Uzhavar Sandhai ),Mango(Raw-Ripe),Mango - Raw-Ripe,Local,26/08/2026,7000,8000,7500
Tamil Nadu,Tuticorin,Tuticorin(Uzhavar Sandhai ),Mint(Pudina),Mint(Pudina),Local,26/08/2026,4500,5000,4750
Bihar,Khagaria,Khagaria APMC,Sponge gourd,Sponge gourd,Grade A,26/08/2026,799.99992,999.9999,866.66658
Bihar,Khagaria,Khagaria APMC,Bhindi(Ladies Finger),Bhindi,Grade A,26/08/2026,299.99997,466.66662,399.99996
Bihar,Khagaria,Khagaria APMC,Bitter gourd,Bitter Gourd,Grade A,26/08/2026,1599.99984,1833.33315,1733.33316
Tamil Nadu,Nagercoil (Kannyiakumari),Vadaseri APMC,Mango,Safeda,Local,26/08/2026,6500,7000,6750
Tamil Nadu,Nagercoil (Kannyiakumari),Vadaseri APMC,Pineapple,Pine Apple,Local,26/08/2026,4500,5000,4750
Tamil Nadu,Nagercoil (Kannyiakumari),Vadaseri APMC,Coriander(Leaves),I Sort,Local,26/08/2026,4500,5000,4750
Tamil Nadu,Nagercoil (Kannyiakumari),Vadaseri APMC,Papaya,Papaya,Local,26/08/2026,3500,4000,3750
Tamil Nadu,Nagercoil (Kannyiakumari),Vadaseri APMC,Bitter gourd,Bitter Gourd,Local,26/08/2026,6500,7000,6750
Tamil Nadu,Nagercoil (Kannyiakumari),Vadaseri APMC,Bhindi(Ladies Finger),Bhindi,Local,26/08/2026,4000,4500,4250
Tamil Nadu,Nagercoil (Kannyiakumari),Vadaseri APMC,Green Chilli,Green Chilly,Local,26/08/2026,6500,7000,6750
Tamil Nadu,Nagercoil (Kannyiakumari),Vadaseri APMC,Beans,Beans (Whole),Local,26/08/2026,11000,13000,12000
Tamil Nadu,Nagercoil (Kannyiakumari),Vadaseri APMC,Ginger(Green),Green Ginger,Local,26/08/2026,18000,20000,19000
Tamil Nadu,Nagercoil (Kannyiakumari),Vadaseri APMC,Cucumbar(Kheera),Cucumbar,Local,26/08/2026,2200,2500,2350
Tamil Nadu,Nagercoil (Kannyiakumari),Vadaseri APMC,Raddish,Raddish,Local,26/08/2026,4000,4500,4250
Tamil Nadu,Nagercoil (Kannyiakumari),Vadaseri APMC,Elephant Yam(Suran)/Amorphophallus,Elephant Yam (Suran),Local,26/08/2026,5000,5500,5250
Tamil Nadu,Nagercoil (Kannyiakumari),Vadaseri APMC,Lemon,Lemon,Local,26/08/2026,14000,16000,15000
Tamil Nadu,Pudukkottai,Karambakkudi(Uzhavar Sandhai ),Onion,Bellary,Local,26/08/2026,4500,5000,4750
Tamil Nadu,Pudukkottai,Karambakkudi(Uzhavar Sandhai ),Brinjal,Round,Local,26/08/2026,5000,6000,5500
Tamil Nadu,Pudukkottai,Karambakkudi(Uzhavar Sandhai ),Snakeguard,Snakeguard,Local,26/08/2026,4500,5000,4750
Tamil Nadu,Pudukkottai,Karambakkudi(Uzhavar Sandhai ),Green Avare(W),Green Avare (W),Local,26/08/2026,5000,6000,5500
Meghalaya,East Khasi Hills,Shillong APMC,Betal Leaves,Local,FAQ,26/08/2026,10000,20000,15000
Meghalaya,East Khasi Hills,Shillong APMC,Cucumbar(Kheera),Malini,FAQ,26/08/2026,2600,2800,2700
Meghalaya,East Khasi Hills,Shillong APMC,Rice,Khaw Khasi,FAQ,26/08/2026,5600,5800,5700
Meghalaya,East Khasi Hills,Shillong APMC,Potato,Local,FAQ,26/08/2026,1500,1700,1600
Meghalaya,East Khasi Hills,Shillong APMC,Turnip,Other,FAQ,26/08/2026,3500,4000,3800
Maharashtra,Ahilyanagar,Rahata APMC,Lime,Other,Local,26/08/2026,5000,6000,5500
Maharashtra,Ahilyanagar,Rahata APMC,Chilly Capsicum,Other,Local,26/08/2026,1000,3000,2000
Maharashtra,Ahilyanagar,Rahata APMC,Spinach,Other,Local,26/08/2026,8,10,9
Maharashtra,Ahilyanagar,Rahata APMC,Tomato,Other,Local,26/08/2026,300,1700,1000
Maharashtra,Ahilyanagar,Rahata APMC,Brinjal,Other,Local,26/08/2026,1000,2100,1550
Madhya Pradesh,Morena,Kailaras APMC,Spinach,Spinach,FAQ,26/08/2026,800,1200,1200
Madhya Pradesh,Morena,Kailaras APMC,Tinda,Tinda,FAQ,26/08/2026,1300,1300,1300
Madhya Pradesh,Morena,Kailaras APMC,Tomato,Other,FAQ,26/08/2026,2400,2400,2400
Madhya Pradesh,Morena,Kailaras APMC,Colacasia,Arabi,FAQ,26/08/2026,2500,2500,2500
Madhya Pradesh,Indore,Gautampura APMC,Wheat,Wheat,FAQ,26/08/2026,2511,2511,2511
Tamil Nadu,Vellore,Thirupathur APMC,Mango,Safeda,Local,26/08/2026,8000,8000,8000
Tamil Nadu,Vellore,Thirupathur APMC,Onion,Bellary,Local,26/08/2026,5000,5000,5000
Tamil Nadu,Vellore,Thirupathur APMC,Green Peas,Green Peas,Local,26/08/2026,10000,10000,10000
Tamil Nadu,Vellore,Thirupathur APMC,Cluster beans,Cluster Beans,Local,26/08/2026,4000,4000,4000
Tamil Nadu,Vellore,Thirupathur APMC,Bhindi(Ladies Finger),Bhindi,Local,26/08/2026,3000,3000,3000
Tamil Nadu,Vellore,Thirupathur APMC,Amaranthus,Amaranthus,Local,26/08/2026,2000,2000,2000
Tamil Nadu,Vellore,Thirupathur APMC,Snakeguard,Snakeguard,Local,26/08/2026,3600,3600,3600
Tamil Nadu,Vellore,Thirupathur APMC,Ridgeguard(Tori),Ridgeguard(Tori),Local,26/08/2026,4000,4000,4000
Tamil Nadu,Vellore,Thirupathur APMC,Drumstick,Drumstick,Local,26/08/2026,4000,4000,4000
Tamil Nadu,Vellore,Thirupathur APMC,Mango(Raw-Ripe),Mango - Raw-Ripe,Local,26/08/2026,8000,8000,8000
Tamil Nadu,Vellore,Thirupathur APMC,Tender Coconut,Tender Coconut,Local,26/08/2026,3000,3000,3000
Tamil Nadu,Vellore,Vellore APMC,Sweet Corn ,Sweet Corn ,Local,26/08/2026,2500,3000,2750
Tamil Nadu,Vellore,Vellore APMC,Apple,American,Local,26/08/2026,26000,28000,27000
Tamil Nadu,Vellore,Vellore APMC,Banana,Red Banana,Local,26/08/2026,8000,8000,8000
Tamil Nadu,Vellore,Vellore APMC,Onion,Bellary,Local,26/08/2026,5000,5600,5300
Tamil Nadu,Vellore,Vellore APMC,Potato,Red Nanital,Local,26/08/2026,2200,3400,2800
Tamil Nadu,Vellore,Vellore APMC,Cauliflower,Ranchi,Local,26/08/2026,2500,3000,2750
Tamil Nadu,Vellore,Vellore APMC,Coriander(Leaves),I Sort,Local,26/08/2026,3000,3000,3000
Tamil Nadu,Vellore,Vellore APMC,Papaya,Papaya,Local,26/08/2026,4000,4500,4250
Tamil Nadu,Vellore,Vellore APMC,Bhindi(Ladies Finger),Bhindi,Local,26/08/2026,3500,4000,3750
Tamil Nadu,Vellore,Vellore APMC,Raddish,Raddish,Local,26/08/2026,1500,2000,1750
Tamil Nadu,Vellore,Vellore APMC,Marigold(Calcutta),Marigold(Calcutta),Local,26/08/2026,15000,17000,16000
Tamil Nadu,Vellore,Vellore APMC,Yam(Ratalu),Yam (Ratalu),Local,26/08/2026,4000,5500,4750
Chattisgarh,Surajpur,Surajpur APMC,Mahua,Mahua,Non-FAQ,26/08/2026,3000,3000,3000
Madhya Pradesh,Rajgarh,Biaora APMC,Wheat,Wheat,FAQ,26/08/2026,2525,2525,2525
Tamil Nadu,Dharmapuri,Harur(Uzhavar Sandhai ),Cauliflower,Ranchi,Local,26/08/2026,3500,4000,3750
Tamil Nadu,Dharmapuri,Harur(Uzhavar Sandhai ),Coriander(Leaves),I Sort,Local,26/08/2026,3500,4000,3750
Tamil Nadu,Dharmapuri,Harur(Uzhavar Sandhai ),Tomato,Deshi,Local,26/08/2026,1500,2000,1750
Tamil Nadu,Dharmapuri,Harur(Uzhavar Sandhai ),Raddish,Raddish,Local,26/08/2026,2000,2500,2250
Tamil Nadu,Dharmapuri,Harur(Uzhavar Sandhai ),Knool Khol,Knool Khol,Local,26/08/2026,5000,6000,5500
Tamil Nadu,Dharmapuri,Harur(Uzhavar Sandhai ),Onion Green,Onion Green,Local,26/08/2026,5000,6000,5500
Tamil Nadu,Krishnagiri,Kaveripattinam(Uzhavar Sandhai ),Amaranthus,Amaranthus,Local,26/08/2026,2000,2500,2250
Tamil Nadu,Krishnagiri,Kaveripattinam(Uzhavar Sandhai ),Green Chilli,Green Chilly,Local,26/08/2026,5000,5000,5000
Tamil Nadu,Krishnagiri,Kaveripattinam(Uzhavar Sandhai ),Coconut,Coconut,Local,26/08/2026,5000,6000,5500
Tamil Nadu,Krishnagiri,Kaveripattinam(Uzhavar Sandhai ),Lemon,Lemon,Local,26/08/2026,8000,8000,8000
Tamil Nadu,Krishnagiri,Kaveripattinam(Uzhavar Sandhai ),Onion Green,Onion Green,Local,26/08/2026,7000,8000,7500
Tamil Nadu,Krishnagiri,Kaveripattinam(Uzhavar Sandhai ),Mint(Pudina),Mint(Pudina),Local,26/08/2026,5000,5000,5000
Tamil Nadu,The Nilgiris,Coonoor(Uzhavar Sandhai ),Potato,Other,Local,26/08/2026,5500,6000,5750
Tamil Nadu,The Nilgiris,Coonoor(Uzhavar Sandhai ),Cauliflower,Ranchi,Local,26/08/2026,4500,5000,4750
Tamil Nadu,The Nilgiris,Coonoor(Uzhavar Sandhai ),Brinjal,Other,Local,26/08/2026,3500,4000,3750
Tamil Nadu,The Nilgiris,Coonoor(Uzhavar Sandhai ),Cluster beans,Cluster Beans,Local,26/08/2026,4500,5000,4750
Tamil Nadu,The Nilgiris,Coonoor(Uzhavar Sandhai ),Cowpea(Veg),Cowpea (Veg),Local,26/08/2026,4500,5000,4750
Tamil Nadu,The Nilgiris,Coonoor(Uzhavar Sandhai ),Carrot,Pusakesar,Local,26/08/2026,5500,6000,5750
Tamil Nadu,The Nilgiris,Coonoor(Uzhavar Sandhai ),Capsicum,Capsicum,Local,26/08/2026,7000,8000,7500
Tamil Nadu,The Nilgiris,Coonoor(Uzhavar Sandhai ),Lime,Lime,Local,26/08/2026,10000,11000,10500
Tamil Nadu,The Nilgiris,Coonoor(Uzhavar Sandhai ),Onion Green,Onion Green,Local,26/08/2026,7500,8000,7750
Tamil Nadu,The Nilgiris,Gudalur(Uzhavar Sandhai ),Cauliflower,Ranchi,Local,26/08/2026,3500,4000,3750
Tamil Nadu,The Nilgiris,Gudalur(Uzhavar Sandhai ),Bitter gourd,Bitter Gourd,Local,26/08/2026,5500,6000,5750
Tamil Nadu,The Nilgiris,Gudalur(Uzhavar Sandhai ),Bottle gourd,Bottle Gourd,Local,26/08/2026,2500,3000,2750
Tamil Nadu,The Nilgiris,Gudalur(Uzhavar Sandhai ),Tapioca,Tapioca,Local,26/08/2026,3500,4000,3750
Tamil Nadu,The Nilgiris,Gudalur(Uzhavar Sandhai ),Beetroot,Beetroot,Local,26/08/2026,4500,5000,4750
Tamil Nadu,The Nilgiris,Gudalur(Uzhavar Sandhai ),Chow Chow,Chow Chow,Local,26/08/2026,2000,2500,2250
Haryana,Kurukshetra,Pehowa APMC,Bottle gourd,Other,Medium,26/08/2026,1200,1400,1300
Himachal Pradesh,Chamba,PMY Chamba,Apple,Other,Medium,26/08/2026,5000,7000,6000
Himachal Pradesh,Chamba,PMY Chamba,Papaya,Papaya,Medium,26/08/2026,5000,5500,5250
Himachal Pradesh,Chamba,PMY Chamba,Bitter gourd,Bitter Gourd,Medium,26/08/2026,3500,4000,3750
Himachal Pradesh,Chamba,PMY Chamba,Green Chilli,Green Chilly,Medium,26/08/2026,5000,6000,5500
Himachal Pradesh,Chamba,PMY Chamba,Tomato,Tomato,Medium,26/08/2026,3500,4000,3750
Himachal Pradesh,Kullu,SMY Bhuntar,Onion,Other,FAQ,26/08/2026,4500,4800,4700
Himachal Pradesh,Kullu,SMY Bhuntar,Bottle gourd,Other,FAQ,26/08/2026,1200,1500,1400
Himachal Pradesh,Kullu,SMY Bhuntar,Peas Wet,Other,FAQ,26/08/2026,3000,10000,7000
Himachal Pradesh,Kullu,SMY Bhuntar,Squash(Chappal Kadoo),Other,FAQ,26/08/2026,1500,2000,1800
Himachal Pradesh,Kullu,SMY Bhuntar,Green Chilli,Other,FAQ,26/08/2026,6000,8000,7000
Himachal Pradesh,Kullu,SMY Bhuntar,Garlic,Other,FAQ,26/08/2026,10000,17000,15000
Himachal Pradesh,Kullu,SMY Bhuntar,Pomegranate,Other,Medium,26/08/2026,4000,10000,6000
Himachal Pradesh,Mandi,SMY Dhanotu,Bhindi(Ladies Finger),Bhindi,FAQ,26/08/2026,2000,2500,2250
Himachal Pradesh,Mandi,SMY Dhanotu,Raddish,Raddish,FAQ,26/08/2026,1000,1500,1250
Himachal Pradesh,Mandi,SMY Dhanotu,Papaya,Papaya,Medium,26/08/2026,4500,5000,4750
Himachal Pradesh,Mandi,SMY Dhanotu,Guava,Guava,Medium,26/08/2026,5000,6000,5500
Himachal Pradesh,Sirmore,SMY Nahan,Papaya,Other,Grade A,26/08/2026,4000,4500,4200
Himachal Pradesh,Sirmore,SMY Nahan,Onion,Other,FAQ,26/08/2026,4500,5000,4800
Himachal Pradesh,Kangra,SMY Palampur,Banana,Other,Medium,26/08/2026,5200,5500,5400
Himachal Pradesh,Kangra,SMY Palampur,Papaya,Papaya,Medium,26/08/2026,5000,5500,5200
Himachal Pradesh,Kangra,SMY Palampur,Mousambi(Sweet Lime),Mousambi,Medium,26/08/2026,6000,6500,6200
Himachal Pradesh,Kangra,SMY Palampur,Lemon,Other,FAQ,26/08/2026,10000,12000,11000
Himachal Pradesh,Kangra,SMY Palampur,Onion,Onion,FAQ,26/08/2026,5000,5500,5200
Himachal Pradesh,Kangra,SMY Palampur,Garlic,Average,FAQ,26/08/2026,18000,20000,19000
Himachal Pradesh,Kangra,SMY Palampur,Colacasia,Colacasia,FAQ,26/08/2026,3200,3500,3400
Himachal Pradesh,Kangra,SMY Palampur,Pea Pod/Pea Cod/à¤¹à¤°à¥€ à¤®à¤Ÿà¤°,Other,FAQ,26/08/2026,10000,12000,11000
Himachal Pradesh,Kangra,SMY Palampur,Cabbage,Cabbage,FAQ,26/08/2026,2500,3000,2800
Himachal Pradesh,Kangra,SMY Palampur,French Beans(Frasbean),Other,FAQ,26/08/2026,6000,7000,6500
Himachal Pradesh,Kangra,SMY Palampur,Cauliflower,Cauliflower,FAQ,26/08/2026,5000,5500,5200
Haryana,Karnal,Tarori APMC,Apple,Apple,Medium,26/08/2026,5000,6000,5500
Haryana,Karnal,Tarori APMC,Banana,Other,Medium,26/08/2026,1800,2400,2000
Haryana,Kurukshetra,Thanesar APMC,Banana,Other,Medium,26/08/2026,3000,4500,3750
Haryana,Kurukshetra,Thanesar APMC,Onion,Onion,Medium,26/08/2026,4000,5000,4500
Haryana,Kurukshetra,Thanesar APMC,Peas Wet,Peas Wet,Medium,26/08/2026,5000,7000,6000
Haryana,Kurukshetra,Thanesar APMC,Lemon,Lemon,Local,26/08/2026,6000,8000,7000
Uttar Pradesh,Agra,Agra APMC,Rice,Common,FAQ,26/08/2026,3000,4001,3356.95
Punjab,Tarntaran,Patti APMC,Cucumbar(Kheera),Cucumbar,Local,26/08/2026,0.35,0.35,0.35
Uttarakhand,Dehradoon,Vikasnagar APMC,Guava,Other,Medium,26/08/2026,2100,2400,2400
Uttarakhand,Dehradoon,Vikasnagar APMC,Apple,Other,Medium,26/08/2026,2100,4000,4000
Uttarakhand,Dehradoon,Vikasnagar APMC,Raddish,Other,Medium,26/08/2026,500,600,600
Uttarakhand,Dehradoon,Vikasnagar APMC,Bottle gourd,Other,Medium,26/08/2026,700,800,800
Punjab,Mohali,Lalru APMC,Cauliflower,Other,Local,26/08/2026,4000,4000,4000
Punjab,Mohali,Lalru APMC,Peas Wet,Other,Local,26/08/2026,8000,8000,8000
Telangana,Nalgonda,Venkateswarnagar APMC,Tomato,Local,Local,26/08/2026,1200,1600,1400
Telangana,Nalgonda,Venkateswarnagar APMC,Potato,Local,Grade A,26/08/2026,1600,2000,1800
Telangana,Hyderabad,Gudimalkapur APMC,Bitter gourd,Bitter Gourd,Grade B,26/08/2026,1500,3000,2000
Haryana,Gurgaon,Sohna APMC,Ridgeguard(Tori),Ridgeguard(Tori),Local,26/08/2026,1500,2000,1800
Haryana,Hissar,Hansi APMC,Cucumbar(Kheera),Other,FAQ,26/08/2026,2500,3500,3000
Haryana,Hissar,Hansi APMC,Cauliflower,Other,FAQ,26/08/2026,4000,5000,4500
Haryana,Hissar,Hansi APMC,Apple,Other,Grade B,26/08/2026,8000,20000,15000
Haryana,Hissar,Hansi APMC,Pumpkin,Other,FAQ,26/08/2026,1000,1500,1250
Haryana,Hissar,Hansi APMC,Onion,Other,FAQ,26/08/2026,4000,5000,4500
Punjab,Amritsar,Rayya APMC,Brinjal,Brinjal,FAQ,26/08/2026,500,500,500
Punjab,Amritsar,Rayya APMC,Ridgeguard(Tori),Other,FAQ,26/08/2026,2056,2056,2056
Uttar Pradesh,Maharajganj,Partaval APMC,Rice,Kalanamak,FAQ,26/08/2026,3200,3200,3200
Gujarat,Amreli,APMC Bagasara,Soyabean,Yellow,Local,26/08/2026,5560,5630,5595
Andhra Pradesh,Sri Sathya Sai,Tenakallu APMC,Tamarind Fruit,Other,FAQ,26/08/2026,5200,9200,7800
Himachal Pradesh,Kangra,SMY Dharamshala,Guava,Guava,Medium,26/08/2026,10500,10800,10650
Himachal Pradesh,Kangra,SMY Dharamshala,Carrot,Carrot,FAQ,26/08/2026,3000,3500,3250
Himachal Pradesh,Kangra,SMY Dharamshala,Colacasia,Colacasia,FAQ,26/08/2026,3000,3500,3250
Himachal Pradesh,Kangra,SMY Dharamshala,Onion,Onion,FAQ,26/08/2026,4600,5000,4800
Himachal Pradesh,Mandi,SMY Jogindernagar,Bottle gourd,Bottle Gourd,Grade B,26/08/2026,2200,3500,2850
Himachal Pradesh,Mandi,SMY Jogindernagar,Bhindi(Ladies Finger),Other,Grade B,26/08/2026,2500,3000,2750
Himachal Pradesh,Mandi,SMY Jogindernagar,Bitter gourd,Bitter Gourd,Grade B,26/08/2026,2000,3000,2500
Himachal Pradesh,Mandi,SMY Jogindernagar,Carrot,Other,Grade B,26/08/2026,3000,4000,3500
Tripura,Dhalai,Kulai APMC,Brinjal,Round/Long,Grade B,26/08/2026,7500,8000,7700
Telangana,Hyderabad,RYTHU BAZAR FALAKNUMA,Brinjal,Brinjal,Grade A,26/08/2026,3500,3500,3500
Telangana,Hyderabad,RYTHU BAZAR FALAKNUMA,Carrot,Carrot,Grade A,26/08/2026,3700,3700,3700
Telangana,Hyderabad,RYTHU BAZAR FALAKNUMA,Little gourd(Kundru),Little gourd (Kundru),Grade A,26/08/2026,2300,2300,2300
Telangana,Hyderabad,RYTHU BAZAR FALAKNUMA,Potato,Potato,Grade A,26/08/2026,1600,1600,1600
Odisha,Rayagada,Gunpur APMC,Tomato,Local,Medium,26/08/2026,1450,2070,1520
Odisha,Rayagada,Gunpur APMC,Cashewnuts,Local(Raw),Grade Range-3,26/08/2026,26000,27000,26900
Gujarat,Surendranagar,Dhragradhra APMC,"Sesamum(Sesame,Gingelly,Til)",White,Local,26/08/2026,8600,10280,9750
Punjab,Bhatinda,Bhagta Bhai Ka APMC,Brinjal,Other,Medium,26/08/2026,3000,3000,3000
Punjab,Fazilka,Fazilka APMC,Onion,Onion,FAQ,26/08/2026,4000,4000,4000
Punjab,Fazilka,Fazilka APMC,Ginger(Green),Other,FAQ,26/08/2026,20000,20000,20000
Haryana,Kurukshetra,Shahabad APMC,Apple,Apple,Medium,26/08/2026,4000,8000,6040
Haryana,Kurukshetra,Shahabad APMC,Carrot,Carrot,Medium,26/08/2026,6000,6000,6000
Haryana,Kurukshetra,Shahabad APMC,Pomegranate,Pomogranate,Medium,26/08/2026,7000,8000,7650
Haryana,Kurukshetra,Shahabad APMC,Lemon,Other,Medium,26/08/2026,3000,5800,5200
Haryana,Kurukshetra,Shahabad APMC,Onion,Onion,Medium,26/08/2026,3000,4400,3710
Haryana,Kurukshetra,Shahabad APMC,Cabbage,Cabbage,Medium,26/08/2026,2000,2500,2200
Haryana,Kurukshetra,Shahabad APMC,Bitter gourd,Bitter Gourd,Medium,26/08/2026,1500,1600,1500
Haryana,Kurukshetra,Shahabad APMC,Spinach,Spinach,Medium,26/08/2026,1800,2000,1900
Haryana,Rewari,Kosli APMC,Cucumbar(Kheera),Other,FAQ,26/08/2026,3000,3000,3000
Haryana,Sirsa,Sirsa APMC,Cabbage,Other,FAQ,26/08/2026,1850,2600,2000
Haryana,Rohtak,Sampla APMC,Banana,Other,Local,26/08/2026,2500,2500,2500
Punjab,Gurdaspur,Dera Baba Nanak APMC,Ashgourd,Other,Grade A,26/08/2026,758,758,758
Punjab,Gurdaspur,Dera Baba Nanak APMC,Brinjal,Other,Grade A,26/08/2026,628,628,628
Punjab,Gurdaspur,Quadian APMC,Papaya,Other,Grade A,26/08/2026,3800,4000,3900
Punjab,Gurdaspur,Quadian APMC,Brinjal,Other,Grade A,26/08/2026,800,1000,900
Punjab,Gurdaspur,Quadian APMC,Capsicum,Other,Grade A,26/08/2026,3800,4000,3900
Punjab,Gurdaspur,Quadian APMC,Onion,Other,Grade A,26/08/2026,3200,3500,3400
Punjab,Hoshiarpur,GarhShankar (Kotfatuhi) APMC,Banana,Other,Medium,26/08/2026,2800,2800,2800
Punjab,Jalandhar,Nakodar APMC,Tomato,Tomato,Local,26/08/2026,1600,1600,1600
Punjab,Jalandhar,Noor Mehal APMC,Brinjal,Other,Local,26/08/2026,1500,1500,1500
Keralam,Kollam,Anchal Market,Cauliflower,Cauliflower,Medium,26/08/2026,6700,6700,6700
Keralam,Kollam,Anchal Market,Banana,Rasakathai,Medium,26/08/2026,7400,7400,7400
Keralam,Kollam,Anchal Market,Banana,Red Banana,Medium,26/08/2026,7500,7500,7500
Keralam,Kollam,Anchal Market,Beetroot,Beetroot,Local,26/08/2026,3800,3800,3800
Keralam,Kollam,Anchal Market,Lemon,Lemon,Local,26/08/2026,6700,6700,6700
Rajasthan,Ganganagar,Sriganganagar (F&V) APMC,Apple,Apple,Grade B,26/08/2026,7500,7900,7700
Rajasthan,Ganganagar,Sriganganagar (F&V) APMC,Pumpkin,Pumpkin,Grade C,26/08/2026,1600,2000,1800
Rajasthan,Ganganagar,Sriganganagar (F&V) APMC,Tinda,Tinda,Grade B,26/08/2026,3000,3400,3200
Rajasthan,Ganganagar,Sriganganagar (F&V) APMC,Garlic,Garlic,Grade Range-1,26/08/2026,11800,12200,12000
Rajasthan,Ganganagar,Sriganganagar (F&V) APMC,Peas Wet,Peas Wet,Grade A,26/08/2026,8300,8700,8500
Rajasthan,Jalore,Jalore APMC,Banana - Green,Other,Local,26/08/2026,2500,3000,2800
Rajasthan,Jalore,Jalore APMC,Bottle gourd,Bottle Gourd,Local,26/08/2026,800,1000,900
Rajasthan,Jalore,Jalore APMC,Cabbage,Cabbage,Local,26/08/2026,1500,2000,1800
Punjab,Ludhiana,Khanna APMC,Mousambi(Sweet Lime),Other,Grade A,26/08/2026,3000,3000,3000
Punjab,Ludhiana,Khanna APMC,Apple,Apple,Grade A,26/08/2026,8000,8000,8000
Punjab,Ludhiana,Khanna APMC,Mango,Dusheri,Grade A,26/08/2026,5000,5000,5000
Punjab,Ludhiana,Khanna APMC,Bitter gourd,Bitter Gourd,Grade A,26/08/2026,2000,2000,2000
Punjab,Ludhiana,Khanna APMC,Ridgeguard(Tori),Other,Grade A,26/08/2026,2000,2000,2000
Punjab,Moga,Baghapurana APMC,Banana,Medium,Grade B,26/08/2026,3000,4000,3500
Punjab,Mohali,Dera Bassi APMC,Onion,Onion,Local,26/08/2026,3000,3000,3000
Andhra Pradesh,Nandyal,Koilkunta APMC,Jowar(Sorghum),Jowar ( White),FAQ,26/08/2026,2900,3300,3100
Punjab,Patiala,Nabha APMC,Pear(Marasebu),Other,Grade B,26/08/2026,4000,7000,5100
Punjab,Patiala,Nabha APMC,Water Melon,Other,Grade B,26/08/2026,1200,2000,1500
Punjab,Patiala,Nabha APMC,Apple,Other,Grade B,26/08/2026,6000,11000,8400
Punjab,Patiala,Nabha APMC,Bitter gourd,Other,Grade C,26/08/2026,1700,2600,2200
Punjab,Patiala,Nabha APMC,Green Chilli,Other,Grade C,26/08/2026,1800,3000,2300
Punjab,Patiala,Nabha APMC,Raddish,Other,Grade C,26/08/2026,2000,2000,2000
Punjab,Patiala,Patiala APMC,Banana,Banana - Ripe,Grade B,26/08/2026,1800,3200,2500
Punjab,Ropar (Rupnagar),Chamkaur Sahib APMC,Garlic,Average,Local,26/08/2026,7000,7000,7000
Punjab,Ropar (Rupnagar),Chamkaur Sahib APMC,Apple,Apple,Medium,26/08/2026,8000,8000,8000
Punjab,Ropar (Rupnagar),Ropar APMC,Tomato,Other,Non-FAQ,26/08/2026,2600,3000,2800
Punjab,Ropar (Rupnagar),Ropar APMC,Cauliflower,Cauliflower,Medium,26/08/2026,4200,4500,4400
Punjab,Ropar (Rupnagar),Ropar APMC,Banana,Medium,Medium,26/08/2026,3000,4000,3500
Punjab,Sangrur,Ahmedgarh APMC,Brinjal,Brinjal,Medium,26/08/2026,3500,3800,3800
Punjab,Sangrur,Ahmedgarh APMC,Banana,Other,Medium,26/08/2026,2800,3000,3000
Karnataka,Chamarajanagar,Chamarajanagar APMC,Cabbage,Cabbage,Local,26/08/2026,1200,1800,1500
Gujarat,Porbandar,Porbandar APMC,Banana,Amruthapani,Grade A,26/08/2026,2500,3500,3000
Gujarat,Porbandar,Porbandar APMC,Mousambi(Sweet Lime),Mousambi,Grade A,26/08/2026,2500,3500,3000
Gujarat,Porbandar,Porbandar APMC,Papaya,Other,Grade A,26/08/2026,1500,2000,1750
Gujarat,Porbandar,Porbandar APMC,Cabbage,Cabbage,Local,26/08/2026,1500,2000,1750
Gujarat,Porbandar,Porbandar APMC,Ginger(Green),Green Ginger,FAQ,26/08/2026,8000,10000,9000
Gujarat,Porbandar,Porbandar APMC,Green Chilli,Green Chilly,Local,26/08/2026,2000,4000,3000
Gujarat,Porbandar,Porbandar APMC,Onion,Other,FAQ,26/08/2026,2500,3500,3000
Gujarat,Porbandar,Porbandar APMC,Tomato,Deshi,Local,26/08/2026,1500,2000,1750
Bihar,Chhapra,Chhapra APMC,Onion,Other,Grade A,26/08/2026,3500,4400,4000
Tamil Nadu,Thirupur,Tiruppur (South) (Uzhavar Sandhai ),Chow Chow,Chow Chow,Local,26/08/2026,2500,3000,2750
Tamil Nadu,Thirupur,Tiruppur (South) (Uzhavar Sandhai ),Drumstick,Drumstick,Local,26/08/2026,1600,2000,1800
Tamil Nadu,Thirupur,Tiruppur (South) (Uzhavar Sandhai ),Lemon,Lemon,Local,26/08/2026,9000,11000,10000
Tamil Nadu,Thirupur,Tiruppur (South) (Uzhavar Sandhai ),Onion Green,Onion Green,Local,26/08/2026,4500,6000,5250
Tamil Nadu,Thirupur,Tiruppur (South) (Uzhavar Sandhai ),Mint(Pudina),Mint(Pudina),Local,26/08/2026,1500,2000,1750
Tamil Nadu,Erode,Perundurai(Uzhavar Sandhai ),Brinjal,Round,Local,26/08/2026,3500,4000,3750
Tamil Nadu,Erode,Perundurai(Uzhavar Sandhai ),Tomato,Deshi,Local,26/08/2026,1600,2000,1800
Tamil Nadu,Erode,Perundurai(Uzhavar Sandhai ),Tapioca,Tapioca,Local,26/08/2026,2000,2500,2250
Tamil Nadu,Erode,Perundurai(Uzhavar Sandhai ),Ridgeguard(Tori),Ridgeguard(Tori),Local,26/08/2026,3500,4000,3750
Tamil Nadu,Erode,Perundurai(Uzhavar Sandhai ),Chow Chow,Chow Chow,Local,26/08/2026,2200,2500,2350
Tamil Nadu,Erode,Perundurai(Uzhavar Sandhai ),Drumstick,Drumstick,Local,26/08/2026,2600,3000,2800
Tamil Nadu,Dharmapuri,Dharmapuri(Uzhavar Sandhai ),Sweet Corn ,Sweet Corn ,Local,26/08/2026,2500,3000,2750
Tamil Nadu,Dharmapuri,Dharmapuri(Uzhavar Sandhai ),Garlic,Garlic,Local,26/08/2026,22000,23000,22500
Tamil Nadu,Dharmapuri,Dharmapuri(Uzhavar Sandhai ),Brinjal,Round,Local,26/08/2026,1800,2000,1900
Tamil Nadu,Dharmapuri,Dharmapuri(Uzhavar Sandhai ),Ashgourd,Gouard,Local,26/08/2026,1500,1600,1550
Tamil Nadu,Dharmapuri,Dharmapuri(Uzhavar Sandhai ),Ridgeguard(Tori),Ridgeguard(Tori),Local,26/08/2026,3300,3600,3450
Tamil Nadu,Dharmapuri,Dharmapuri(Uzhavar Sandhai ),Indian Beans(Seam),Indian Beans (Seam),Local,26/08/2026,5500,6000,5750
Tamil Nadu,Dharmapuri,Palacode(Uzhavar Sandhai ),Onion,Bellary,Local,26/08/2026,5200,5500,5350
Tamil Nadu,Dharmapuri,Palacode(Uzhavar Sandhai ),Tomato,Local,Local,26/08/2026,1800,2000,1900
Tamil Nadu,Dharmapuri,Palacode(Uzhavar Sandhai ),Cluster beans,Cluster Beans,Local,26/08/2026,3000,3400,3200
Tamil Nadu,Dharmapuri,Palacode(Uzhavar Sandhai ),Bitter gourd,Other,Local,26/08/2026,4200,4500,4350
Tamil Nadu,Dharmapuri,Palacode(Uzhavar Sandhai ),Banana - Green,Banana - Green,Local,26/08/2026,2000,2500,2250
Tamil Nadu,Dharmapuri,Palacode(Uzhavar Sandhai ),Beans,Beans (Whole),Local,26/08/2026,8500,9000,8750
Tamil Nadu,Dharmapuri,Palacode(Uzhavar Sandhai ),Coconut,Coconut,Local,26/08/2026,6500,7000,6750
Tamil Nadu,Dharmapuri,Palacode(Uzhavar Sandhai ),Ridgeguard(Tori),Ridgeguard(Tori),Local,26/08/2026,3500,3800,3650
Tamil Nadu,Dharmapuri,Palacode(Uzhavar Sandhai ),Chow Chow,Chow Chow,Local,26/08/2026,4500,4800,4650
Tamil Nadu,Dharmapuri,Palacode(Uzhavar Sandhai ),Drumstick,Drumstick,Local,26/08/2026,2500,3000,2750
Tamil Nadu,Dharmapuri,Palacode(Uzhavar Sandhai ),Lemon,Lemon,Local,26/08/2026,18500,19000,18750
Tamil Nadu,Dharmapuri,Palacode(Uzhavar Sandhai ),Onion Green,Onion Green,Local,26/08/2026,6000,6500,6250
Tamil Nadu,Dharmapuri,Pennagaram(Uzhavar Sandhai ),Coriander(Leaves),I Sort,Local,26/08/2026,5500,6000,5750
Tamil Nadu,Dharmapuri,Pennagaram(Uzhavar Sandhai ),Tomato,Local,Local,26/08/2026,1800,2000,1900
Tamil Nadu,Dharmapuri,Pennagaram(Uzhavar Sandhai ),Cluster beans,Cluster Beans,Local,26/08/2026,3600,4000,3800
Tamil Nadu,Dharmapuri,Pennagaram(Uzhavar Sandhai ),Bitter gourd,Bitter Gourd,Local,26/08/2026,5500,6000,5750
Tamil Nadu,Dharmapuri,Pennagaram(Uzhavar Sandhai ),Tapioca,Tapioca,Local,26/08/2026,2800,3000,2900
Tamil Nadu,Dharmapuri,Pennagaram(Uzhavar Sandhai ),Coconut,Coconut,Local,26/08/2026,4600,5000,4800
Tamil Nadu,Dharmapuri,Pennagaram(Uzhavar Sandhai ),Sweet Potato,Hosur Red,Local,26/08/2026,2800,3000,2900
Tamil Nadu,Dharmapuri,Pennagaram(Uzhavar Sandhai ),Carrot,Pusakesar,Local,26/08/2026,7500,8000,7750
Tamil Nadu,Dharmapuri,Pennagaram(Uzhavar Sandhai ),Beetroot,Beetroot,Local,26/08/2026,5300,5600,5450
Tamil Nadu,Dharmapuri,Pennagaram(Uzhavar Sandhai ),Ridgeguard(Tori),Ridgeguard(Tori),Local,26/08/2026,3300,3500,3400
Tamil Nadu,Dharmapuri,Pennagaram(Uzhavar Sandhai ),Drumstick,Drumstick,Local,26/08/2026,3600,4000,3800
Tamil Nadu,Dharmapuri,Pennagaram(Uzhavar Sandhai ),Onion Green,Onion Green,Local,26/08/2026,5500,6000,5750
Tamil Nadu,Dindigul,Chinnalapatti(Uzhavar Sandhai ),Banana,Besrai,Local,26/08/2026,6000,7000,6500
Tamil Nadu,Dindigul,Chinnalapatti(Uzhavar Sandhai ),Onion,Bellary,Local,26/08/2026,5000,6000,5500
Tamil Nadu,Dindigul,Chinnalapatti(Uzhavar Sandhai ),Papaya,Papaya,Local,26/08/2026,4000,4500,4250
Tamil Nadu,Dindigul,Chinnalapatti(Uzhavar Sandhai ),Tomato,Deshi,Local,26/08/2026,1800,2000,1900
Tamil Nadu,Dindigul,Chinnalapatti(Uzhavar Sandhai ),Amaranthus,Amaranthus,Local,26/08/2026,2500,3000,2750
Tamil Nadu,Dindigul,Chinnalapatti(Uzhavar Sandhai ),Green Chilli,Green Chilly,Local,26/08/2026,5000,6000,5500
Tamil Nadu,Dindigul,Chinnalapatti(Uzhavar Sandhai ),Banana - Green,Banana - Green,Local,26/08/2026,2800,3000,2900
Tamil Nadu,Dindigul,Chinnalapatti(Uzhavar Sandhai ),Ginger(Green),Green Ginger,Local,26/08/2026,16000,18000,17000
Tamil Nadu,Dindigul,Chinnalapatti(Uzhavar Sandhai ),Ridgeguard(Tori),Ridgeguard(Tori),Local,26/08/2026,6000,7000,6500
Tamil Nadu,Dindigul,Chinnalapatti(Uzhavar Sandhai ),Green Avare(W),Other,Local,26/08/2026,6000,7000,6500
Tamil Nadu,Dindigul,Chinnalapatti(Uzhavar Sandhai ),Elephant Yam(Suran)/Amorphophallus,Elephant Yam (Suran),Local,26/08/2026,5600,6000,5800
Tamil Nadu,Dindigul,Chinnalapatti(Uzhavar Sandhai ),Yam(Ratalu),Yam (Ratalu),Local,26/08/2026,8000,10000,9000
Tamil Nadu,Dindigul,Chinnalapatti(Uzhavar Sandhai ),Onion Green,Onion Green,Local,26/08/2026,5000,6000,5500
Tamil Nadu,Dindigul,Dindigul(Uzhavar Sandhai ),Cluster beans,Cluster Beans,Local,26/08/2026,3000,4000,3500
Tamil Nadu,Dindigul,Dindigul(Uzhavar Sandhai ),Tapioca,Tapioca,Local,26/08/2026,3000,4000,3500
Tamil Nadu,Dindigul,Dindigul(Uzhavar Sandhai ),Sweet Potato,Hosur Red,Local,26/08/2026,5000,6000,5500
Tamil Nadu,Dindigul,Dindigul(Uzhavar Sandhai ),Cabbage,Cabbage,Local,26/08/2026,3000,4000,3500
Tamil Nadu,Dindigul,Dindigul(Uzhavar Sandhai ),Snakeguard,Snakeguard,Local,26/08/2026,6000,7000,6500
Tamil Nadu,Dindigul,Dindigul(Uzhavar Sandhai ),Ridgeguard(Tori),Ridgeguard(Tori),Local,26/08/2026,6000,7000,6500
Tamil Nadu,Dindigul,Dindigul(Uzhavar Sandhai ),Green Avare(W),Green Avare (W),Local,26/08/2026,6000,7000,6500
Tamil Nadu,Dindigul,Dindigul(Uzhavar Sandhai ),Chow Chow,Chow Chow,Local,26/08/2026,3000,4000,3500
Tamil Nadu,Dindigul,Dindigul(Uzhavar Sandhai ),Knool Khol,Knool Khol,Local,26/08/2026,5000,6000,5500
Tamil Nadu,Dindigul,Dindigul(Uzhavar Sandhai ),Tamarind Fruit,Tamarind Fruit,Local,26/08/2026,13000,15000,14000
Tamil Nadu,Dindigul,Dindigul(Uzhavar Sandhai ),Indian Beans(Seam),Indian Beans (Seam),Local,26/08/2026,6000,7000,6500
Tamil Nadu,Dindigul,Dindigul(Uzhavar Sandhai ),Mashrooms,Mashrooms,Local,26/08/2026,20000,22500,21250
Tamil Nadu,Dindigul,Dindigul(Uzhavar Sandhai ),Amla(Nelli Kai),Amla,Local,26/08/2026,5000,6000,5500
Tamil Nadu,Erode,Periyar Nagar(Uzhavar Sandhai ),Groundnut,Big (With Shell),Local,26/08/2026,5500,6000,5750
Tamil Nadu,Erode,Periyar Nagar(Uzhavar Sandhai ),Banana,Besrai,Local,26/08/2026,2500,2800,2650
Tamil Nadu,Erode,Periyar Nagar(Uzhavar Sandhai ),Brinjal,Other,Local,26/08/2026,3800,4200,4000
Tamil Nadu,Erode,Periyar Nagar(Uzhavar Sandhai ),Water Melon,Water Melon,Local,26/08/2026,1000,1500,1250
Tamil Nadu,Erode,Periyar Nagar(Uzhavar Sandhai ),Pumpkin,Pumpkin,Local,26/08/2026,2000,2200,2100
Tamil Nadu,Erode,Periyar Nagar(Uzhavar Sandhai ),Cucumbar(Kheera),Cucumbar,Local,26/08/2026,4500,5000,4750
Tamil Nadu,Kallakuruchi,Sankarapuram(Uzhavar Sandhai ),Coriander(Leaves),I Sort,Local,26/08/2026,6000,6000,6000
Tamil Nadu,Kallakuruchi,Sankarapuram(Uzhavar Sandhai ),Cluster beans,Cluster Beans,Local,26/08/2026,5000,5000,5000
Tamil Nadu,Kallakuruchi,Sankarapuram(Uzhavar Sandhai ),Ashgourd,Gouard,Local,26/08/2026,3000,3000,3000
Tamil Nadu,Kallakuruchi,Sankarapuram(Uzhavar Sandhai ),Beetroot,Beetroot,Local,26/08/2026,6000,6000,6000
Tamil Nadu,Kallakuruchi,Sankarapuram(Uzhavar Sandhai ),Raddish,Raddish,Local,26/08/2026,5000,5000,5000
Tamil Nadu,Kallakuruchi,Sankarapuram(Uzhavar Sandhai ),Thondekai,Thondekai,Local,26/08/2026,6000,6000,6000
Tamil Nadu,Kallakuruchi,Sankarapuram(Uzhavar Sandhai ),Green Avare(W),Green Avare (W),Local,26/08/2026,7000,7000,7000
Tamil Nadu,Kallakuruchi,Sankarapuram(Uzhavar Sandhai ),Jack Fruit(Ripe),Jack Fruit,Local,26/08/2026,2000,2000,2000
Tamil Nadu,Kallakuruchi,Sankarapuram(Uzhavar Sandhai ),Guava,Guava Allahabad,Local,26/08/2026,5000,5000,5000
Tamil Nadu,Kallakuruchi,Sankarapuram(Uzhavar Sandhai ),Tender Coconut,Tender Coconut,Local,26/08/2026,3000,3000,3000
Tamil Nadu,Kallakuruchi,Sankarapuram(Uzhavar Sandhai ),Lemon,Lemon,Local,26/08/2026,7000,7000,7000
Tamil Nadu,Kallakuruchi,Sankarapuram(Uzhavar Sandhai ),Onion Green,Onion Green,Local,26/08/2026,8000,8000,8000
Tamil Nadu,Kancheepuram,Kancheepuram(Uzhavar Sandhai ),Tomato,Local,Local,26/08/2026,1800,2400,2100
Tamil Nadu,Kancheepuram,Kancheepuram(Uzhavar Sandhai ),Ashgourd,Gouard,Local,26/08/2026,2200,3000,2600
Tamil Nadu,Kancheepuram,Kundrathur(Uzhavar Sandhai ),Brinjal,Other,Local,26/08/2026,3500,4000,3750
Tamil Nadu,Kancheepuram,Kundrathur(Uzhavar Sandhai ),Amaranthus,Amaranthus,Local,26/08/2026,3000,3000,3000
Tamil Nadu,Kancheepuram,Kundrathur(Uzhavar Sandhai ),Coconut,Coconut,Local,26/08/2026,5000,6000,5500
Tamil Nadu,Kancheepuram,Kundrathur(Uzhavar Sandhai ),Cabbage,Cabbage,Local,26/08/2026,3000,3000,3000
Tamil Nadu,Kancheepuram,Kundrathur(Uzhavar Sandhai ),Green Avare(W),Green Avare (W),Local,26/08/2026,4500,4500,4500
Tamil Nadu,Kancheepuram,Kundrathur(Uzhavar Sandhai ),Drumstick,Drumstick,Local,26/08/2026,4000,4000,4000
Tamil Nadu,Kancheepuram,Padappai(Uzhavar Sandhai ),Onion,Bellary,Local,26/08/2026,4500,5500,5000
Tamil Nadu,Kancheepuram,Padappai(Uzhavar Sandhai ),Potato,Other,Local,26/08/2026,2800,3500,3150
Tamil Nadu,Kancheepuram,Padappai(Uzhavar Sandhai ),Bitter gourd,Other,Local,26/08/2026,2500,4000,3250
Tamil Nadu,Kancheepuram,Padappai(Uzhavar Sandhai ),Ashgourd,Gouard,Local,26/08/2026,2200,3000,2600
Tamil Nadu,Kancheepuram,Padappai(Uzhavar Sandhai ),Coconut,Coconut,Local,26/08/2026,5500,6000,5750
Tamil Nadu,Kancheepuram,Padappai(Uzhavar Sandhai ),Cabbage,Cabbage,Local,26/08/2026,2000,2500,2250
Tamil Nadu,Kancheepuram,Padappai(Uzhavar Sandhai ),Snakeguard,Snakeguard,Local,26/08/2026,3000,3500,3250
Tamil Nadu,Kancheepuram,Padappai(Uzhavar Sandhai ),Green Avare(W),Other,Local,26/08/2026,5500,6500,6000
Tamil Nadu,Kancheepuram,Padappai(Uzhavar Sandhai ),Drumstick,Drumstick,Local,26/08/2026,2500,3000,2750
Tamil Nadu,Kancheepuram,Padappai(Uzhavar Sandhai ),Colacasia,Colacasia,Local,26/08/2026,3000,3500,3250
Tamil Nadu,Kancheepuram,Sunguvarchatram(Uzhavar Sandhai ),Banana,Bhushavali(Pacha),Local,26/08/2026,3500,3500,3500
Tamil Nadu,Kancheepuram,Sunguvarchatram(Uzhavar Sandhai ),Snakeguard,Snakeguard,Local,26/08/2026,3000,3000,3000
Tamil Nadu,Kancheepuram,Sunguvarchatram(Uzhavar Sandhai ),Colacasia,Colacasia,Local,26/08/2026,3000,3000,3000
Tamil Nadu,Krishnagiri,Avallapalli(Uzhavar Sandhai ),Brinjal,Round,Local,26/08/2026,2500,3000,2750
Tamil Nadu,Krishnagiri,Avallapalli(Uzhavar Sandhai ),Bottle gourd,Bottle Gourd,Local,26/08/2026,1500,2000,1750
Tamil Nadu,Krishnagiri,Avallapalli(Uzhavar Sandhai ),Amaranthus,Amaranthus,Local,26/08/2026,3500,4000,3750
Tamil Nadu,Krishnagiri,Avallapalli(Uzhavar Sandhai ),Green Chilli,Green Chilly,Local,26/08/2026,4000,4500,4250
Tamil Nadu,Krishnagiri,Avallapalli(Uzhavar Sandhai ),Beans,Beans (Whole),Local,26/08/2026,6000,7000,6500
Tamil Nadu,Krishnagiri,Avallapalli(Uzhavar Sandhai ),Coconut,Coconut,Local,26/08/2026,5500,6000,5750
Tamil Nadu,Krishnagiri,Avallapalli(Uzhavar Sandhai ),Cabbage,Cabbage,Local,26/08/2026,1000,1500,1250
Tamil Nadu,Krishnagiri,Avallapalli(Uzhavar Sandhai ),Cucumbar(Kheera),Cucumbar,Local,26/08/2026,2500,3000,2750
Tamil Nadu,Krishnagiri,Avallapalli(Uzhavar Sandhai ),Raddish,Raddish,Local,26/08/2026,1000,1500,1250
Tamil Nadu,Krishnagiri,Avallapalli(Uzhavar Sandhai ),Thondekai,Thondekai,Local,26/08/2026,3500,4000,3750
Tamil Nadu,Krishnagiri,Avallapalli(Uzhavar Sandhai ),Green Avare(W),Green Avare (W),Local,26/08/2026,4500,5000,4750
Tamil Nadu,Dharmapuri,Karimangalam(Uzhavar Sandhai),Cauliflower,Ranchi,Local,26/08/2026,3300,3500,3400
Tamil Nadu,Dharmapuri,Karimangalam(Uzhavar Sandhai),Beetroot,Beetroot,Local,26/08/2026,5400,5800,5600
Tamil Nadu,Dharmapuri,Karimangalam(Uzhavar Sandhai),Ridgeguard(Tori),Ridgeguard(Tori),Local,26/08/2026,3800,4000,3900
Tamil Nadu,Dharmapuri,Karimangalam(Uzhavar Sandhai),Raddish,Raddish,Local,26/08/2026,1800,2000,1900
Tamil Nadu,Dharmapuri,Karimangalam(Uzhavar Sandhai),Green Avare(W),Other,Local,26/08/2026,4500,5000,4750
Tamil Nadu,Krishnagiri,Denkanikottai(Uzhavar Sandhai ),Potato,Red Nanital,Local,26/08/2026,2000,2500,2250
Tamil Nadu,Krishnagiri,Denkanikottai(Uzhavar Sandhai ),Cauliflower,Ranchi,Local,26/08/2026,3000,3500,3250
Tamil Nadu,Krishnagiri,Denkanikottai(Uzhavar Sandhai ),Tomato,Local,Local,26/08/2026,1500,2000,1750
Tamil Nadu,Krishnagiri,Denkanikottai(Uzhavar Sandhai ),Cluster beans,Cluster Beans,Local,26/08/2026,3500,4000,3750
Tamil Nadu,Krishnagiri,Denkanikottai(Uzhavar Sandhai ),Coconut,Coconut,Local,26/08/2026,5500,6000,5750
Tamil Nadu,Krishnagiri,Denkanikottai(Uzhavar Sandhai ),Beetroot,Beetroot,Local,26/08/2026,3500,4000,3750
Tamil Nadu,Krishnagiri,Denkanikottai(Uzhavar Sandhai ),Cucumbar(Kheera),Cucumbar,Local,26/08/2026,2500,3000,2750
Tamil Nadu,Krishnagiri,Denkanikottai(Uzhavar Sandhai ),Mint(Pudina),Mint(Pudina),Local,26/08/2026,3500,4000,3750
Tamil Nadu,Krishnagiri,Hosur(Uzhavar Sandhai ),Apple,American,Local,26/08/2026,24000,28000,26000
Tamil Nadu,Krishnagiri,Hosur(Uzhavar Sandhai ),Grapes,Annabesahai,Local,26/08/2026,14000,16000,15000
Tamil Nadu,Krishnagiri,Hosur(Uzhavar Sandhai ),Water Melon,Water Melon,Local,26/08/2026,2000,2500,2250
Tamil Nadu,Krishnagiri,Hosur(Uzhavar Sandhai ),Cluster beans,Cluster Beans,Local,26/08/2026,3500,4000,3750
Tamil Nadu,Krishnagiri,Hosur(Uzhavar Sandhai ),Bottle gourd,Bottle Gourd,Local,26/08/2026,1500,2000,1750
Tamil Nadu,Krishnagiri,Hosur(Uzhavar Sandhai ),Pumpkin,Pumpkin,Local,26/08/2026,1500,2000,1750
Tamil Nadu,Krishnagiri,Hosur(Uzhavar Sandhai ),Green Chilli,Green Chilly,Local,26/08/2026,4000,4500,4250
Tamil Nadu,Krishnagiri,Hosur(Uzhavar Sandhai ),Tapioca,Tapioca,Local,26/08/2026,3500,4000,3750
Tamil Nadu,Krishnagiri,Hosur(Uzhavar Sandhai ),Thondekai,Thondekai,Local,26/08/2026,3500,4000,3750
Tamil Nadu,Krishnagiri,Hosur(Uzhavar Sandhai ),Green Avare(W),Green Avare (W),Local,26/08/2026,4500,5000,4750
Tamil Nadu,Krishnagiri,Hosur(Uzhavar Sandhai ),Lime,Lime,Local,26/08/2026,8000,10000,9000
Tamil Nadu,Krishnagiri,Hosur(Uzhavar Sandhai ),Guava,Guava Allahabad,Local,26/08/2026,5500,6000,5750
Tamil Nadu,Krishnagiri,Hosur(Uzhavar Sandhai ),Tube Flower,Tube Flower,Local,26/08/2026,70000,80000,75000
Tamil Nadu,Krishnagiri,Hosur(Uzhavar Sandhai ),Colacasia,Colacasia,Local,26/08/2026,4500,5000,4750
Tamil Nadu,Krishnagiri,Hosur(Uzhavar Sandhai ),Mashrooms,Mashrooms,Local,26/08/2026,18000,20000,19000
Tamil Nadu,Krishnagiri,Hosur(Uzhavar Sandhai ),Rose(Local),Rose (Local),Local,26/08/2026,7000,8000,7500
Tamil Nadu,Madurai,Anaiyur(Uzhavar Sandhai ),Apple,American,Local,26/08/2026,18000,27000,22500
Tamil Nadu,Madurai,Anaiyur(Uzhavar Sandhai ),Orange,Darjeeling,Local,26/08/2026,14000,16000,15000
Tamil Nadu,Madurai,Anaiyur(Uzhavar Sandhai ),Cluster beans,Cluster Beans,Local,26/08/2026,3000,3600,3300
Tamil Nadu,Madurai,Anaiyur(Uzhavar Sandhai ),Ashgourd,Gouard,Local,26/08/2026,1800,2000,1900
Tamil Nadu,Madurai,Anaiyur(Uzhavar Sandhai ),Beans,Beans (Whole),Local,26/08/2026,10000,11000,10500
Tamil Nadu,Madurai,Anaiyur(Uzhavar Sandhai ),Tapioca,Tapioca,Local,26/08/2026,3000,4000,3500
Tamil Nadu,Madurai,Anaiyur(Uzhavar Sandhai ),Ginger(Green),Green Ginger,Local,26/08/2026,12000,19000,15500
Tamil Nadu,Madurai,Anaiyur(Uzhavar Sandhai ),Betal Leaves,Mysore,Local,26/08/2026,22000,26000,24000
Tamil Nadu,Madurai,Anaiyur(Uzhavar Sandhai ),Snakeguard,Snakeguard,Local,26/08/2026,3000,3600,3300
Tamil Nadu,Madurai,Anaiyur(Uzhavar Sandhai ),Lime,Lime,Local,26/08/2026,12000,14000,13000
Tamil Nadu,Madurai,Anaiyur(Uzhavar Sandhai ),Guava,Guava Allahabad,Local,26/08/2026,5000,6000,5500
Tamil Nadu,Madurai,Anaiyur(Uzhavar Sandhai ),Colacasia,Colacasia,Local,26/08/2026,5000,6000,5500
Tamil Nadu,Madurai,Anaiyur(Uzhavar Sandhai ),Mashrooms,Mashrooms,Local,26/08/2026,22500,25000,23750
Tamil Nadu,Madurai,Anaiyur(Uzhavar Sandhai ),Amla(Nelli Kai),Amla,Local,26/08/2026,7500,8000,7750
Tamil Nadu,Madurai,Usilampatti(Uzhavar Sandhai ),Brinjal,Round,Local,26/08/2026,3600,4000,3800
Tamil Nadu,Madurai,Usilampatti(Uzhavar Sandhai ),Coriander(Leaves),I Sort,Local,26/08/2026,4000,4500,4250
Tamil Nadu,Madurai,Usilampatti(Uzhavar Sandhai ),Cluster beans,Cluster Beans,Local,26/08/2026,3000,3600,3300
Tamil Nadu,Madurai,Usilampatti(Uzhavar Sandhai ),Bhindi(Ladies Finger),Bhindi,Local,26/08/2026,2600,3000,2800
Tamil Nadu,Madurai,Usilampatti(Uzhavar Sandhai ),Amaranthus,Amaranthus,Local,26/08/2026,3000,3600,3300
Tamil Nadu,Madurai,Usilampatti(Uzhavar Sandhai ),Elephant Yam(Suran)/Amorphophallus,Elephant Yam (Suran),Local,26/08/2026,4000,4500,4250
Tamil Nadu,Madurai,Usilampatti(Uzhavar Sandhai ),Mint(Pudina),Mint(Pudina),Local,26/08/2026,4500,5000,4750
Tamil Nadu,Nagapattinam,Sirkali(Uzhavar Sandhai ),Onion,Bellary,Local,26/08/2026,4500,5000,4750
Tamil Nadu,Nagapattinam,Sirkali(Uzhavar Sandhai ),Cauliflower,Ranchi,Local,26/08/2026,5000,5000,5000
Tamil Nadu,Nagapattinam,Sirkali(Uzhavar Sandhai ),Tomato,Deshi,Local,26/08/2026,2500,2800,2650
Tamil Nadu,Nagapattinam,Sirkali(Uzhavar Sandhai ),Cluster beans,Cluster Beans,Local,26/08/2026,4500,5000,4750
Tamil Nadu,Nagapattinam,Sirkali(Uzhavar Sandhai ),Ashgourd,Gouard,Local,26/08/2026,2500,3000,2750
Tamil Nadu,Nagapattinam,Sirkali(Uzhavar Sandhai ),Banana - Green,Banana - Green,Local,26/08/2026,2500,3000,2750
Tamil Nadu,Nagapattinam,Sirkali(Uzhavar Sandhai ),Sweet Potato,Hosur Red,Local,26/08/2026,5500,6000,5750
Tamil Nadu,Nagapattinam,Sirkali(Uzhavar Sandhai ),Carrot,Pusakesar,Local,26/08/2026,8500,9000,8750
Tamil Nadu,Nagapattinam,Sirkali(Uzhavar Sandhai ),Raddish,Raddish,Local,26/08/2026,3600,4000,3800
Tamil Nadu,Nagapattinam,Sirkali(Uzhavar Sandhai ),Lime,Lime,Local,26/08/2026,3500,4000,3750
Tamil Nadu,Nagapattinam,Sirkali(Uzhavar Sandhai ),Tamarind Fruit,Tamarind Fruit,Local,26/08/2026,15000,15000,15000
Tamil Nadu,Namakkal,Kumarapalayam(Uzhavar Sandhai ),Mousambi(Sweet Lime),Mousambi,Local,26/08/2026,3000,3500,3250
Tamil Nadu,Namakkal,Kumarapalayam(Uzhavar Sandhai ),Ashgourd,Gouard,Local,26/08/2026,2800,3000,2900
Tamil Nadu,Namakkal,Kumarapalayam(Uzhavar Sandhai ),Beans,Beans (Whole),Local,26/08/2026,8500,9500,9000
Tamil Nadu,Namakkal,Kumarapalayam(Uzhavar Sandhai ),Tapioca,Tapioca,Local,26/08/2026,2400,3000,2700
Tamil Nadu,Namakkal,Kumarapalayam(Uzhavar Sandhai ),Carrot,Pusakesar,Local,26/08/2026,7000,7500,7250
Tamil Nadu,Namakkal,Kumarapalayam(Uzhavar Sandhai ),Cabbage,Cabbage,Local,26/08/2026,3600,4000,3800
Tamil Nadu,Namakkal,Kumarapalayam(Uzhavar Sandhai ),Beetroot,Beetroot,Local,26/08/2026,6500,7500,7000
Tamil Nadu,Namakkal,Kumarapalayam(Uzhavar Sandhai ),Lemon,Lemon,Local,26/08/2026,5500,7500,6500
Tamil Nadu,Namakkal,Kumarapalayam(Uzhavar Sandhai ),Mint(Pudina),Mint(Pudina),Local,26/08/2026,5500,6000,5750
Tamil Nadu,Namakkal,Kumarapalayam(Uzhavar Sandhai ),Baby Corn,Baby Corn,Grade A,26/08/2026,2500,3000,2750
Tamil Nadu,Namakkal,Mohanur(Uzhavar Sandhai ),Water Melon,Water Melon,Local,26/08/2026,1000,1200,1100
Tamil Nadu,Namakkal,Mohanur(Uzhavar Sandhai ),Cluster beans,Cluster Beans,Local,26/08/2026,4000,4800,4400
Tamil Nadu,Namakkal,Mohanur(Uzhavar Sandhai ),Green Chilli,Green Chilly,Local,26/08/2026,5500,6000,5750
Tamil Nadu,Namakkal,Namakkal(Uzhavar Sandhai ),Onion,Bellary,Local,26/08/2026,5000,5600,5300
Tamil Nadu,Namakkal,Namakkal(Uzhavar Sandhai ),Beetroot,Beetroot,Local,26/08/2026,6500,7000,6750
Tamil Nadu,Namakkal,Namakkal(Uzhavar Sandhai ),Cucumbar(Kheera),Cucumbar,Local,26/08/2026,7000,9000,8000
Tamil Nadu,Namakkal,Namakkal(Uzhavar Sandhai ),Ridgeguard(Tori),Ridgeguard(Tori),Local,26/08/2026,5000,5500,5250
Tamil Nadu,Namakkal,Namakkal(Uzhavar Sandhai ),Thondekai,Thondekai,Local,26/08/2026,3500,4000,3750
Tamil Nadu,Namakkal,Namakkal(Uzhavar Sandhai ),Mango(Raw-Ripe),Mango - Raw-Ripe,Local,26/08/2026,4500,5000,4750
Tamil Nadu,Namakkal,Namakkal(Uzhavar Sandhai ),Mashrooms,Mashrooms,Local,26/08/2026,20000,25000,22500
Tamil Nadu,Namakkal,Namakkal(Uzhavar Sandhai ),Mint(Pudina),Mint(Pudina),Local,26/08/2026,3500,4000,3750
Tamil Nadu,Namakkal,Namakkal(Uzhavar Sandhai ),Sweet Corn ,Sweet Corn ,Local,26/08/2026,5000,5500,5250
Tamil Nadu,Namakkal,Paramathivelur(Uzhavar Sandhai ),Tomato,Local,Local,26/08/2026,2000,2400,2200
Tamil Nadu,Namakkal,Paramathivelur(Uzhavar Sandhai ),Bitter gourd,Other,Local,26/08/2026,6300,7000,6650
Tamil Nadu,Namakkal,Paramathivelur(Uzhavar Sandhai ),Bottle gourd,Bottle Gourd,Local,26/08/2026,1700,2000,1850
Tamil Nadu,Namakkal,Paramathivelur(Uzhavar Sandhai ),Green Chilli,Green Chilly,Local,26/08/2026,5800,6500,6150
Tamil Nadu,Namakkal,Paramathivelur(Uzhavar Sandhai ),Beans,Beans (Whole),Local,26/08/2026,7200,8000,7600
Tamil Nadu,Namakkal,Paramathivelur(Uzhavar Sandhai ),Ginger(Green),Green Ginger,Local,26/08/2026,18000,20000,19000
Tamil Nadu,Namakkal,Paramathivelur(Uzhavar Sandhai ),Snakeguard,Snakeguard,Local,26/08/2026,4900,5500,5200
Tamil Nadu,Namakkal,Paramathivelur(Uzhavar Sandhai ),Ridgeguard(Tori),Ridgeguard(Tori),Local,26/08/2026,5400,6000,5700
Tamil Nadu,Namakkal,Rasipuram(Uzhavar Sandhai ),Groundnut,Big (With Shell),Local,26/08/2026,6500,7000,6750
Tamil Nadu,Namakkal,Rasipuram(Uzhavar Sandhai ),Pineapple,Pine Apple,Local,26/08/2026,4500,5500,5000
Tamil Nadu,Namakkal,Rasipuram(Uzhavar Sandhai ),Potato,Other,Local,26/08/2026,3000,3500,3250
Tamil Nadu,Namakkal,Rasipuram(Uzhavar Sandhai ),Cauliflower,Ranchi,Local,26/08/2026,3000,4000,3500
Tamil Nadu,Namakkal,Rasipuram(Uzhavar Sandhai ),Water Melon,Water Melon,Local,26/08/2026,1500,2000,1750
Tamil Nadu,Namakkal,Rasipuram(Uzhavar Sandhai ),Green Chilli,Green Chilly,Local,26/08/2026,5400,6000,5700
Tamil Nadu,Namakkal,Rasipuram(Uzhavar Sandhai ),Thondekai,Thondekai,Local,26/08/2026,4500,5000,4750
Tamil Nadu,Namakkal,Rasipuram(Uzhavar Sandhai ),Drumstick,Drumstick,Local,26/08/2026,1500,2000,1750
Tamil Nadu,Namakkal,Rasipuram(Uzhavar Sandhai ),Guava,Guava Allahabad,Local,26/08/2026,5000,6000,5500
Tamil Nadu,Namakkal,Rasipuram(Uzhavar Sandhai ),Amla(Nelli Kai),Amla,Local,26/08/2026,8500,9000,8750
Tamil Nadu,Thanjavur,Tirukattupalli(Uzhavar Sandhai ),Brinjal,Round,Local,26/08/2026,3600,4000,3800
Tamil Nadu,Thanjavur,Tirukattupalli(Uzhavar Sandhai ),Bitter gourd,Bitter Gourd,Local,26/08/2026,5400,5600,5500
Tamil Nadu,Thanjavur,Tirukattupalli(Uzhavar Sandhai ),Bottle gourd,Bottle Gourd,Local,26/08/2026,3000,3000,3000
Tamil Nadu,Thanjavur,Tirukattupalli(Uzhavar Sandhai ),Carrot,Pusakesar,Local,26/08/2026,6800,6800,6800
Tamil Nadu,Thanjavur,Tirukattupalli(Uzhavar Sandhai ),Snakeguard,Snakeguard,Local,26/08/2026,3800,4600,4200
Tamil Nadu,Madurai,Palanganatham(Uzhavar Sandhai ),Soyabean,Local,Local,26/08/2026,10000,11000,10500
Tamil Nadu,Madurai,Palanganatham(Uzhavar Sandhai ),Apple,American,Local,26/08/2026,20000,27000,23500
Tamil Nadu,Madurai,Palanganatham(Uzhavar Sandhai ),Orange,Darjeeling,Local,26/08/2026,14000,16000,15000
Tamil Nadu,Madurai,Palanganatham(Uzhavar Sandhai ),Tomato,Deshi,Local,26/08/2026,1800,2000,1900
Tamil Nadu,Madurai,Palanganatham(Uzhavar Sandhai ),Pumpkin,Pumpkin,Local,26/08/2026,2000,2400,2200
Tamil Nadu,Madurai,Palanganatham(Uzhavar Sandhai ),Green Chilli,Green Chilly,Local,26/08/2026,3600,4000,3800
Tamil Nadu,Madurai,Palanganatham(Uzhavar Sandhai ),Coconut,Coconut,Local,26/08/2026,6500,6800,6650
Tamil Nadu,Madurai,Palanganatham(Uzhavar Sandhai ),Betal Leaves,Mysore,Local,26/08/2026,20000,26000,23000
Tamil Nadu,Madurai,Palanganatham(Uzhavar Sandhai ),Carrot,Pusakesar,Local,26/08/2026,5000,7000,6000
Tamil Nadu,Madurai,Palanganatham(Uzhavar Sandhai ),Ridgeguard(Tori),Ridgeguard(Tori),Local,26/08/2026,5000,6500,5750
Tamil Nadu,Madurai,Palanganatham(Uzhavar Sandhai ),Green Avare(W),Green Avare (W),Local,26/08/2026,4000,5500,4750
Tamil Nadu,Madurai,Palanganatham(Uzhavar Sandhai ),Elephant Yam(Suran)/Amorphophallus,Elephant Yam (Suran),Local,26/08/2026,4000,5000,4500
Tamil Nadu,Madurai,Palanganatham(Uzhavar Sandhai ),Indian Beans(Seam),Indian Beans (Seam),Local,26/08/2026,5000,5500,5250
Tamil Nadu,Madurai,Palanganatham(Uzhavar Sandhai ),Mashrooms,Mashrooms,Local,26/08/2026,22500,25000,23750
Tamil Nadu,Madurai,Palanganatham(Uzhavar Sandhai ),Amla(Nelli Kai),Amla,Local,26/08/2026,7000,8000,7500
Tamil Nadu,Madurai,Anna nagar(Uzhavar Sandhai ),Banana,Besrai,Local,26/08/2026,3500,4000,3750
Tamil Nadu,Madurai,Anna nagar(Uzhavar Sandhai ),Elephant Yam(Suran)/Amorphophallus,Elephant Yam (Suran),Local,26/08/2026,4000,4000,4000
Tamil Nadu,Madurai,Anna nagar(Uzhavar Sandhai ),Apple,American,Local,26/08/2026,22000,24000,23000
Tamil Nadu,Madurai,Anna nagar(Uzhavar Sandhai ),Cauliflower,Ranchi,Local,26/08/2026,4000,4500,4250
Tamil Nadu,Madurai,Anna nagar(Uzhavar Sandhai ),Coriander(Leaves),I Sort,Local,26/08/2026,3000,3000,3000
Tamil Nadu,Madurai,Anna nagar(Uzhavar Sandhai ),Chikoos(Sapota),Sapota,Local,26/08/2026,5000,6000,5500
Tamil Nadu,Madurai,Anna nagar(Uzhavar Sandhai ),Tomato,Other,Local,26/08/2026,2400,2400,2400
Tamil Nadu,Madurai,Anna nagar(Uzhavar Sandhai ),Amaranthus,Amaranthus,Local,26/08/2026,1500,2000,1750
Tamil Nadu,Madurai,Anna nagar(Uzhavar Sandhai ),Banana - Green,Banana - Green,Local,26/08/2026,2500,2500,2500
Tamil Nadu,Madurai,Anna nagar(Uzhavar Sandhai ),Beans,Beans (Whole),Local,26/08/2026,6000,7400,6700
Tamil Nadu,Madurai,Anna nagar(Uzhavar Sandhai ),Sweet Potato,Hosur Red,Local,26/08/2026,5000,5600,5300
Tamil Nadu,Madurai,Anna nagar(Uzhavar Sandhai ),Snakeguard,Snakeguard,Local,26/08/2026,4000,4200,4100
Tamil Nadu,Madurai,Anna nagar(Uzhavar Sandhai ),Beetroot,Beetroot,Local,26/08/2026,4800,5000,4900
Tamil Nadu,Madurai,Anna nagar(Uzhavar Sandhai ),Cucumbar(Kheera),Cucumbar,Local,26/08/2026,5600,5600,5600
Tamil Nadu,Madurai,Anna nagar(Uzhavar Sandhai ),Ridgeguard(Tori),Ridgeguard(Tori),Local,26/08/2026,5000,5600,5300
Tamil Nadu,Madurai,Anna nagar(Uzhavar Sandhai ),Capsicum,Capsicum,Local,26/08/2026,5500,5500,5500
Tamil Nadu,Madurai,Anna nagar(Uzhavar Sandhai ),Knool Khol,Knool Khol,Local,26/08/2026,4000,4000,4000
Tamil Nadu,Madurai,Anna nagar(Uzhavar Sandhai ),Jasmine,Jasmine,Local,26/08/2026,25000,30000,27500
Tamil Nadu,Madurai,Anna nagar(Uzhavar Sandhai ),Tamarind Fruit,Tamarind Fruit,Local,26/08/2026,14000,14000,14000
Tamil Nadu,Madurai,Anna nagar(Uzhavar Sandhai ),Colacasia,Colacasia,Local,26/08/2026,5200,5200,5200
Tamil Nadu,Madurai,Anna nagar(Uzhavar Sandhai ),Turnip,Turnip,Local,26/08/2026,6000,7000,6500
Tamil Nadu,Madurai,Anna nagar(Uzhavar Sandhai ),Mint(Pudina),Mint(Pudina),Local,26/08/2026,5200,5200,5200
Tamil Nadu,Perambalur,Perambalur(Uzhavar Sandhai ),Apple,American,Local,26/08/2026,23000,25000,24000
Tamil Nadu,Perambalur,Perambalur(Uzhavar Sandhai ),Mango,Neelam,Local,26/08/2026,8000,9000,8500
Tamil Nadu,Perambalur,Perambalur(Uzhavar Sandhai ),Potato,Other,Local,26/08/2026,2800,3000,2900
Tamil Nadu,Perambalur,Perambalur(Uzhavar Sandhai ),Bottle gourd,Bottle Gourd,Local,26/08/2026,1800,2200,2000
Tamil Nadu,Perambalur,Perambalur(Uzhavar Sandhai ),Beetroot,Beetroot,Local,26/08/2026,5000,5000,5000
Tamil Nadu,Perambalur,Perambalur(Uzhavar Sandhai ),Capsicum,Capsicum,Local,26/08/2026,7800,7800,7800
Tamil Nadu,Perambalur,Perambalur(Uzhavar Sandhai ),Drumstick,Drumstick,Local,26/08/2026,3600,3600,3600
Tamil Nadu,Perambalur,Perambalur(Uzhavar Sandhai ),Onion Green,Onion Green,Local,26/08/2026,4000,6500,5250
Tamil Nadu,Perambalur,Perambalur(Uzhavar Sandhai ),Mint(Pudina),Mint(Pudina),Local,26/08/2026,6000,6000,6000
Tamil Nadu,Salem,Mecheri(Uzhavar Sandhai),Banana - Green,Banana - Green,Local,26/08/2026,2000,2500,2250
Tamil Nadu,Ranipet,Arcot(Uzhavar Sandhai ),Tomato,Deshi,Local,26/08/2026,2000,2000,2000
Tamil Nadu,Ranipet,Arcot(Uzhavar Sandhai ),Coconut,Coconut,Local,26/08/2026,4000,5000,4500
Tamil Nadu,Ranipet,Arcot(Uzhavar Sandhai ),Knool Khol,Knool Khol,Local,26/08/2026,4000,4000,4000
Tamil Nadu,Ranipet,Arcot(Uzhavar Sandhai ),Guava,Guava Allahabad,Local,26/08/2026,6000,6000,6000
Tamil Nadu,Ranipet,Arcot(Uzhavar Sandhai ),Amla(Nelli Kai),Amla,Local,26/08/2026,12000,12000,12000
Tamil Nadu,Ranipet,Ranipettai(Uzhavar Sandhai ),Brinjal,Other,Local,26/08/2026,3600,4000,3800
Tamil Nadu,Ranipet,Ranipettai(Uzhavar Sandhai ),Cowpea(Veg),Cowpea (Veg),Local,26/08/2026,5000,5000,5000
Tamil Nadu,Ranipet,Ranipettai(Uzhavar Sandhai ),Banana - Green,Banana - Green,Local,26/08/2026,4000,5000,4500
Tamil Nadu,Ranipet,Ranipettai(Uzhavar Sandhai ),Carrot,Pusakesar,Local,26/08/2026,6500,6500,6500
Tamil Nadu,Ranipet,Ranipettai(Uzhavar Sandhai ),Snakeguard,Snakeguard,Local,26/08/2026,3000,3000,3000
Tamil Nadu,Ranipet,Ranipettai(Uzhavar Sandhai ),Ridgeguard(Tori),Ridgeguard(Tori),Local,26/08/2026,4000,5000,4500
Tamil Nadu,Ranipet,Ranipettai(Uzhavar Sandhai ),Raddish,Raddish,Local,26/08/2026,2500,3000,2750
Tamil Nadu,Ranipet,Ranipettai(Uzhavar Sandhai ),Drumstick,Drumstick,Local,26/08/2026,4000,4800,4400
Tamil Nadu,Ranipet,Ranipettai(Uzhavar Sandhai ),Mango(Raw-Ripe),Mango - Raw-Ripe,Local,26/08/2026,5000,5000,5000
Tamil Nadu,Ranipet,Ranipettai(Uzhavar Sandhai ),Lemon,Lemon,Local,26/08/2026,12000,14000,13000
Tamil Nadu,Ranipet,Ranipettai(Uzhavar Sandhai ),Onion Green,Onion Green,Local,26/08/2026,8000,8000,8000
Tamil Nadu,Salem,Ammapet(Uzhavar Sandhai ),Groundnut,Big (With Shell),Local,26/08/2026,6500,7000,6750
Tamil Nadu,Salem,Ammapet(Uzhavar Sandhai ),Banana,Red Banana,Local,26/08/2026,7500,8000,7750
Tamil Nadu,Salem,Ammapet(Uzhavar Sandhai ),Tomato,Local,Local,26/08/2026,1600,2000,1800
Tamil Nadu,Salem,Ammapet(Uzhavar Sandhai ),Pumpkin,Pumpkin,Local,26/08/2026,2000,2400,2200
Tamil Nadu,Salem,Ammapet(Uzhavar Sandhai ),Bhindi(Ladies Finger),Bhindi,Local,26/08/2026,3500,3800,3650
Tamil Nadu,Salem,Ammapet(Uzhavar Sandhai ),Ginger(Green),Green Ginger,Local,26/08/2026,16000,17000,16500
Tamil Nadu,Salem,Ammapet(Uzhavar Sandhai ),Sweet Potato,Hosur Red,Local,26/08/2026,4500,5000,4750
Tamil Nadu,Salem,Ammapet(Uzhavar Sandhai ),Carrot,Pusakesar,Local,26/08/2026,7000,7500,7250
Tamil Nadu,Salem,Ammapet(Uzhavar Sandhai ),Capsicum,Capsicum,Local,26/08/2026,5500,6000,5750
Tamil Nadu,Salem,Ammapet(Uzhavar Sandhai ),Green Avare(W),Other,Local,26/08/2026,4500,5000,4750
Tamil Nadu,Salem,Ammapet(Uzhavar Sandhai ),Drumstick,Drumstick,Local,26/08/2026,2000,2500,2250
Tamil Nadu,Salem,Ammapet(Uzhavar Sandhai ),Pomegranate,Pomogranate,Local,26/08/2026,12000,14000,13000
Tamil Nadu,Salem,Ammapet(Uzhavar Sandhai ),Elephant Yam(Suran)/Amorphophallus,Elephant Yam (Suran),Local,26/08/2026,4500,5000,4750
Tamil Nadu,Salem,Ammapet(Uzhavar Sandhai ),Indian Beans(Seam),Indian Beans (Seam),Local,26/08/2026,5500,6000,5750
Tamil Nadu,Salem,Mettur(Uzhavar Sandhai ),Sweet Corn ,Sweet Corn ,Local,26/08/2026,3000,4000,3500
Tamil Nadu,Salem,Mettur(Uzhavar Sandhai ),Garlic,Garlic,Local,26/08/2026,28000,30000,29000
Tamil Nadu,Salem,Mettur(Uzhavar Sandhai ),Cauliflower,Ranchi,Local,26/08/2026,2500,3000,2750
Tamil Nadu,Salem,Mettur(Uzhavar Sandhai ),Ashgourd,Gouard,Local,26/08/2026,2000,2500,2250
Tamil Nadu,Salem,Mettur(Uzhavar Sandhai ),Bhindi(Ladies Finger),Bhindi,Local,26/08/2026,3000,3500,3250
Tamil Nadu,Salem,Mettur(Uzhavar Sandhai ),Green Chilli,Green Chilly,Local,26/08/2026,4800,5000,4900
Tamil Nadu,Salem,Mettur(Uzhavar Sandhai ),Cabbage,Cabbage,Local,26/08/2026,3500,4000,3750
Tamil Nadu,Salem,Mettur(Uzhavar Sandhai ),Beetroot,Beetroot,Local,26/08/2026,6500,7000,6750
Tamil Nadu,Salem,Mettur(Uzhavar Sandhai ),Capsicum,Capsicum,Local,26/08/2026,6500,7000,6750
Tamil Nadu,Salem,Mettur(Uzhavar Sandhai ),Onion Green,Onion Green,Local,26/08/2026,6000,6500,6250
Tamil Nadu,Salem,Sooramangalam(Uzhavar Sandhai ),Banana,Red Banana,Local,26/08/2026,7000,7500,7250
Tamil Nadu,Salem,Sooramangalam(Uzhavar Sandhai ),Papaya,Papaya,Local,26/08/2026,3500,4000,3750
Tamil Nadu,Salem,Sooramangalam(Uzhavar Sandhai ),Mousambi(Sweet Lime),Mousambi,Local,26/08/2026,3500,4000,3750
Tamil Nadu,Salem,Sooramangalam(Uzhavar Sandhai ),Bitter gourd,Bitter Gourd,Local,26/08/2026,4500,5000,4750
Tamil Nadu,Salem,Sooramangalam(Uzhavar Sandhai ),Ashgourd,Gouard,Local,26/08/2026,1800,2000,1900
Tamil Nadu,Salem,Sooramangalam(Uzhavar Sandhai ),Amaranthus,Amaranthus,Local,26/08/2026,1500,2000,1750
Tamil Nadu,Salem,Sooramangalam(Uzhavar Sandhai ),Tapioca,Tapioca,Local,26/08/2026,3000,3500,3250
Tamil Nadu,Salem,Sooramangalam(Uzhavar Sandhai ),Ginger(Green),Green Ginger,Local,26/08/2026,16000,16600,16300
Tamil Nadu,Salem,Sooramangalam(Uzhavar Sandhai ),Coconut,Coconut,Local,26/08/2026,6000,6500,6250
Tamil Nadu,Salem,Sooramangalam(Uzhavar Sandhai ),Sweet Potato,Hosur Red,Local,26/08/2026,4000,4500,4250
Tamil Nadu,Salem,Sooramangalam(Uzhavar Sandhai ),Knool Khol,Knool Khol,Local,26/08/2026,3500,4000,3750
Tamil Nadu,Salem,Sooramangalam(Uzhavar Sandhai ),Indian Beans(Seam),Indian Beans (Seam),Local,26/08/2026,5500,6000,5750
Tamil Nadu,Salem,Sooramangalam(Uzhavar Sandhai ),Colacasia,Colacasia,Local,26/08/2026,6500,7000,6750
Tamil Nadu,Salem,Sooramangalam(Uzhavar Sandhai ),Amla(Nelli Kai),Amla,Local,26/08/2026,6500,7000,6750
Tamil Nadu,Salem,Sooramangalam(Uzhavar Sandhai ),Rose(Local),Rose (Local),Local,26/08/2026,7500,8000,7750
Tamil Nadu,Salem,Sooramangalam(Uzhavar Sandhai ),Baby Corn,Baby Corn,Grade A,26/08/2026,2500,3000,2750
Tamil Nadu,Thiruchirappalli,Thuraiyur APMC,Amaranthus,Amaranthus,Local,26/08/2026,1500,2000,1750
Tamil Nadu,Thiruchirappalli,Thuraiyur APMC,Ginger(Green),Green Ginger,Local,26/08/2026,16500,17500,17000
Tamil Nadu,Thiruchirappalli,Thuraiyur APMC,Cabbage,Cabbage,Local,26/08/2026,3000,3500,3250
Tamil Nadu,Thiruchirappalli,Thuraiyur APMC,Snakeguard,Snakeguard,Local,26/08/2026,3500,4000,3750
Tamil Nadu,Thiruchirappalli,Thuraiyur APMC,Ridgeguard(Tori),Ridgeguard(Tori),Local,26/08/2026,4500,5000,4750
Tamil Nadu,Thiruchirappalli,Thuraiyur APMC,Raddish,Raddish,Local,26/08/2026,3000,3500,3250
Tamil Nadu,Thiruchirappalli,Thuraiyur APMC,Knool Khol,Knool Khol,Local,26/08/2026,3500,4000,3750
Tamil Nadu,Thiruchirappalli,Thuraiyur APMC,Guava,Guava Allahabad,Local,26/08/2026,7000,8000,7500
Tamil Nadu,Thiruchirappalli,Thuraiyur APMC,Tender Coconut,Tender Coconut,Local,26/08/2026,4000,5000,4500
Tamil Nadu,Thiruchirappalli,Thuraiyur APMC,Lemon,Lemon,Local,26/08/2026,10000,12000,11000
Tamil Nadu,Salem,Thammampatti (Uzhavar Sandhai ),Coriander(Leaves),I Sort,Local,26/08/2026,2800,3000,2900
Tamil Nadu,Salem,Thammampatti (Uzhavar Sandhai ),Chikoos(Sapota),Sapota,Local,26/08/2026,3500,4000,3750
Tamil Nadu,Salem,Thammampatti (Uzhavar Sandhai ),Ginger(Green),Green Ginger,Local,26/08/2026,17000,18000,17500
Tamil Nadu,Salem,Thammampatti (Uzhavar Sandhai ),Coconut,Coconut,Local,26/08/2026,6000,6500,6250
Tamil Nadu,Salem,Thammampatti (Uzhavar Sandhai ),Cabbage,Cabbage,Local,26/08/2026,3500,4000,3750
Tamil Nadu,Salem,Thammampatti (Uzhavar Sandhai ),Thondekai,Thondekai,Local,26/08/2026,4500,5000,4750
Tamil Nadu,Salem,Thammampatti (Uzhavar Sandhai ),Green Avare(W),Green Avare (W),Local,26/08/2026,7000,7500,7250
Tamil Nadu,Salem,Thammampatti (Uzhavar Sandhai ),Guava,Guava Allahabad,Local,26/08/2026,5500,6000,5750
Tamil Nadu,Salem,Thammampatti (Uzhavar Sandhai ),Custard Apple(Sharifa),Custard Apple(Sharifa),Local,26/08/2026,3500,4000,3750
Tamil Nadu,Salem,Thammampatti (Uzhavar Sandhai ),Mint(Pudina),Mint(Pudina),Local,26/08/2026,3000,3500,3250
Tamil Nadu,Salem,Thathakapatti(Uzhavar Sandhai ),Onion,Bellary,Local,26/08/2026,5500,6000,5750
Tamil Nadu,Salem,Thathakapatti(Uzhavar Sandhai ),Potato,Red Nanital,Local,26/08/2026,2800,6400,4600
Tamil Nadu,Salem,Thathakapatti(Uzhavar Sandhai ),Garlic,Garlic,Local,26/08/2026,25000,28000,26500
Tamil Nadu,Salem,Thathakapatti(Uzhavar Sandhai ),Coriander(Leaves),I Sort,Local,26/08/2026,3000,3500,3250
Tamil Nadu,Salem,Thathakapatti(Uzhavar Sandhai ),Chikoos(Sapota),Sapota,Local,26/08/2026,3500,4000,3750
Tamil Nadu,Salem,Thathakapatti(Uzhavar Sandhai ),Papaya,Papaya,Local,26/08/2026,3500,4000,3750
Tamil Nadu,Salem,Thathakapatti(Uzhavar Sandhai ),Mousambi(Sweet Lime),Mousambi,Local,26/08/2026,3000,4000,3500
Tamil Nadu,Salem,Thathakapatti(Uzhavar Sandhai ),Cluster beans,Cluster Beans,Local,26/08/2026,3000,3400,3200
Tamil Nadu,Salem,Thathakapatti(Uzhavar Sandhai ),Pumpkin,Pumpkin,Local,26/08/2026,2000,2400,2200
Tamil Nadu,Salem,Thathakapatti(Uzhavar Sandhai ),Bhindi(Ladies Finger),Bhindi,Local,26/08/2026,3000,3400,3200
Tamil Nadu,Salem,Thathakapatti(Uzhavar Sandhai ),Cowpea(Veg),Cowpea (Veg),Local,26/08/2026,4000,5000,4500
Tamil Nadu,Salem,Thathakapatti(Uzhavar Sandhai ),Beans,Beans (Whole),Local,26/08/2026,7500,8000,7750
Tamil Nadu,Salem,Thathakapatti(Uzhavar Sandhai ),Cucumbar(Kheera),Cucumbar,Local,26/08/2026,4000,5000,4500
Tamil Nadu,Salem,Thathakapatti(Uzhavar Sandhai ),Ridgeguard(Tori),Ridgeguard(Tori),Local,26/08/2026,3500,4000,3750
Tamil Nadu,Salem,Thathakapatti(Uzhavar Sandhai ),Green Avare(W),Green Avare (W),Local,26/08/2026,5000,6500,5750
Tamil Nadu,Salem,Thathakapatti(Uzhavar Sandhai ),Lime,Lime,Local,26/08/2026,3500,4000,3750
Tamil Nadu,Salem,Thathakapatti(Uzhavar Sandhai ),Tube Rose(Loose),Tube Rose (Loose),Local,26/08/2026,13000,14000,13500
Tamil Nadu,Theni,Chinnamanur(Uzhavar Sandhai ),Coriander(Leaves),I Sort,Local,26/08/2026,3000,3000,3000
Tamil Nadu,Theni,Chinnamanur(Uzhavar Sandhai ),Ginger(Green),Green Ginger,Local,26/08/2026,15600,15600,15600
Tamil Nadu,Theni,Chinnamanur(Uzhavar Sandhai ),Amla(Nelli Kai),Amla,Local,26/08/2026,6000,6000,6000
Tamil Nadu,Theni,Kambam(Uzhavar Sandhai ),Cluster beans,Cluster Beans,Local,26/08/2026,2600,2800,2700
Tamil Nadu,Theni,Kambam(Uzhavar Sandhai ),Ashgourd,Gouard,Local,26/08/2026,1400,1400,1400
Tamil Nadu,Theni,Kambam(Uzhavar Sandhai ),Cowpea(Veg),Cowpea (Veg),Local,26/08/2026,3000,4000,3500
Tamil Nadu,Theni,Kambam(Uzhavar Sandhai ),Snakeguard,Snakeguard,Local,26/08/2026,3200,4000,3600
Tamil Nadu,Theni,Kambam(Uzhavar Sandhai ),Beetroot,Beetroot,Local,26/08/2026,3200,3200,3200
Tamil Nadu,Theni,Kambam(Uzhavar Sandhai ),Cucumbar(Kheera),Cucumbar,Local,26/08/2026,1800,1800,1800
Tamil Nadu,Theni,Kambam(Uzhavar Sandhai ),Mint(Pudina),Mint(Pudina),Local,26/08/2026,4500,4500,4500
Tamil Nadu,Theni,Theni(Uzhavar Sandhai ),Potato,Other,Local,26/08/2026,2600,2600,2600
Tamil Nadu,Theni,Theni(Uzhavar Sandhai ),Green Peas,Green Peas,Local,26/08/2026,16000,16000,16000
Tamil Nadu,Theni,Theni(Uzhavar Sandhai ),Pumpkin,Pumpkin,Local,26/08/2026,1500,1800,1650
Tamil Nadu,Theni,Theni(Uzhavar Sandhai ),Amaranthus,Amaranthus,Local,26/08/2026,2000,2000,2000
Tamil Nadu,Theni,Theni(Uzhavar Sandhai ),Thondekai,Thondekai,Local,26/08/2026,2800,2800,2800
Tamil Nadu,Theni,Theni(Uzhavar Sandhai ),Chow Chow,Chow Chow,Local,26/08/2026,3000,3000,3000
Tamil Nadu,Theni,Theni(Uzhavar Sandhai ),Knool Khol,Knool Khol,Local,26/08/2026,3500,3500,3500
Tamil Nadu,Theni,Theni(Uzhavar Sandhai ),Pomegranate,Pomogranate,Local,26/08/2026,14000,26000,20000
Tamil Nadu,Theni,Theni(Uzhavar Sandhai ),Lemon,Lemon,Local,26/08/2026,10000,13000,11500
Tamil Nadu,Theni,Theni(Uzhavar Sandhai ),Onion Green,Onion Green,Local,26/08/2026,6500,7000,6750
Tamil Nadu,Thirunelveli,Ambasamudram(Uzhavar Sandhai ),Brinjal,Other,Local,26/08/2026,3000,3600,3300
Tamil Nadu,Thirunelveli,Kandiyaperi(Uzhavar Sandhai ),Pumpkin,Pumpkin,Local,26/08/2026,800,1000,900
Tamil Nadu,Thirunelveli,Melapalayam(Uzhavar Sandhai ),Potato,Other,Local,26/08/2026,2400,2600,2500
Tamil Nadu,Thirunelveli,Melapalayam(Uzhavar Sandhai ),Garlic,Garlic,Local,26/08/2026,22000,25000,23500
Tamil Nadu,Thirunelveli,Melapalayam(Uzhavar Sandhai ),Ashgourd,Gouard,Local,26/08/2026,800,1000,900
Tamil Nadu,Thirunelveli,Melapalayam(Uzhavar Sandhai ),Pumpkin,Pumpkin,Local,26/08/2026,800,1000,900
Tamil Nadu,Thirunelveli,Melapalayam(Uzhavar Sandhai ),Banana - Green,Banana - Green,Local,26/08/2026,2500,3000,2750
Tamil Nadu,Thirunelveli,Melapalayam(Uzhavar Sandhai ),Beetroot,Beetroot,Local,26/08/2026,4800,6800,5800
Tamil Nadu,Thirunelveli,Melapalayam(Uzhavar Sandhai ),Raddish,Raddish,Local,26/08/2026,3000,3500,3250
Tamil Nadu,Thirunelveli,Melapalayam(Uzhavar Sandhai ),Amla(Nelli Kai),Amla,Local,26/08/2026,4000,4500,4250
Tamil Nadu,Thirunelveli,Melapalayam(Uzhavar Sandhai ),Onion Green,Onion Green,Local,26/08/2026,5500,7200,6350
Tamil Nadu,Thirunelveli,NGO Colony(Uzhavar Sandhai ),Banana,Besrai,Local,26/08/2026,5500,6000,5750
Tamil Nadu,Thirunelveli,NGO Colony(Uzhavar Sandhai ),Tomato,Deshi,Local,26/08/2026,2000,2500,2250
Tamil Nadu,Thirunelveli,NGO Colony(Uzhavar Sandhai ),Green Chilli,Green Chilly,Local,26/08/2026,3500,4000,3750
Tamil Nadu,Thirunelveli,Palayamkottai(Uzhavar Sandhai ),Apple,American,Local,26/08/2026,20000,24000,22000
Tamil Nadu,Thirunelveli,Palayamkottai(Uzhavar Sandhai ),Brinjal,Other,Local,26/08/2026,1500,2000,1750
Tamil Nadu,Thirunelveli,Palayamkottai(Uzhavar Sandhai ),Bottle gourd,Bottle Gourd,Local,26/08/2026,900,1000,950
Tamil Nadu,Thirunelveli,Palayamkottai(Uzhavar Sandhai ),Amaranthus,Amaranthus,Local,26/08/2026,1200,1500,1350
Tamil Nadu,Thirunelveli,Palayamkottai(Uzhavar Sandhai ),Coconut,Coconut,Local,26/08/2026,5800,6200,6000
Tamil Nadu,Thirunelveli,Palayamkottai(Uzhavar Sandhai ),Beetroot,Beetroot,Local,26/08/2026,4800,6800,5800
Tamil Nadu,Thirunelveli,Palayamkottai(Uzhavar Sandhai ),Capsicum,Capsicum,Local,26/08/2026,6000,6500,6250
Tamil Nadu,Thirunelveli,Palayamkottai(Uzhavar Sandhai ),Chow Chow,Chow Chow,Local,26/08/2026,3400,3600,3500
Tamil Nadu,Thirunelveli,Palayamkottai(Uzhavar Sandhai ),Mango(Raw-Ripe),Mango - Raw-Ripe,Local,26/08/2026,6000,6500,6250
Tamil Nadu,Thirupur,Kangayam(Uzhavar Sandhai ),Cauliflower,Ranchi,Local,26/08/2026,3000,3500,3250
Tamil Nadu,Thirupur,Kangayam(Uzhavar Sandhai ),Papaya,Papaya,Local,26/08/2026,2400,2700,2550
Tamil Nadu,Thirupur,Kangayam(Uzhavar Sandhai ),Cluster beans,Cluster Beans,Local,26/08/2026,4000,4500,4250
Tamil Nadu,Thirupur,Kangayam(Uzhavar Sandhai ),Bitter gourd,Bitter Gourd,Local,26/08/2026,6000,6500,6250
Tamil Nadu,Thirupur,Kangayam(Uzhavar Sandhai ),Amaranthus,Amaranthus,Local,26/08/2026,2000,2500,2250
Tamil Nadu,Thirupur,Kangayam(Uzhavar Sandhai ),Coconut,Coconut,Local,26/08/2026,4500,5200,4850
Tamil Nadu,Thirupur,Kangayam(Uzhavar Sandhai ),Lemon,Lemon,Local,26/08/2026,14000,15000,14500
Tamil Nadu,Thirupur,Tiruppur (North) (Uzhavar Sandhai ),Banana,Red Banana,Local,26/08/2026,6000,7000,6500
Tamil Nadu,Thirupur,Tiruppur (North) (Uzhavar Sandhai ),Onion,Bellary,Local,26/08/2026,5000,6000,5500
Tamil Nadu,Thirupur,Tiruppur (North) (Uzhavar Sandhai ),Brinjal,Other,Local,26/08/2026,2500,3000,2750
Tamil Nadu,Thirupur,Tiruppur (North) (Uzhavar Sandhai ),Tomato,Local,Local,26/08/2026,1300,1600,1450
Tamil Nadu,Thirupur,Tiruppur (North) (Uzhavar Sandhai ),Amaranthus,Amaranthus,Local,26/08/2026,2000,2600,2300
Tamil Nadu,Thirupur,Tiruppur (North) (Uzhavar Sandhai ),Guava,Guava Allahabad,Local,26/08/2026,4500,5000,4750
Tamil Nadu,Thirupur,Tiruppur (North) (Uzhavar Sandhai ),Mint(Pudina),Mint(Pudina),Local,26/08/2026,2000,2500,2250
Tamil Nadu,Thiruvannamalai,Chengam(Uzhavar Sandhai ),Onion,Bellary,Local,26/08/2026,3300,4000,3650
Tamil Nadu,Thiruvannamalai,Chengam(Uzhavar Sandhai ),Tomato,Local,Local,26/08/2026,2000,2500,2250
Tamil Nadu,Thiruvannamalai,Chengam(Uzhavar Sandhai ),Bottle gourd,Bottle Gourd,Local,26/08/2026,1600,2000,1800
Tamil Nadu,Thiruvannamalai,Chengam(Uzhavar Sandhai ),Beetroot,Beetroot,Local,26/08/2026,4200,5000,4600
Tamil Nadu,Thiruvannamalai,Chengam(Uzhavar Sandhai ),Chow Chow,Chow Chow,Local,26/08/2026,4200,5000,4600
Tamil Nadu,Thiruvannamalai,Chengam(Uzhavar Sandhai ),Drumstick,Drumstick,Local,26/08/2026,3300,4000,3650
Tamil Nadu,Thiruvannamalai,Chengam(Uzhavar Sandhai ),Jack Fruit(Ripe),Jack Fruit,Local,26/08/2026,1600,2000,1800
Tamil Nadu,Thiruvannamalai,Chengam(Uzhavar Sandhai ),Mint(Pudina),Mint(Pudina),Local,26/08/2026,5000,6000,5500
Tamil Nadu,Thiruvannamalai,Keelpennathur(Uzhavar Sandhai ),Coconut,Coconut,Local,26/08/2026,6500,7000,6750
Tamil Nadu,Thiruvannamalai,Keelpennathur(Uzhavar Sandhai ),Jasmine,Jasmine,Local,26/08/2026,29000,30000,29500
Tamil Nadu,Thiruvannamalai,Tamarainagar(Uzhavar Sandhai ),Brinjal,Round,Local,26/08/2026,5000,6000,5500
Tamil Nadu,Thiruvannamalai,Tamarainagar(Uzhavar Sandhai ),Amaranthus,Amaranthus,Local,26/08/2026,3000,4000,3500
Tamil Nadu,Thiruvannamalai,Tamarainagar(Uzhavar Sandhai ),Tapioca,Tapioca,Local,26/08/2026,1500,2000,1750
Tamil Nadu,Thiruvannamalai,Tamarainagar(Uzhavar Sandhai ),Lemon,Lemon,Local,26/08/2026,16000,18000,17000
Tamil Nadu,Thiruvannamalai,Tamarainagar(Uzhavar Sandhai ),Colacasia,Colacasia,Local,26/08/2026,3000,3500,3250
Tamil Nadu,Thiruvannamalai,Tamarainagar(Uzhavar Sandhai ),Amla(Nelli Kai),Amla,Local,26/08/2026,8000,10000,9000
Tamil Nadu,Thiruvannamalai,Tamarainagar(Uzhavar Sandhai ),Mint(Pudina),Mint(Pudina),Local,26/08/2026,5000,6000,5500
Tamil Nadu,Thiruvannamalai,Vandavasi(Uzhavar Sandhai ),Green Chilli,Green Chilly,Local,26/08/2026,6000,7200,6600
Tamil Nadu,Thiruvannamalai,Vandavasi(Uzhavar Sandhai ),Beetroot,Beetroot,Local,26/08/2026,4000,4800,4400
Tamil Nadu,Thiruvannamalai,Vandavasi(Uzhavar Sandhai ),Ridgeguard(Tori),Ridgeguard(Tori),Local,26/08/2026,3600,4200,3900
Tamil Nadu,Thiruvannamalai,Vandavasi(Uzhavar Sandhai ),Thondekai,Thondekai,Local,26/08/2026,3500,4000,3750
Tamil Nadu,Thiruvannamalai,Vandavasi(Uzhavar Sandhai ),Lemon,Lemon,Local,26/08/2026,10000,12000,11000
Tamil Nadu,Thiruvarur,Muthupettai(Uzhavar Sandhai ),Onion,Bellary,Local,26/08/2026,5000,5000,5000
Tamil Nadu,Thiruvarur,Muthupettai(Uzhavar Sandhai ),Potato,Red Nanital,Local,26/08/2026,3000,3000,3000
Tamil Nadu,Thiruvarur,Muthupettai(Uzhavar Sandhai ),Coriander(Leaves),I Sort,Local,26/08/2026,3500,3500,3500
Tamil Nadu,Thiruvarur,Muthupettai(Uzhavar Sandhai ),Cluster beans,Cluster Beans,Local,26/08/2026,3800,3800,3800
Tamil Nadu,Thiruvarur,Muthupettai(Uzhavar Sandhai ),Beetroot,Beetroot,Local,26/08/2026,4800,4800,4800
Tamil Nadu,Thiruvarur,Muthupettai(Uzhavar Sandhai ),Mango(Raw-Ripe),Mango - Raw-Ripe,Local,26/08/2026,8000,8000,8000
Tamil Nadu,Thiruvarur,Muthupettai(Uzhavar Sandhai ),Mint(Pudina),Mint(Pudina),Local,26/08/2026,5000,5000,5000
Maharashtra,Sangli,"Sangli(Phale, Bhajipala Market) APMC",Pomegranate,Other,Local,26/08/2026,3000,9000,6000
Maharashtra,Sangli,"Sangli(Phale, Bhajipala Market) APMC",Orange,Other,Local,26/08/2026,2500,6500,4500
Maharashtra,Sangli,"Sangli(Phale, Bhajipala Market) APMC",Ginger(Green),Other,Local,26/08/2026,8000,15000,11500
Maharashtra,Sangli,"Sangli(Phale, Bhajipala Market) APMC",Onion,Local,Local,26/08/2026,1700,4500,3100
Tamil Nadu,Coimbatore,Sulur(Uzhavar Sandhai ),Potato,Other,Local,26/08/2026,6500,7200,6850
Tamil Nadu,Coimbatore,Sulur(Uzhavar Sandhai ),Cabbage,Cabbage,Local,26/08/2026,2500,3000,2750
Tamil Nadu,Coimbatore,Sulur(Uzhavar Sandhai ),Beetroot,Beetroot,Local,26/08/2026,5500,6000,5750
Tamil Nadu,Coimbatore,Sulur(Uzhavar Sandhai ),Raddish,Raddish,Local,26/08/2026,3000,3500,3250
Tamil Nadu,Coimbatore,Sulur(Uzhavar Sandhai ),Thondekai,Thondekai,Local,26/08/2026,3000,3500,3250
Tamil Nadu,Coimbatore,Sulur(Uzhavar Sandhai ),Capsicum,Capsicum,Local,26/08/2026,5500,6000,5750
Tamil Nadu,Coimbatore,Sulur(Uzhavar Sandhai ),Chow Chow,Chow Chow,Local,26/08/2026,3200,3600,3400
Tamil Nadu,Coimbatore,Sulur(Uzhavar Sandhai ),Drumstick,Drumstick,Local,26/08/2026,3000,3200,3100
Tamil Nadu,Coimbatore,Sulur(Uzhavar Sandhai ),Lemon,Lemon,Local,26/08/2026,15000,16200,15600
Tamil Nadu,Coimbatore,Sulur(Uzhavar Sandhai ),Amla(Nelli Kai),Amla,Local,26/08/2026,8500,9000,8750
Tamil Nadu,Pudukkottai,Gandarvakottai(Uzhavar Sandhai ),Banana,Red Banana,Local,26/08/2026,6500,7000,6750
Tamil Nadu,Pudukkottai,Gandarvakottai(Uzhavar Sandhai ),Ashgourd,Gouard,Local,26/08/2026,1000,1500,1250
Tamil Nadu,Pudukkottai,Gandarvakottai(Uzhavar Sandhai ),Bhindi(Ladies Finger),Bhindi,Local,26/08/2026,3500,4000,3750
Tamil Nadu,Pudukkottai,Gandarvakottai(Uzhavar Sandhai ),Mint(Pudina),Mint(Pudina),Local,26/08/2026,4500,5000,4750
Tamil Nadu,Cuddalore,Panruti(Uzhavar Sandhai ),Banana,Besrai,Local,26/08/2026,4000,8000,6000
Tamil Nadu,Cuddalore,Panruti(Uzhavar Sandhai ),Ashgourd,Gouard,Local,26/08/2026,2500,2500,2500
Tamil Nadu,Cuddalore,Panruti(Uzhavar Sandhai ),Bhindi(Ladies Finger),Bhindi,Local,26/08/2026,4000,4000,4000
Tamil Nadu,Cuddalore,Panruti(Uzhavar Sandhai ),Coconut,Coconut,Local,26/08/2026,6000,6000,6000
Tamil Nadu,Cuddalore,Panruti(Uzhavar Sandhai ),Snakeguard,Snakeguard,Local,26/08/2026,3000,3000,3000
Tamil Nadu,Cuddalore,Panruti(Uzhavar Sandhai ),Green Avare(W),Green Avare (W),Local,26/08/2026,6000,6000,6000
Tamil Nadu,Cuddalore,Panruti(Uzhavar Sandhai ),Jack Fruit(Ripe),Jack Fruit,Local,26/08/2026,8000,8000,8000
Tamil Nadu,Cuddalore,Panruti(Uzhavar Sandhai ),Onion Green,Onion Green,Local,26/08/2026,8000,8000,8000
Tamil Nadu,Cuddalore,Vadalur(Uzhavar Sandhai ),Onion,Bellary,Local,26/08/2026,4500,5500,5000
Tamil Nadu,Cuddalore,Vadalur(Uzhavar Sandhai ),Coriander(Leaves),I Sort,Local,26/08/2026,4000,4000,4000
Tamil Nadu,Cuddalore,Vadalur(Uzhavar Sandhai ),Chow Chow,Chow Chow,Local,26/08/2026,4000,4000,4000
Tamil Nadu,Dharmapuri,AJattihalli(Uzhavar Sandhai ),Bhindi(Ladies Finger),Bhindi,Local,26/08/2026,3000,3000,3000
Tamil Nadu,Dharmapuri,AJattihalli(Uzhavar Sandhai ),Cabbage,Cabbage,Local,26/08/2026,3000,3400,3200
Tamil Nadu,Dharmapuri,AJattihalli(Uzhavar Sandhai ),Thondekai,Thondekai,Local,26/08/2026,5200,5200,5200
Tamil Nadu,Dharmapuri,AJattihalli(Uzhavar Sandhai ),Green Avare(W),Green Avare (W),Local,26/08/2026,4000,4000,4000
Tamil Nadu,Dharmapuri,AJattihalli(Uzhavar Sandhai ),Knool Khol,Knool Khol,Local,26/08/2026,5400,5400,5400
Tamil Nadu,Dharmapuri,AJattihalli(Uzhavar Sandhai ),Lemon,Lemon,Local,26/08/2026,15000,20000,17500
Tamil Nadu,Karur,Pallapatti (Uzhavar Sandhai ),Snakeguard,Snakeguard,Local,26/08/2026,3500,4000,3750
Tamil Nadu,Karur,Velayuthampalayam(Uzhavar Sandhai ),Cluster beans,Cluster Beans,Local,26/08/2026,3200,4000,3600
Tamil Nadu,Karur,Velayuthampalayam(Uzhavar Sandhai ),Pumpkin,Pumpkin,Local,26/08/2026,2400,3000,2700
Tamil Nadu,Karur,Velayuthampalayam(Uzhavar Sandhai ),Bhindi(Ladies Finger),Bhindi,Local,26/08/2026,3800,4500,4150
Tamil Nadu,Karur,Velayuthampalayam(Uzhavar Sandhai ),Green Chilli,Green Chilly,Local,26/08/2026,3200,4000,3600
Tamil Nadu,Karur,Velayuthampalayam(Uzhavar Sandhai ),Lemon,Lemon,Local,26/08/2026,18000,19000,18500
Tamil Nadu,Karur,Vengamedu(Uzhavar Sandhai ),Banana,Red Banana,Local,26/08/2026,5000,6000,5500
Tamil Nadu,Karur,Vengamedu(Uzhavar Sandhai ),Coriander(Leaves),I Sort,Local,26/08/2026,5000,5500,5250
Tamil Nadu,Karur,Vengamedu(Uzhavar Sandhai ),Onion Green,Onion Green,Local,26/08/2026,7500,8000,7750
Tamil Nadu,Karur,Vengamedu(Uzhavar Sandhai ),Mint(Pudina),Mint(Pudina),Local,26/08/2026,5000,5500,5250
Tamil Nadu,Theni,Devaram(Uzhavar Sandhai ),Onion,Bellary,Local,26/08/2026,5500,5500,5500
Tamil Nadu,Theni,Devaram(Uzhavar Sandhai ),Cauliflower,Ranchi,Local,26/08/2026,3000,3000,3000
Tamil Nadu,Theni,Devaram(Uzhavar Sandhai ),Bottle gourd,Bottle Gourd,Local,26/08/2026,1800,1800,1800
Tamil Nadu,Theni,Devaram(Uzhavar Sandhai ),Bhindi(Ladies Finger),Bhindi,Local,26/08/2026,3500,3500,3500
Tamil Nadu,Theni,Devaram(Uzhavar Sandhai ),Amaranthus,Amaranthus,Local,26/08/2026,2500,2500,2500
Tamil Nadu,Theni,Devaram(Uzhavar Sandhai ),Green Chilli,Green Chilly,Local,26/08/2026,4000,4000,4000
Tamil Nadu,Theni,Devaram(Uzhavar Sandhai ),Green Avare(W),Green Avare (W),Local,26/08/2026,4000,4000,4000
Tamil Nadu,Theni,Devaram(Uzhavar Sandhai ),Drumstick,Drumstick,Local,26/08/2026,2500,2500,2500
Tamil Nadu,Theni,Devaram(Uzhavar Sandhai ),Indian Beans(Seam),Indian Beans (Seam),Local,26/08/2026,4500,4500,4500
Tamil Nadu,Salem,Attayampatti(Uzhavar Sandhai ),Groundnut,Big (With Shell),Local,26/08/2026,7000,7000,7000
Tamil Nadu,Salem,Attayampatti(Uzhavar Sandhai ),Brinjal,Round,Local,26/08/2026,4000,4400,4200
Tamil Nadu,Salem,Attayampatti(Uzhavar Sandhai ),Tomato,Deshi,Local,26/08/2026,2000,2000,2000
Tamil Nadu,Salem,Attayampatti(Uzhavar Sandhai ),Tapioca,Tapioca,Local,26/08/2026,3500,3500,3500
Tamil Nadu,Sivaganga,Sivagangai (Uzhavar Sandhai ),Cluster beans,Cluster Beans,Local,26/08/2026,3200,3800,3500
Tamil Nadu,Sivaganga,Sivagangai (Uzhavar Sandhai ),Ginger(Green),Green Ginger,Local,26/08/2026,13000,20000,16500
Tamil Nadu,Sivaganga,Sivagangai (Uzhavar Sandhai ),Ridgeguard(Tori),Ridgeguard(Tori),Local,26/08/2026,5200,6600,5900
Tamil Nadu,Sivaganga,Sivagangai (Uzhavar Sandhai ),Drumstick,Drumstick,Local,26/08/2026,3200,5200,4200
Tamil Nadu,Sivaganga,Devakottai (Uzhavar Sandhai ),Potato,Other,Local,26/08/2026,4200,5000,4600
Tamil Nadu,Sivaganga,Devakottai (Uzhavar Sandhai ),Papaya,Papaya,Local,26/08/2026,4000,4800,4400
Tamil Nadu,Sivaganga,Devakottai (Uzhavar Sandhai ),Bottle gourd,Bottle Gourd,Local,26/08/2026,3000,3400,3200
Tamil Nadu,Sivaganga,Devakottai (Uzhavar Sandhai ),Pumpkin,Pumpkin,Local,26/08/2026,2200,2600,2400
Tamil Nadu,Sivaganga,Devakottai (Uzhavar Sandhai ),Banana - Green,Banana - Green,Local,26/08/2026,2500,3000,2750
Tamil Nadu,Sivaganga,Devakottai (Uzhavar Sandhai ),Beans,Beans (Whole),Local,26/08/2026,9200,10200,9700
Tamil Nadu,Sivaganga,Devakottai (Uzhavar Sandhai ),Chow Chow,Chow Chow,Local,26/08/2026,3000,3400,3200
Tamil Nadu,Sivaganga,Devakottai (Uzhavar Sandhai ),Mango(Raw-Ripe),Mango - Raw-Ripe,Local,26/08/2026,5000,5800,5400
Tamil Nadu,Sivaganga,Devakottai (Uzhavar Sandhai ),Onion Green,Onion Green,Local,26/08/2026,7800,8200,8000
Tamil Nadu,Salem,Edapadi (Uzhavar Sandhai ),Coriander(Leaves),I Sort,Local,26/08/2026,1800,2000,1900
Tamil Nadu,Salem,Edapadi (Uzhavar Sandhai ),Banana - Green,Banana - Green,Local,26/08/2026,2400,2800,2600
Tamil Nadu,Salem,Edapadi (Uzhavar Sandhai ),Coconut,Coconut,Local,26/08/2026,4500,5000,4750
Tamil Nadu,Salem,Edapadi (Uzhavar Sandhai ),Cabbage,Cabbage,Local,26/08/2026,2500,3000,2750
Tamil Nadu,Salem,Edapadi (Uzhavar Sandhai ),Snakeguard,Snakeguard,Local,26/08/2026,3500,4000,3750
Tamil Nadu,Salem,Edapadi (Uzhavar Sandhai ),Knool Khol,Knool Khol,Local,26/08/2026,3800,4000,3900
Tamil Nadu,Salem,Elampillai(Uzhavar Sandhai ),Cluster beans,Cluster Beans,Local,26/08/2026,3000,3500,3250
Tamil Nadu,Salem,Elampillai(Uzhavar Sandhai ),Bottle gourd,Bottle Gourd,Local,26/08/2026,2500,3000,2750
Tamil Nadu,Salem,Elampillai(Uzhavar Sandhai ),Pumpkin,Pumpkin,Local,26/08/2026,2000,2400,2200
Tamil Nadu,Salem,Elampillai(Uzhavar Sandhai ),Bhindi(Ladies Finger),Bhindi,Local,26/08/2026,3000,3500,3250
Tamil Nadu,Salem,Elampillai(Uzhavar Sandhai ),Ginger(Green),Green Ginger,Local,26/08/2026,17000,17500,17250
Tamil Nadu,Salem,Elampillai(Uzhavar Sandhai ),Ridgeguard(Tori),Ridgeguard(Tori),Local,26/08/2026,3500,4000,3750
Tamil Nadu,Salem,Elampillai(Uzhavar Sandhai ),Green Avare(W),Other,Local,26/08/2026,5000,5500,5250
Tamil Nadu,Salem,Elampillai(Uzhavar Sandhai ),Chow Chow,Chow Chow,Local,26/08/2026,4000,4500,4250
Tamil Nadu,Salem,Elampillai(Uzhavar Sandhai ),Guava,Guava Allahabad,Local,26/08/2026,3000,4000,3500
Tamil Nadu,Salem,Elampillai(Uzhavar Sandhai ),Lemon,Lemon,Local,26/08/2026,4000,5000,4500
Tamil Nadu,Salem,Hasthampatti(Uzhavar Sandhai ),Tomato,Deshi,Local,26/08/2026,1600,1800,1700
Tamil Nadu,Salem,Hasthampatti(Uzhavar Sandhai ),Carrot,Pusakesar,Local,26/08/2026,7000,7500,7250
Tamil Nadu,Salem,Hasthampatti(Uzhavar Sandhai ),Ridgeguard(Tori),Ridgeguard(Tori),Local,26/08/2026,3500,4000,3750
Tamil Nadu,Salem,Hasthampatti(Uzhavar Sandhai ),Amla(Nelli Kai),Amla,Local,26/08/2026,6600,7000,6800
Tamil Nadu,Salem,Hasthampatti(Uzhavar Sandhai ),Onion Green,Onion Green,Local,26/08/2026,5600,6000,5800
Tamil Nadu,Salem,Jalagandapuram(Uzhavar Sandhai ),Coriander(Leaves),I Sort,Local,26/08/2026,3000,4000,3500
Tamil Nadu,Salem,Jalagandapuram(Uzhavar Sandhai ),Papaya,Papaya,Local,26/08/2026,2500,3000,2750
Tamil Nadu,Salem,Jalagandapuram(Uzhavar Sandhai ),Pumpkin,Pumpkin,Local,26/08/2026,2000,2200,2100
Tamil Nadu,Salem,Jalagandapuram(Uzhavar Sandhai ),Amaranthus,Amaranthus,Local,26/08/2026,2000,2500,2250
Tamil Nadu,Salem,Jalagandapuram(Uzhavar Sandhai ),Cabbage,Cabbage,Local,26/08/2026,3000,3500,3250
Tamil Nadu,Salem,Jalagandapuram(Uzhavar Sandhai ),Beetroot,Beetroot,Local,26/08/2026,5000,6000,5500
Tamil Nadu,Salem,Jalagandapuram(Uzhavar Sandhai ),Guava,Guava Allahabad,Local,26/08/2026,4000,5000,4500
Tamil Nadu,Salem,Jalagandapuram(Uzhavar Sandhai ),Lemon,Lemon,Local,26/08/2026,8000,10000,9000
Tamil Nadu,Salem,Jalagandapuram(Uzhavar Sandhai ),Onion Green,Onion Green,Local,26/08/2026,5000,6000,5500
Tamil Nadu,Sivaganga,Singampunari(Uzhavar Sandhai ),Brinjal,Other,Local,26/08/2026,3800,4200,4000
Tamil Nadu,Sivaganga,Singampunari(Uzhavar Sandhai ),Papaya,Papaya,Local,26/08/2026,4200,4600,4400
Tamil Nadu,Sivaganga,Singampunari(Uzhavar Sandhai ),Tomato,Other,Local,26/08/2026,2000,2200,2100
Tamil Nadu,Sivaganga,Singampunari(Uzhavar Sandhai ),Bitter gourd,Other,Local,26/08/2026,6200,6600,6400
Tamil Nadu,Sivaganga,Singampunari(Uzhavar Sandhai ),Ashgourd,Gouard,Local,26/08/2026,1800,2200,2000
Tamil Nadu,Sivaganga,Singampunari(Uzhavar Sandhai ),Cabbage,Cabbage,Local,26/08/2026,2600,2800,2700
Tamil Nadu,Sivaganga,Singampunari(Uzhavar Sandhai ),Chow Chow,Chow Chow,Local,26/08/2026,2600,3200,2900
Tamil Nadu,Sivaganga,Singampunari(Uzhavar Sandhai ),Yam(Ratalu),Yam (Ratalu),Local,26/08/2026,8000,9000,8500
Tamil Nadu,Sivaganga,Karaikudi(Uzhavar Sandhai ),Cauliflower,Ranchi,Local,26/08/2026,3500,4000,3750
Tamil Nadu,Sivaganga,Karaikudi(Uzhavar Sandhai ),Cluster beans,Cluster Beans,Local,26/08/2026,4000,4400,4200
Tamil Nadu,Sivaganga,Karaikudi(Uzhavar Sandhai ),Ashgourd,Gouard,Local,26/08/2026,2000,2400,2200
Tamil Nadu,Sivaganga,Karaikudi(Uzhavar Sandhai ),Ginger(Green),Green Ginger,Local,26/08/2026,12500,20500,16500
Tamil Nadu,Sivaganga,Karaikudi(Uzhavar Sandhai ),Cabbage,Cabbage,Local,26/08/2026,3000,3500,3250
Tamil Nadu,Sivaganga,Karaikudi(Uzhavar Sandhai ),Green Avare(W),Green Avare (W),Local,26/08/2026,5000,5500,5250
Tamil Nadu,Sivaganga,Karaikudi(Uzhavar Sandhai ),Knool Khol,Knool Khol,Local,26/08/2026,5500,6500,6000
Tamil Nadu,Sivaganga,Tirupatthur(Uzhavar Sandhai ),Tomato,Other,Local,26/08/2026,2200,2500,2350
Tamil Nadu,Sivaganga,Tirupatthur(Uzhavar Sandhai ),Banana - Green,Banana - Green,Local,26/08/2026,2500,3000,2750
Tamil Nadu,Sivaganga,Tirupatthur(Uzhavar Sandhai ),Beans,Beans (Whole),Local,26/08/2026,9400,10500,9950
Tamil Nadu,Sivaganga,Tirupatthur(Uzhavar Sandhai ),Cabbage,Cabbage,Local,26/08/2026,3000,3500,3250
Tamil Nadu,Sivaganga,Tirupatthur(Uzhavar Sandhai ),Beetroot,Beetroot,Local,26/08/2026,5500,6000,5750
Tamil Nadu,Sivaganga,Tirupatthur(Uzhavar Sandhai ),Yam(Ratalu),Yam (Ratalu),Local,26/08/2026,8400,9500,8950
Tamil Nadu,Thanjavur,Pattukottai(Uzhavar Sandhai ),Onion,Bellary,Local,26/08/2026,4600,6000,5300
Tamil Nadu,Thanjavur,Pattukottai(Uzhavar Sandhai ),Cauliflower,Ranchi,Local,26/08/2026,4800,4800,4800
Tamil Nadu,Thanjavur,Pattukottai(Uzhavar Sandhai ),Brinjal,Round,Local,26/08/2026,3000,4000,3500
Tamil Nadu,Thanjavur,Pattukottai(Uzhavar Sandhai ),Tomato,Deshi,Local,26/08/2026,2400,2400,2400
Tamil Nadu,Thanjavur,Pattukottai(Uzhavar Sandhai ),Bitter gourd,Bitter Gourd,Local,26/08/2026,6000,6000,6000
Tamil Nadu,Thanjavur,Pattukottai(Uzhavar Sandhai ),Pumpkin,Pumpkin,Local,26/08/2026,2600,2600,2600
Tamil Nadu,Thanjavur,Pattukottai(Uzhavar Sandhai ),Green Chilli,Green Chilly,Local,26/08/2026,5800,5800,5800
Tamil Nadu,Thanjavur,Pattukottai(Uzhavar Sandhai ),Banana - Green,Banana - Green,Local,26/08/2026,3000,3000,3000
Tamil Nadu,Thanjavur,Pattukottai(Uzhavar Sandhai ),Ginger(Green),Green Ginger,Local,26/08/2026,12000,18000,15000
Tamil Nadu,Thanjavur,Pattukottai(Uzhavar Sandhai ),Beetroot,Beetroot,Local,26/08/2026,5400,5400,5400
Tamil Nadu,Thanjavur,Pattukottai(Uzhavar Sandhai ),Lemon,Lemon,Local,26/08/2026,13600,13600,13600
Tamil Nadu,Thanjavur,Pattukottai(Uzhavar Sandhai ),Mint(Pudina),Mint(Pudina),Local,26/08/2026,5800,5800,5800
Tamil Nadu,Thanjavur,Thanjavur(Uzhavar Sandhai ),Garlic,Garlic,Local,26/08/2026,24000,24000,24000
Tamil Nadu,Thanjavur,Thanjavur(Uzhavar Sandhai ),Papaya,Papaya,Local,26/08/2026,5000,5000,5000
Tamil Nadu,Thanjavur,Thanjavur(Uzhavar Sandhai ),Capsicum,Capsicum,Local,26/08/2026,7600,7600,7600
Tamil Nadu,Thanjavur,Thanjavur(Uzhavar Sandhai ),Knool Khol,Knool Khol,Local,26/08/2026,5600,5600,5600
Tamil Nadu,Thanjavur,Thanjavur(Uzhavar Sandhai ),Pomegranate,Pomogranate,Local,26/08/2026,24000,24000,24000
Tamil Nadu,Thiruchirappalli,KKNagar(Uzhavar Sandhai ),Apple,American,Local,26/08/2026,22000,25000,23500
Tamil Nadu,Thiruchirappalli,KKNagar(Uzhavar Sandhai ),Garlic,Garlic,Local,26/08/2026,26000,26000,26000
Tamil Nadu,Thiruchirappalli,KKNagar(Uzhavar Sandhai ),Chili Red,Bold,Local,26/08/2026,28000,28000,28000
Tamil Nadu,Thiruchirappalli,KKNagar(Uzhavar Sandhai ),Cauliflower,Ranchi,Local,26/08/2026,5000,5000,5000
Tamil Nadu,Thiruchirappalli,KKNagar(Uzhavar Sandhai ),Coriander(Leaves),I Sort,Local,26/08/2026,2800,2800,2800
Tamil Nadu,Thiruchirappalli,KKNagar(Uzhavar Sandhai ),Cluster beans,Cluster Beans,Local,26/08/2026,4000,4000,4000
Tamil Nadu,Thiruchirappalli,KKNagar(Uzhavar Sandhai ),Amaranthus,Amaranthus,Local,26/08/2026,2000,2000,2000
Tamil Nadu,Thiruchirappalli,KKNagar(Uzhavar Sandhai ),Banana - Green,Banana - Green,Local,26/08/2026,3000,3000,3000
Tamil Nadu,Thiruchirappalli,KKNagar(Uzhavar Sandhai ),Coconut,Coconut,Local,26/08/2026,7000,7000,7000
Tamil Nadu,Thiruchirappalli,KKNagar(Uzhavar Sandhai ),Sweet Potato,Hosur Red,Local,26/08/2026,6000,6800,6400
Tamil Nadu,Thiruchirappalli,KKNagar(Uzhavar Sandhai ),Cabbage,Cabbage,Local,26/08/2026,3200,3200,3200
Tamil Nadu,Thiruchirappalli,KKNagar(Uzhavar Sandhai ),Tamarind Fruit,Tamarind Fruit,Local,26/08/2026,18000,18000,18000
Tamil Nadu,Thiruchirappalli,KKNagar(Uzhavar Sandhai ),Colacasia,Colacasia,Local,26/08/2026,6000,6000,6000
Tamil Nadu,Thiruchirappalli,KKNagar(Uzhavar Sandhai ),Amla(Nelli Kai),Amla,Local,26/08/2026,18000,18000,18000
Tamil Nadu,Thiruchirappalli,Lalgudi(Uzhavar Sandhai ),Banana,Besrai,Local,26/08/2026,5000,6000,5500
Tamil Nadu,Thiruchirappalli,Lalgudi(Uzhavar Sandhai ),Bitter gourd,Bitter Gourd,Local,26/08/2026,5000,5600,5300
Tamil Nadu,Thiruchirappalli,Lalgudi(Uzhavar Sandhai ),Bottle gourd,Bottle Gourd,Local,26/08/2026,2000,2600,2300
Tamil Nadu,Thiruchirappalli,Lalgudi(Uzhavar Sandhai ),Sweet Potato,Hosur Red,Local,26/08/2026,5000,5000,5000
Tamil Nadu,Thiruchirappalli,Lalgudi(Uzhavar Sandhai ),Cabbage,Cabbage,Local,26/08/2026,3600,3600,3600
Tamil Nadu,Thiruchirappalli,Lalgudi(Uzhavar Sandhai ),Snakeguard,Snakeguard,Local,26/08/2026,4000,4000,4000
Tamil Nadu,Thiruchirappalli,Lalgudi(Uzhavar Sandhai ),Beetroot,Beetroot,Local,26/08/2026,5000,5000,5000
Tamil Nadu,Thiruchirappalli,Lalgudi(Uzhavar Sandhai ),Drumstick,Drumstick,Local,26/08/2026,3000,3600,3300
Tamil Nadu,Thiruchirappalli,Lalgudi(Uzhavar Sandhai ),Mint(Pudina),Mint(Pudina),Local,26/08/2026,5000,5000,5000
Tamil Nadu,Thiruchirappalli,Manachanallur(Uzhavar Sandhai ),Pumpkin,Pumpkin,Local,26/08/2026,1600,2000,1800
Tamil Nadu,Thiruchirappalli,Manachanallur(Uzhavar Sandhai ),Coconut,Coconut,Local,26/08/2026,6000,6500,6250
Tamil Nadu,Thiruchirappalli,Manachanallur(Uzhavar Sandhai ),Ridgeguard(Tori),Ridgeguard(Tori),Local,26/08/2026,5000,5000,5000
Tamil Nadu,Thiruchirappalli,Manachanallur(Uzhavar Sandhai ),Chow Chow,Chow Chow,Local,26/08/2026,3500,4000,3750
Tamil Nadu,Thiruchirappalli,Manachanallur(Uzhavar Sandhai ),Drumstick,Drumstick,Local,26/08/2026,3000,3500,3250
Tamil Nadu,Thiruchirappalli,Manachanallur(Uzhavar Sandhai ),Mango(Raw-Ripe),Mango - Raw-Ripe,Local,26/08/2026,8000,8000,8000
Tamil Nadu,Thiruchirappalli,Manachanallur(Uzhavar Sandhai ),Knool Khol,Knool Khol,Local,26/08/2026,3500,4000,3750
Tamil Nadu,Thiruchirappalli,Manachanallur(Uzhavar Sandhai ),Lemon,Lemon,Local,26/08/2026,9000,12000,10500
Tamil Nadu,Thiruchirappalli,Manachanallur(Uzhavar Sandhai ),Onion Green,Onion Green,Local,26/08/2026,6000,7000,6500
Tamil Nadu,Thiruchirappalli,Manapparai(Uzhavar Sandhai ),Garlic,Garlic,Local,26/08/2026,24000,24000,24000
Tamil Nadu,Thiruchirappalli,Manapparai(Uzhavar Sandhai ),Pumpkin,Pumpkin,Local,26/08/2026,2000,2000,2000
Tamil Nadu,Thiruchirappalli,Manapparai(Uzhavar Sandhai ),Bhindi(Ladies Finger),Bhindi,Local,26/08/2026,4000,4000,4000
Tamil Nadu,Thiruchirappalli,Manapparai(Uzhavar Sandhai ),Amaranthus,Amaranthus,Local,26/08/2026,2000,2000,2000
Tamil Nadu,Thiruchirappalli,Manapparai(Uzhavar Sandhai ),Snakeguard,Snakeguard,Local,26/08/2026,4000,4000,4000
Tamil Nadu,Thiruchirappalli,Manapparai(Uzhavar Sandhai ),Chow Chow,Chow Chow,Local,26/08/2026,4200,4200,4200
Tamil Nadu,Thiruchirappalli,Manapparai(Uzhavar Sandhai ),Lemon,Lemon,Local,26/08/2026,10000,10000,10000
Tamil Nadu,Thiruchirappalli,Musiri(Uzhavar Sandhai ),Banana,Besrai,Local,26/08/2026,4500,5000,4750
Tamil Nadu,Thiruchirappalli,Musiri(Uzhavar Sandhai ),Potato,Red Nanital,Local,26/08/2026,2500,3000,2750
Tamil Nadu,Thiruchirappalli,Musiri(Uzhavar Sandhai ),Cauliflower,Ranchi,Local,26/08/2026,3500,4000,3750
Tamil Nadu,Thiruchirappalli,Musiri(Uzhavar Sandhai ),Amaranthus,Amaranthus,Local,26/08/2026,1000,1500,1250
Tamil Nadu,Thiruchirappalli,Musiri(Uzhavar Sandhai ),Green Chilli,Green Chilly,Local,26/08/2026,4000,4500,4250
Tamil Nadu,Thiruchirappalli,Musiri(Uzhavar Sandhai ),Ginger(Green),Green Ginger,Local,26/08/2026,16000,16500,16250
Tamil Nadu,Thiruchirappalli,Musiri(Uzhavar Sandhai ),Raddish,Raddish,Local,26/08/2026,3000,3600,3300
Tamil Nadu,Thiruchirappalli,Musiri(Uzhavar Sandhai ),Green Avare(W),Green Avare (W),Local,26/08/2026,4000,4500,4250
Tamil Nadu,Thiruchirappalli,Musiri(Uzhavar Sandhai ),Colacasia,Colacasia,Local,26/08/2026,4500,5000,4750
Tamil Nadu,Thiruchirappalli,Thiruverumbur(Uzhavar Sandhai ),Brinjal,Other,Local,26/08/2026,4600,4600,4600
Tamil Nadu,Thiruchirappalli,Thiruverumbur(Uzhavar Sandhai ),Cluster beans,Cluster Beans,Local,26/08/2026,4000,4000,4000
Tamil Nadu,Thiruchirappalli,Thiruverumbur(Uzhavar Sandhai ),Ashgourd,Gouard,Local,26/08/2026,2000,2000,2000
Tamil Nadu,Thiruchirappalli,Thiruverumbur(Uzhavar Sandhai ),Banana - Green,Banana - Green,Local,26/08/2026,2500,2500,2500
Tamil Nadu,Thiruchirappalli,Thiruverumbur(Uzhavar Sandhai ),Beans,Beans (Whole),Local,26/08/2026,7000,7000,7000
Tamil Nadu,Thiruchirappalli,Thiruverumbur(Uzhavar Sandhai ),Ginger(Green),Green Ginger,Local,26/08/2026,19000,19000,19000
Tamil Nadu,Thiruchirappalli,Thiruverumbur(Uzhavar Sandhai ),Coconut,Coconut,Local,26/08/2026,7000,7000,7000
Tamil Nadu,Thiruchirappalli,Thiruverumbur(Uzhavar Sandhai ),Beetroot,Beetroot,Local,26/08/2026,5000,5000,5000
Tamil Nadu,Thiruchirappalli,Thiruverumbur(Uzhavar Sandhai ),Mango(Raw-Ripe),Mango - Raw-Ripe,Local,26/08/2026,8000,8000,8000
Tamil Nadu,Thiruchirappalli,Thiruverumbur(Uzhavar Sandhai ),Onion Green,Onion Green,Local,26/08/2026,8000,8000,8000
Tamil Nadu,Virudhunagar,Rajapalayam(Uzhavar Sandhai ),Brinjal,Round,Local,26/08/2026,3500,4000,3750
Tamil Nadu,Virudhunagar,Rajapalayam(Uzhavar Sandhai ),Amaranthus,Amaranthus,Local,26/08/2026,2500,3000,2750
Tamil Nadu,Virudhunagar,Rajapalayam(Uzhavar Sandhai ),Beans,Beans (Whole),Local,26/08/2026,8000,9000,8500
Tamil Nadu,Virudhunagar,Rajapalayam(Uzhavar Sandhai ),Snakeguard,Snakeguard,Local,26/08/2026,3500,4000,3750
Tamil Nadu,Virudhunagar,Rajapalayam(Uzhavar Sandhai ),Drumstick,Drumstick,Local,26/08/2026,3500,4000,3750
Tamil Nadu,Virudhunagar,Rajapalayam(Uzhavar Sandhai ),Elephant Yam(Suran)/Amorphophallus,Elephant Yam (Suran),Local,26/08/2026,4500,5000,4750
Tamil Nadu,Virudhunagar,Rajapalayam(Uzhavar Sandhai ),Yam(Ratalu),Yam (Ratalu),Local,26/08/2026,9000,10000,9500
Punjab,Mohali,Kharar APMC,Bottle gourd,Bottle Gourd,Local,26/08/2026,2000,3500,2500
Punjab,Mohali,Kharar APMC,Onion,Other,Non-FAQ,26/08/2026,3200,4700,3600
Tamil Nadu,Virudhunagar,Sathur(Uzhavar Sandhai ),Banana,Besrai,Local,26/08/2026,3500,4000,3750
Tamil Nadu,Virudhunagar,Sathur(Uzhavar Sandhai ),Onion,Bellary,Local,26/08/2026,4500,5000,4750
Tamil Nadu,Virudhunagar,Sathur(Uzhavar Sandhai ),Potato,Red Nanital,Local,26/08/2026,3500,4000,3750
Tamil Nadu,Virudhunagar,Sathur(Uzhavar Sandhai ),Cauliflower,Ranchi,Local,26/08/2026,3500,4000,3750
Tamil Nadu,Virudhunagar,Sathur(Uzhavar Sandhai ),Bottle gourd,Bottle Gourd,Local,26/08/2026,1800,2000,1900
Tamil Nadu,Virudhunagar,Sathur(Uzhavar Sandhai ),Carrot,Pusakesar,Local,26/08/2026,4500,5000,4750
Tamil Nadu,Virudhunagar,Sathur(Uzhavar Sandhai ),Lemon,Lemon,Local,26/08/2026,13000,14000,13500
Tamil Nadu,Virudhunagar,Sathur(Uzhavar Sandhai ),Onion Green,Onion Green,Local,26/08/2026,6500,7000,6750
Tamil Nadu,Virudhunagar,Sivakasi(Uzhavar Sandhai ),Chikoos(Sapota),Sapota,Local,26/08/2026,3500,4000,3750
Tamil Nadu,Virudhunagar,Sivakasi(Uzhavar Sandhai ),Amaranthus,Amaranthus,Local,26/08/2026,2500,3000,2750
Tamil Nadu,Virudhunagar,Sivakasi(Uzhavar Sandhai ),Ginger(Green),Green Ginger,Local,26/08/2026,14000,16000,15000
Tamil Nadu,Virudhunagar,Sivakasi(Uzhavar Sandhai ),Coconut,Coconut,Local,26/08/2026,5000,6000,5500
Tamil Nadu,Virudhunagar,Sivakasi(Uzhavar Sandhai ),Snakeguard,Snakeguard,Local,26/08/2026,3500,4000,3750
Tamil Nadu,Virudhunagar,Thalavaipuram(Uzhavar Sandhai ),Banana,Besrai,Local,26/08/2026,3200,4000,3600
Tamil Nadu,Virudhunagar,Thalavaipuram(Uzhavar Sandhai ),Cluster beans,Cluster Beans,Local,26/08/2026,3200,4000,3600
Tamil Nadu,Virudhunagar,Thalavaipuram(Uzhavar Sandhai ),Green Chilli,Green Chilly,Local,26/08/2026,4000,5000,4500
Tamil Nadu,Virudhunagar,Thalavaipuram(Uzhavar Sandhai ),Cabbage,Cabbage,Local,26/08/2026,2500,3200,2850
Tamil Nadu,Virudhunagar,Thalavaipuram(Uzhavar Sandhai ),Beetroot,Beetroot,Local,26/08/2026,4000,5000,4500
Tamil Nadu,Virudhunagar,Thalavaipuram(Uzhavar Sandhai ),Guava,Guava Allahabad,Local,26/08/2026,3200,4000,3600
Tamil Nadu,Virudhunagar,Thalavaipuram(Uzhavar Sandhai ),Colacasia,Colacasia,Local,26/08/2026,5500,7000,6250
Tamil Nadu,Chengalpattu,Madhuranthagam(Uzhavar Sandhai ),Potato,Red Nanital,Local,26/08/2026,4000,4000,4000
Tamil Nadu,Chengalpattu,Madhuranthagam(Uzhavar Sandhai ),Brinjal,Round,Local,26/08/2026,5000,5000,5000
Tamil Nadu,Chengalpattu,Madhuranthagam(Uzhavar Sandhai ),Ridgeguard(Tori),Ridgeguard(Tori),Local,26/08/2026,4000,4000,4000
Tamil Nadu,Chengalpattu,Medavakkam(Uzhavar Sandhai ),Garlic,Garlic,Local,26/08/2026,10000,20000,15000
Tamil Nadu,Chengalpattu,Medavakkam(Uzhavar Sandhai ),Papaya,Papaya,Local,26/08/2026,4000,4000,4000
Tamil Nadu,Chengalpattu,Medavakkam(Uzhavar Sandhai ),Tender Coconut,Tender Coconut,Local,26/08/2026,5000,5000,5000
Tamil Nadu,Chengalpattu,Medavakkam(Uzhavar Sandhai ),Marigold(Calcutta),Marigold(Calcutta),Local,26/08/2026,15000,20000,17500
Tamil Nadu,Chengalpattu,Nanganallur(Uzhavar Sandhai ),Apple,American,Local,26/08/2026,22000,23000,22500
Tamil Nadu,Chengalpattu,Nanganallur(Uzhavar Sandhai ),Orange,Darjeeling,Local,26/08/2026,14000,15000,14500
Tamil Nadu,Chengalpattu,Nanganallur(Uzhavar Sandhai ),Cauliflower,Ranchi,Local,26/08/2026,2500,3000,2750
Tamil Nadu,Chengalpattu,Nanganallur(Uzhavar Sandhai ),Coriander(Leaves),I Sort,Local,26/08/2026,3500,4000,3750
Tamil Nadu,Chengalpattu,Nanganallur(Uzhavar Sandhai ),Green Peas,Green Peas,Local,26/08/2026,13500,14000,13750
Tamil Nadu,Chengalpattu,Nanganallur(Uzhavar Sandhai ),Tomato,Deshi,Local,26/08/2026,2000,2500,2250
Tamil Nadu,Chengalpattu,Nanganallur(Uzhavar Sandhai ),Bottle gourd,Bottle Gourd,Local,26/08/2026,3500,4000,3750
Tamil Nadu,Chengalpattu,Nanganallur(Uzhavar Sandhai ),Tapioca,Tapioca,Local,26/08/2026,4000,5000,4500
Tamil Nadu,Chengalpattu,Nanganallur(Uzhavar Sandhai ),Ginger(Green),Green Ginger,Local,26/08/2026,15000,16000,15500
Tamil Nadu,Chengalpattu,Nanganallur(Uzhavar Sandhai ),Snakeguard,Snakeguard,Local,26/08/2026,5000,6000,5500
Tamil Nadu,Chengalpattu,Nanganallur(Uzhavar Sandhai ),Raddish,Raddish,Local,26/08/2026,4500,5000,4750
Tamil Nadu,Chengalpattu,Nanganallur(Uzhavar Sandhai ),Capsicum,Capsicum,Local,26/08/2026,5500,6000,5750
Tamil Nadu,Chengalpattu,Nanganallur(Uzhavar Sandhai ),Tender Coconut,Tender Coconut,Local,26/08/2026,5000,6000,5500
Tamil Nadu,Chengalpattu,Nanganallur(Uzhavar Sandhai ),Jasmine,Jasmine,Local,26/08/2026,32000,35000,33500
Tamil Nadu,Chengalpattu,Nanganallur(Uzhavar Sandhai ),Rose(Local),Rose (Local),Local,26/08/2026,17000,18000,17500
Tamil Nadu,Chengalpattu,Pallavaram(Uzhavar Sandhai ),Groundnut,Big (With Shell),Local,26/08/2026,7000,8000,7500
Tamil Nadu,Chengalpattu,Pallavaram(Uzhavar Sandhai ),Potato,Red Nanital,Local,26/08/2026,2500,3000,2750
Tamil Nadu,Chengalpattu,Pallavaram(Uzhavar Sandhai ),Cauliflower,Ranchi,Local,26/08/2026,2500,3000,2750
Tamil Nadu,Chengalpattu,Pallavaram(Uzhavar Sandhai ),Pumpkin,Pumpkin,Local,26/08/2026,2000,2500,2250
Tamil Nadu,Chengalpattu,Pallavaram(Uzhavar Sandhai ),Tapioca,Tapioca,Local,26/08/2026,3500,4000,3750
Tamil Nadu,Chengalpattu,Pallavaram(Uzhavar Sandhai ),Sweet Potato,Hosur Red,Local,26/08/2026,6000,7000,6500
Tamil Nadu,Chengalpattu,Pallavaram(Uzhavar Sandhai ),Carrot,Pusakesar,Local,26/08/2026,8000,9000,8500
Tamil Nadu,Chengalpattu,Pallavaram(Uzhavar Sandhai ),Snakeguard,Snakeguard,Local,26/08/2026,3500,4000,3750
Tamil Nadu,Chengalpattu,Pallavaram(Uzhavar Sandhai ),Yam(Ratalu),Yam (Ratalu),Local,26/08/2026,6000,7000,6500
Tamil Nadu,Chengalpattu,Pallavaram(Uzhavar Sandhai ),Colacasia,Colacasia,Local,26/08/2026,6000,7000,6500
Tamil Nadu,Chengalpattu,Pallavaram(Uzhavar Sandhai ),Onion Green,Onion Green,Local,26/08/2026,9000,10000,9500
Tamil Nadu,Nagercoil (Kannyiakumari),Myladi(Uzhavar Sandhai ),Pineapple,Pine Apple,Local,26/08/2026,5500,6000,5750
Tamil Nadu,Nagercoil (Kannyiakumari),Myladi(Uzhavar Sandhai ),Garlic,Garlic,Local,26/08/2026,14000,15000,14500
Tamil Nadu,Nagercoil (Kannyiakumari),Myladi(Uzhavar Sandhai ),Cluster beans,Cluster Beans,Local,26/08/2026,4000,4500,4250
Tamil Nadu,Nagercoil (Kannyiakumari),Myladi(Uzhavar Sandhai ),Bitter gourd,Bitter Gourd,Local,26/08/2026,6500,7000,6750
Tamil Nadu,Nagercoil (Kannyiakumari),Myladi(Uzhavar Sandhai ),Beans,Beans (Whole),Local,26/08/2026,11000,12000,11500
Tamil Nadu,Nagercoil (Kannyiakumari),Myladi(Uzhavar Sandhai ),Mango(Raw-Ripe),Mango - Raw-Ripe,Local,26/08/2026,6500,7000,6750
Tamil Nadu,Nagercoil (Kannyiakumari),Myladi(Uzhavar Sandhai ),Pomegranate,Pomogranate,Local,26/08/2026,9000,10000,9500
Tamil Nadu,Chengalpattu,Jameenrayapettai(Uzhavar Sandhai ),Grapes,Annabesahai,Local,26/08/2026,11000,12000,11500
Tamil Nadu,Chengalpattu,Jameenrayapettai(Uzhavar Sandhai ),Onion,Bellary,Local,26/08/2026,5000,6000,5500
Tamil Nadu,Chengalpattu,Jameenrayapettai(Uzhavar Sandhai ),Cluster beans,Cluster Beans,Local,26/08/2026,5000,6000,5500
Tamil Nadu,Chengalpattu,Jameenrayapettai(Uzhavar Sandhai ),Bitter gourd,Bitter Gourd,Local,26/08/2026,6000,7000,6500
Tamil Nadu,Chengalpattu,Jameenrayapettai(Uzhavar Sandhai ),Banana - Green,Banana - Green,Local,26/08/2026,3500,4000,3750
Tamil Nadu,Chengalpattu,Jameenrayapettai(Uzhavar Sandhai ),Beetroot,Beetroot,Local,26/08/2026,4000,5000,4500
Tamil Nadu,Chengalpattu,Jameenrayapettai(Uzhavar Sandhai ),Ridgeguard(Tori),Ridgeguard(Tori),Local,26/08/2026,6000,7000,6500
Tamil Nadu,Chengalpattu,Jameenrayapettai(Uzhavar Sandhai ),Raddish,Raddish,Local,26/08/2026,3500,4000,3750
Tamil Nadu,Chengalpattu,Jameenrayapettai(Uzhavar Sandhai ),Capsicum,Capsicum,Local,26/08/2026,6000,7000,6500
Tamil Nadu,Chengalpattu,Jameenrayapettai(Uzhavar Sandhai ),Chow Chow,Chow Chow,Local,26/08/2026,3500,4000,3750
Tamil Nadu,Chengalpattu,Jameenrayapettai(Uzhavar Sandhai ),Drumstick,Drumstick,Local,26/08/2026,6500,7000,6750
Tamil Nadu,Chengalpattu,Jameenrayapettai(Uzhavar Sandhai ),Elephant Yam(Suran)/Amorphophallus,Elephant Yam (Suran),Local,26/08/2026,5000,6000,5500
Tamil Nadu,Chengalpattu,Jameenrayapettai(Uzhavar Sandhai ),Yam(Ratalu),Yam (Ratalu),Local,26/08/2026,6000,7000,6500
Tamil Nadu,Chengalpattu,Jameenrayapettai(Uzhavar Sandhai ),Lemon,Lemon,Local,26/08/2026,18000,20000,19000
Tamil Nadu,Chengalpattu,Jameenrayapettai(Uzhavar Sandhai ),Amla(Nelli Kai),Amla,Local,26/08/2026,10000,12000,11000
Tamil Nadu,Chengalpattu,Jameenrayapettai(Uzhavar Sandhai ),Rose(Local),Rose (Local),Local,26/08/2026,15000,16000,15500
Tamil Nadu,Chengalpattu,Jameenrayapettai(Uzhavar Sandhai ),Tube Rose(Loose),Tube Rose (Loose),Local,26/08/2026,28000,30000,29000
Gujarat,Gandhinagar,Kalol APMC,Castor Seed,Other,Local,26/08/2026,6950,7235,7100
Tamil Nadu,Villupuram,Tindivanam APMC,Bhindi(Ladies Finger),Bhindi,Local,26/08/2026,3000,3000,3000
Tamil Nadu,Villupuram,Tindivanam APMC,Beans,Beans (Whole),Local,26/08/2026,9000,9000,9000
Tamil Nadu,Villupuram,Ulundurpettai APMC,Potato,Red Nanital,Local,26/08/2026,4000,4000,4000
Tamil Nadu,Villupuram,Ulundurpettai APMC,Brinjal,Round,Local,26/08/2026,5000,5000,5000
Tamil Nadu,Villupuram,Ulundurpettai APMC,Papaya,Papaya,Local,26/08/2026,3000,3000,3000
Tamil Nadu,Villupuram,Ulundurpettai APMC,Pumpkin,Pumpkin,Local,26/08/2026,2500,2500,2500
Tamil Nadu,Villupuram,Ulundurpettai APMC,Amaranthus,Amaranthus,Local,26/08/2026,2500,2500,2500
Tamil Nadu,Villupuram,Ulundurpettai APMC,Green Chilli,Green Chilly,Local,26/08/2026,6000,6000,6000
Tamil Nadu,Villupuram,Ulundurpettai APMC,Banana - Green,Banana - Green,Local,26/08/2026,3000,3000,3000
Tamil Nadu,Villupuram,Ulundurpettai APMC,Ridgeguard(Tori),Ridgeguard(Tori),Local,26/08/2026,6000,6000,6000
Tamil Nadu,Villupuram,Ulundurpettai APMC,Onion Green,Onion Green,Local,26/08/2026,7000,7000,7000
Maharashtra,Amarawati,Varud(Rajura Bazar) APMC,Green Chilli,Other,Local,26/08/2026,2500,2500,2500
Maharashtra,Chattrapati Sambhajinagar,Chattrapati Sambhajinagar APMC,Bhindi(Ladies Finger),Other,Local,26/08/2026,800,1000,900
Maharashtra,Chattrapati Sambhajinagar,Chattrapati Sambhajinagar APMC,Bottle gourd,Other,Local,26/08/2026,600,900,750
Maharashtra,Chattrapati Sambhajinagar,Chattrapati Sambhajinagar APMC,Coriander(Leaves),Other,Local,26/08/2026,700,900,800
Maharashtra,Chattrapati Sambhajinagar,Chattrapati Sambhajinagar APMC,Methi(Leaves),Other,Local,26/08/2026,500,1300,900
Maharashtra,Chattrapati Sambhajinagar,Chattrapati Sambhajinagar APMC,Chilly Capsicum,Other,Local,26/08/2026,1200,2000,1600
Maharashtra,Jalgaon,Bhusaval APMC,Lime,Other,Local,26/08/2026,4500,8700,6000
Maharashtra,Jalgaon,Bhusaval APMC,Guar,Other,Local,26/08/2026,6000,6000,6000
Maharashtra,Jalgaon,Bhusaval APMC,Drumstick,Other,Local,26/08/2026,4000,4000,4000
Maharashtra,Jalgaon,Bhusaval APMC,Peas Wet,Other,Local,26/08/2026,8000,8000,8000
Maharashtra,Jalgaon,Bhusaval APMC,Green Chilli,Other,Local,26/08/2026,4000,5000,4500
Maharashtra,Mumbai,Mumbai APMC,Bajra(Pearl Millet/Cumbu),Other,FAQ,26/08/2026,2800,4600,3800
Maharashtra,Mumbai,Mumbai APMC,Cowpea(Lobia/Karamani),Other,Local,26/08/2026,7300,9400,8400
Maharashtra,Mumbai,Mumbai APMC,Bengal Gram Dal(Chana Dal),Other,Local,26/08/2026,7300,8000,7600
Maharashtra,Mumbai,Mumbai APMC,Green Peas,White Fozi,Local,26/08/2026,4000,7000,5800
Maharashtra,Mumbai,Mumbai APMC,Ginger(Green),Other,Local,26/08/2026,6000,14000,10000
Maharashtra,Mumbai,Mumbai APMC,Bottle gourd,Other,Local,26/08/2026,1000,2000,1500
Maharashtra,Mumbai,Mumbai APMC,Pumpkin,Other,Local,26/08/2026,800,1400,1100
Maharashtra,Mumbai,Mumbai APMC,Little gourd(Kundru),Other,Local,26/08/2026,2000,3600,2800
Maharashtra,Pune,Khed(Chakan) APMC,Spinach,Other,Local,26/08/2026,400,600,500
Maharashtra,Pune,Khed(Chakan) APMC,Brinjal,Other,Local,26/08/2026,1000,2500,1500
Maharashtra,Ratnagiri,Ratnagiri (Nachane) APMC,Cauliflower,Other,Local,26/08/2026,2500,4000,3500
Maharashtra,Pune,Pune(Khadiki) APMC,Cucumbar(Kheera),Other,Local,26/08/2026,1400,1600,1500
Maharashtra,Pune,Pune(Khadiki) APMC,Bitter gourd,Other,Local,26/08/2026,1500,1800,1650
Maharashtra,Pune,Pune(Khadiki) APMC,Tomato,Local,Local,26/08/2026,800,1300,1050
Maharashtra,Pune,Pune(Khadiki) APMC,Brinjal,Other,Local,26/08/2026,1200,1600,1400
Maharashtra,Pune,Pune(Khadiki) APMC,Chilly Capsicum,Other,Local,26/08/2026,1300,1800,1550
Maharashtra,Pune,Pune APMC,Gur(Jaggery),Other,Local,26/08/2026,4601,4725,4663
Maharashtra,Solapur,Mangal Wedha APMC,Bhindi(Ladies Finger),Other,Local,26/08/2026,500,2500,1500
Maharashtra,Solapur,Mangal Wedha APMC,Cucumbar(Kheera),Other,Local,26/08/2026,500,4700,3000
Maharashtra,Solapur,Mangal Wedha APMC,Onion,Local,Local,26/08/2026,1000,5100,4100
Maharashtra,Solapur,Mangal Wedha APMC,Bitter gourd,Other,Local,26/08/2026,1000,3000,2200
Telangana,Suryapet,Neredcherla APMC,Paddy(Common),B P T,Local,26/08/2026,2450,2450,2450
Uttar Pradesh,Aligarh,Aligarh APMC,Green Chilli,Other,FAQ,26/08/2026,2000,2000,2000
Uttar Pradesh,Bulandshahar,Anoop Shahar APMC,Bajra(Pearl Millet/Cumbu),Other,FAQ,26/08/2026,2050,2050,2050
Uttar Pradesh,Badaun,Babrala APMC,Maize,Local,Local,26/08/2026,2130,2150,2140
Uttar Pradesh,Farukhabad,Kayamganj APMC,Maize,Other,FAQ,26/08/2026,2200,2200,2200
Uttar Pradesh,Farukhabad,Kayamganj APMC,Tobacco,Other,FAQ,26/08/2026,600,9560,3155.29
Uttar Pradesh,Jalaun (Orai),Kalpi APMC,Wheat,Dara Mill Quality,FAQ,26/08/2026,2450,2450,2450
Uttar Pradesh,Kasganj,Kasganj APMC,Wheat,Hybrid,FAQ,26/08/2026,2555,2555,2555
Madhya Pradesh,Chhatarpur,Harpalpur APMC,Barley(Jau),Barley,FAQ,26/08/2026,2300,2358,2358
Gujarat,Navsari,Navsari APMC,Potato,Potato,Grade A,26/08/2026,700,1700,1200
Gujarat,Navsari,Navsari APMC,Green Chilli,Green Chilly,Local,26/08/2026,2000,4000,3000
Gujarat,Navsari,Navsari APMC,Long Melon(Kakri),Long Melon (Kakri),Local,26/08/2026,1500,2000,1750
Gujarat,Navsari,Navsari APMC,Pointed gourd(Parval),Pointed gourd (Parval),Local,26/08/2026,4000,4500,4250
Gujarat,Navsari,Navsari APMC,Capsicum,Capsicum,Local,26/08/2026,2500,3000,2750
Gujarat,Navsari,Navsari APMC,Coriander(Leaves),Coriander,Local,26/08/2026,2000,2500,2250
Gujarat,Anand,"Anand(Veg,Yard,Anand) APMC",Onion,Onion,Grade B,26/08/2026,2000,3000,2500
Gujarat,Gandhinagar,Mansa(Manas Veg Yard) APMC,Spinach,Other,Local,26/08/2026,1500,3000,3000
Gujarat,Gandhinagar,Mansa(Manas Veg Yard) APMC,Cauliflower,Cauliflower,Local,26/08/2026,3000,3000,3000
Gujarat,Gandhinagar,Mansa(Manas Veg Yard) APMC,Green Chilli,Other,Local,26/08/2026,1500,2000,1500
Gujarat,Surat,Mahuva(Anaval) APMC,Pointed gourd(Parval),Other,Local,26/08/2026,2700,2780,2750
Gujarat,Surat,Songadh(Badarpada) APMC,Guar,Other,FAQ,26/08/2026,8000,8000,8000
West Bengal,Medinipur(W),Medinipur(West) APMC,Bitter gourd,Bitter Gourd,FAQ,26/08/2026,4400,4600,4500
Gujarat,Mehsana,Mehsana(Mehsana Veg) APMC,Lime,Other,Local,26/08/2026,2200,2600,2450
Gujarat,Mehsana,Mehsana(Mehsana Veg) APMC,Cauliflower,Cauliflower,Local,26/08/2026,1500,5000,3250
Gujarat,Banaskanth,Deesa(Deesa Veg Yard) APMC,Onion,Other,FAQ,26/08/2026,3000,4200,3600
Gujarat,Banaskanth,Deesa(Deesa Veg Yard) APMC,Chikoos(Sapota),Other,Medium,26/08/2026,5000,10000,7500
Gujarat,Banaskanth,Deesa(Deesa Veg Yard) APMC,Cauliflower,Other,FAQ,26/08/2026,2500,4000,3250
Gujarat,Banaskanth,Deesa(Deesa Veg Yard) APMC,Guar,Other,FAQ,26/08/2026,5000,7000,6000
Gujarat,Banaskanth,Deesa(Deesa Veg Yard) APMC,Bhindi(Ladies Finger),Other,FAQ,26/08/2026,1200,2000,1600
Gujarat,Surat,Songadh(Umrada) APMC,Bhindi(Ladies Finger),Bhindi,FAQ,26/08/2026,1500,4000,3000
Gujarat,Rajkot,Rajkot APMC,Ground Nut Seed,Ground Nut Seed,FAQ,26/08/2026,8000,10500,9630
Gujarat,Rajkot,Rajkot APMC,Black Gram(Urd Beans)(Whole),Black Gram (Whole),FAQ,26/08/2026,5625,9220,8625
Gujarat,Jamnagar,Jamnagar APMC,Groundnut,Other,Local,26/08/2026,5250,7250,7250
Gujarat,Jamnagar,Jamnagar APMC,"Sesamum(Sesame,Gingelly,Til)",White,Local,26/08/2026,8000,11625,10225
Gujarat,Jamnagar,Jamnagar APMC,Bengal Gram(Gram)(Whole),Other,Local,26/08/2026,5500,6355,6150
Gujarat,Jamnagar,Jamnagar APMC,Bajra(Pearl Millet/Cumbu),Other,Local,26/08/2026,1900,2375,2375
Gujarat,Jamnagar,Jamnagar APMC,Wheat,Other,Local,26/08/2026,2535,2755,2685
Gujarat,Jamnagar,Jamnagar APMC,Ajwan,Other,Local,26/08/2026,9800,15900,13925
Gujarat,Junagarh,Visavadar APMC,Soyabean,Black,FAQ,26/08/2026,5200,5830,5515
Gujarat,Junagarh,Visavadar APMC,Garlic,Other,FAQ,26/08/2026,3625,6105,4865
Gujarat,Junagarh,Visavadar APMC,Ground Nut Seed,Ground Nut Seed,FAQ,26/08/2026,7125,9355,8240
Gujarat,Junagarh,Visavadar APMC,Groundnut(Split),Groundnut(Split),FAQ,26/08/2026,6750,8230,7490
Gujarat,Rajkot,Dhoraji APMC,Wheat,Milbar,Non-FAQ,26/08/2026,2395,2650,2505
Gujarat,Botad,Botad APMC,"Sesamum(Sesame,Gingelly,Til)",Black,Local,26/08/2026,10000,16275,13190
Gujarat,Botad,Botad APMC,Groundnut,Local,Local,26/08/2026,9600,9600,9600
Gujarat,Botad,Botad APMC,"Sesamum(Sesame,Gingelly,Til)",White,Local,26/08/2026,9500,13000,11300
Gujarat,Botad,Botad APMC,Cummin Seed(Jeera),Other,Local,26/08/2026,11500,19450,15525
Gujarat,Jamnagar,Jam Jodhpur APMC,Wheat,Other,Local,26/08/2026,2400,2710,2600
Gujarat,Jamnagar,Jam Jodhpur APMC,Castor Seed,Castor seed,Local,26/08/2026,6850,7000,6925
Gujarat,Jamnagar,Jam Jodhpur APMC,Cummin Seed(Jeera),Cummin Seed(Jeera),Local,26/08/2026,15000,19250,17500
Gujarat,Amreli,Damnagar APMC,Ginger(Green),Green Ginger,Local,26/08/2026,7500,7500,7500
Gujarat,Amreli,Damnagar APMC,Tomato,Local,Local,26/08/2026,5500,5500,5500
Gujarat,Rajkot,Gondal(Veg.market Gondal) APMC,Cucumbar(Kheera),Cucumbar,Local,26/08/2026,500,3000,1750
Gujarat,Morbi,APMC HALVAD,Groundnut,Other,Local,26/08/2026,5750,6975,6750
Gujarat,Morbi,APMC HALVAD,Bengal Gram(Gram)(Whole),Other,Local,26/08/2026,5000,5960,5800
Gujarat,Morbi,APMC HALVAD,Cotton,Local,Local,26/08/2026,8000,9100,8875
Tamil Nadu,Madurai,Chokkikulam(Uzhavar Sandhai ),Papaya,Papaya,Local,26/08/2026,4000,4500,4250
Tamil Nadu,Madurai,Chokkikulam(Uzhavar Sandhai ),Water Melon,Water Melon,Local,26/08/2026,2000,2500,2250
Tamil Nadu,Madurai,Chokkikulam(Uzhavar Sandhai ),Mousambi(Sweet Lime),Mousambi,Local,26/08/2026,7000,7500,7250
Tamil Nadu,Madurai,Chokkikulam(Uzhavar Sandhai ),Bottle gourd,Bottle Gourd,Local,26/08/2026,1600,3000,2300
Tamil Nadu,Madurai,Chokkikulam(Uzhavar Sandhai ),Beans,Beans (Whole),Local,26/08/2026,10000,11000,10500
Tamil Nadu,Madurai,Chokkikulam(Uzhavar Sandhai ),Sweet Potato,Hosur Red,Local,26/08/2026,4500,5000,4750
Tamil Nadu,Madurai,Chokkikulam(Uzhavar Sandhai ),Cucumbar(Kheera),Cucumbar,Local,26/08/2026,5000,6000,5500
Tamil Nadu,Madurai,Chokkikulam(Uzhavar Sandhai ),Thondekai,Thondekai,Local,26/08/2026,3600,4500,4050
Tamil Nadu,Madurai,Chokkikulam(Uzhavar Sandhai ),Knool Khol,Knool Khol,Local,26/08/2026,4000,4500,4250
Tamil Nadu,Madurai,Chokkikulam(Uzhavar Sandhai ),Lime,Lime,Local,26/08/2026,3600,4000,3800
Tamil Nadu,Madurai,Chokkikulam(Uzhavar Sandhai ),Pomegranate,Pomogranate,Local,26/08/2026,18000,23000,20500
Tamil Nadu,Madurai,Chokkikulam(Uzhavar Sandhai ),Yam(Ratalu),Yam (Ratalu),Local,26/08/2026,8000,9000,8500
Uttar Pradesh,Sambhal,Sambhal APMC,Maize,Other,FAQ,26/08/2026,2450,2450,2450
Gujarat,Surat,Surat APMC,Capsicum,Other,FAQ,26/08/2026,1500,3600,2550
Gujarat,Surat,Surat APMC,Green Chilli,Other,FAQ,26/08/2026,1500,3500,2500
Gujarat,Surat,Surat APMC,Carrot,Carrot,FAQ,26/08/2026,1000,2500,1750
Gujarat,Surat,Surat APMC,Snakeguard,Other,FAQ,26/08/2026,1500,2500,2000
Gujarat,Surat,Surat APMC,Papaya(Raw),Other,FAQ,26/08/2026,700,1500,1100
Gujarat,Surat,Surat APMC,Pointed gourd(Parval),Other,FAQ,26/08/2026,3000,4000,3500
Gujarat,Surat,Surat APMC,Sponge gourd,Other,FAQ,26/08/2026,1500,3000,2250
Uttar Pradesh,Bahraich,Naanpara APMC,Wood,Other,FAQ,26/08/2026,600,600,600
Telangana,Warangal,Warangal APMC,Papaya,Papaya,Large,26/08/2026,2500,2500,2500
Telangana,Warangal,Warangal APMC,Water Melon,Water Melon,Large,26/08/2026,2000,2000,2000
Telangana,Warangal,Warangal APMC,Yam(Ratalu),Yam (Ratalu),FAQ,26/08/2026,3500,4000,3750
Telangana,Warangal,Warangal APMC,Colacasia,Colacasia,FAQ,26/08/2026,2000,2500,2250
Telangana,Warangal,Warangal APMC,Cucumbar(Kheera),Cucumbar,FAQ,26/08/2026,2500,3000,2750
Telangana,Warangal,Warangal APMC,Ridgeguard(Tori),Ridgeguard(Tori),FAQ,26/08/2026,2000,2500,2250
Telangana,Warangal,Warangal APMC,Green Chilli,Green Chilly,FAQ,26/08/2026,2500,3000,2750
Telangana,Bhadradri Kothagudem,Dammapet APMC,Paddy(Common),1001,FAQ,26/08/2026,2400,2400,2400
Himachal Pradesh,Sirmore,PMY Paonta Sahib,Sponge gourd,Other,FAQ,26/08/2026,2000,2500,2200
Himachal Pradesh,Sirmore,PMY Paonta Sahib,Apple,Simla,Grade A,26/08/2026,10000,20000,15000
Himachal Pradesh,Sirmore,PMY Paonta Sahib,Apple,Golden,Grade A,26/08/2026,4000,8000,6000
Himachal Pradesh,Sirmore,PMY Paonta Sahib,Carrot,Other,FAQ,26/08/2026,3500,4000,3800
Himachal Pradesh,Sirmore,PMY Paonta Sahib,Cauliflower,Cauliflower,FAQ,26/08/2026,6000,7000,6500
Himachal Pradesh,Sirmore,PMY Paonta Sahib,Cucumbar(Kheera),Cucumbar,FAQ,26/08/2026,2500,3500,3000
Himachal Pradesh,Sirmore,PMY Paonta Sahib,Onion,Nasik,FAQ,26/08/2026,4500,4800,4600
Andhra Pradesh,Prakasam,Addanki APMC,Paddy(Common),Paddy,FAQ,26/08/2026,2390,2420,2400
Andhra Pradesh,Prakasam,Kondapi APMC,Bengal Gram(Gram)(Whole),Average (Whole),Local,26/08/2026,5500,6000,5750
Andhra Pradesh,Markapuram,Cumbum APMC,Cotton,Other,FAQ,26/08/2026,7900,8100,8000
Assam,Nagaon,Haibargaon APMC,Beetroot,Beetroot,FAQ,26/08/2026,1900,2100,2000
Assam,Nagaon,Haibargaon APMC,Tomato,Tomato,FAQ,26/08/2026,3100,3300,3200
Assam,Nagaon,Haibargaon APMC,Potato,Potato,FAQ,26/08/2026,1300,1500,1400
Andhra Pradesh,Annamayya,Lakkireddipally APMC,Ground Nut Seed,Ground Nut Seed,Grade Range-3,26/08/2026,11000,11200,11100
Andhra Pradesh,Ananthapuramu,Urvakonda APMC,Groundnut,Local,Local,26/08/2026,7000,8300,7500
Andhra Pradesh,Ananthapuramu,Urvakonda APMC,Bengal Gram(Gram)(Whole),Other,Local,26/08/2026,6200,6400,6300
Andhra Pradesh,Sri Sathya Sai,Kadiri APMC,Tamarind Fruit,Other,FAQ,26/08/2026,15000,18400,17000
Uttar Pradesh,Kanpur,Kanpur(Grain) APMC,Wheat,Dara,FAQ,26/08/2026,2580,2600,2589.95
Uttar Pradesh,Bahraich,Rupaidiha APMC,Wheat,Dara,FAQ,26/08/2026,2500,2500,2500
Uttar Pradesh,Lakhimpur,Lakhimpur APMC,Wheat,Dara,FAQ,26/08/2026,2565,2565,2565
Uttar Pradesh,Lakhimpur,Lakhimpur APMC,Firewood,Firewood,FAQ,26/08/2026,400,400,400
Uttar Pradesh,Sitapur,Sitapur APMC,Green Chilli,Other,FAQ,26/08/2026,1500,1500,1500
Uttar Pradesh,Varanasi,Varanasi APMC,Green Chilli,Other,FAQ,26/08/2026,2000,2000,2000
Assam,Darrang,Besimari APMC,Bottle gourd,Bottle Gourd,Local,26/08/2026,1200,1400,1300
Assam,Darrang,Besimari APMC,Cabbage,Cabbage,Local,26/08/2026,1400,1600,1500
Assam,Darrang,Besimari APMC,Pumpkin,Pumpkin,Local,26/08/2026,1400,1600,1500
Tamil Nadu,Erode,Thalavadi(Uzhavar Sandhai ),Cauliflower,Ranchi,Local,26/08/2026,2800,3200,3000
Tamil Nadu,Erode,Thalavadi(Uzhavar Sandhai ),Brinjal,Round,Local,26/08/2026,3000,3400,3200
Tamil Nadu,Erode,Thalavadi(Uzhavar Sandhai ),Coriander(Leaves),I Sort,Local,26/08/2026,3500,4000,3750
Tamil Nadu,Erode,Thalavadi(Uzhavar Sandhai ),Papaya,Papaya,Local,26/08/2026,2000,2400,2200
Tamil Nadu,Erode,Thalavadi(Uzhavar Sandhai ),Pumpkin,Pumpkin,Local,26/08/2026,1000,1200,1100
Tamil Nadu,Erode,Thalavadi(Uzhavar Sandhai ),Lemon,Lemon,Local,26/08/2026,6500,7000,6750
Tamil Nadu,Erode,Thalavadi(Uzhavar Sandhai ),Mint(Pudina),Mint(Pudina),Local,26/08/2026,4400,4800,4600
Tamil Nadu,Cuddalore,Viruthachalam(Uzhavar Sandhai ),Coriander(Leaves),I Sort,Local,26/08/2026,5000,5000,5000
Tamil Nadu,Cuddalore,Viruthachalam(Uzhavar Sandhai ),Beans,Beans (Whole),Local,26/08/2026,8000,10000,9000
Tamil Nadu,Cuddalore,Viruthachalam(Uzhavar Sandhai ),Drumstick,Drumstick,Local,26/08/2026,2000,2000,2000
Keralam,Alappuzha,Madhavapuram Market,Amaranthus,Other,FAQ,26/08/2026,6200,6600,6400
Keralam,Alappuzha,Madhavapuram Market,Banana,Red Banana,Grade A,26/08/2026,5350,5800,5600
Tamil Nadu,Krishnagiri,Krishnagiri(Uzhavar Sandhai ),Groundnut,Big (With Shell),Local,26/08/2026,7000,7500,7250
Tamil Nadu,Krishnagiri,Krishnagiri(Uzhavar Sandhai ),Onion,Bellary,Local,26/08/2026,5000,5500,5250
Tamil Nadu,Krishnagiri,Krishnagiri(Uzhavar Sandhai ),Cauliflower,Ranchi,Local,26/08/2026,3000,3500,3250
Tamil Nadu,Krishnagiri,Krishnagiri(Uzhavar Sandhai ),Coriander(Leaves),I Sort,Local,26/08/2026,1200,1600,1400
Tamil Nadu,Krishnagiri,Krishnagiri(Uzhavar Sandhai ),Water Melon,Water Melon,Local,26/08/2026,1200,1500,1350
Tamil Nadu,Krishnagiri,Krishnagiri(Uzhavar Sandhai ),Ridgeguard(Tori),Ridgeguard(Tori),Local,26/08/2026,2400,2800,2600
Tamil Nadu,Krishnagiri,Krishnagiri(Uzhavar Sandhai ),Thondekai,Thondekai,Local,26/08/2026,4500,5000,4750
Tamil Nadu,Krishnagiri,Krishnagiri(Uzhavar Sandhai ),Knool Khol,Knool Khol,Local,26/08/2026,4500,5000,4750
Tamil Nadu,Krishnagiri,Krishnagiri(Uzhavar Sandhai ),Indian Beans(Seam),Indian Beans (Seam),Local,26/08/2026,3000,3500,3250
Tamil Nadu,Krishnagiri,Krishnagiri(Uzhavar Sandhai ),Lemon,Lemon,Local,26/08/2026,6500,7000,6750
Tamil Nadu,Krishnagiri,Krishnagiri(Uzhavar Sandhai ),Onion Green,Onion Green,Local,26/08/2026,6500,7000,6750
Tamil Nadu,Krishnagiri,Krishnagiri(Uzhavar Sandhai ),Rose(Local),Rose (Local),Local,26/08/2026,16000,18000,17000
Tamil Nadu,Nagapattinam,Nagapattinam(Uzhavar Sandhai ),Banana,Poovan,Local,26/08/2026,3900,4500,4200
Tamil Nadu,Nagapattinam,Nagapattinam(Uzhavar Sandhai ),Coriander(Leaves),I Sort,Local,26/08/2026,4000,4000,4000
Tamil Nadu,Nagapattinam,Nagapattinam(Uzhavar Sandhai ),Bitter gourd,Bitter Gourd,Local,26/08/2026,5500,6000,5750
Tamil Nadu,Nagapattinam,Nagapattinam(Uzhavar Sandhai ),Cucumbar(Kheera),Cucumbar,Local,26/08/2026,7000,7000,7000
Tamil Nadu,Nagapattinam,Nagapattinam(Uzhavar Sandhai ),Mango(Raw-Ripe),Mango - Raw-Ripe,Local,26/08/2026,5000,6500,5750
Andhra Pradesh,Annamayya,Guramkonda Sub-yard of AMC Valmikipuram,Tomato,Hybrid,FAQ,26/08/2026,1400,1800,1600
Assam,Kamrup,Fancy Bazaar APMC,Rice,Fine,FAQ,26/08/2026,3400,10100,7600
Assam,Kamrup,Fancy Bazaar APMC,Lentil(Masur)(Whole),Local,FAQ,26/08/2026,11000,13000,11700
Assam,Kamrup,Fancy Bazaar APMC,Lentil(Masur)(Whole),Masur Dal,FAQ,26/08/2026,7500,10100,8200
Assam,Kamrup,Fancy Bazaar APMC,Turmeric(raw),Turmeric (raw),FAQ,26/08/2026,12000,17500,16500
Assam,Kamrup,Fancy Bazaar APMC,Beaten Rice,Beaten Rice,FAQ,26/08/2026,21600,32000,27200
Tamil Nadu,Tenkasi,Sankarankoil(Uzhavar Sandhai ),Banana,Besrai,Local,26/08/2026,5000,6000,5500
Tamil Nadu,Tenkasi,Sankarankoil(Uzhavar Sandhai ),Papaya,Papaya,Local,26/08/2026,3000,3500,3250
Tamil Nadu,Tenkasi,Sankarankoil(Uzhavar Sandhai ),Cluster beans,Cluster Beans,Local,26/08/2026,5000,5000,5000
Tamil Nadu,Tenkasi,Sankarankoil(Uzhavar Sandhai ),Beans,Beans (Whole),Local,26/08/2026,13000,13000,13000
Tamil Nadu,Tenkasi,Sankarankoil(Uzhavar Sandhai ),Snakeguard,Snakeguard,Local,26/08/2026,3600,4000,3800
Tamil Nadu,Tenkasi,Sankarankoil(Uzhavar Sandhai ),Drumstick,Drumstick,Local,26/08/2026,3000,4000,3500
Tamil Nadu,Pudukkottai,Pudukottai(Uzhavar Sandhai ),Mango,Other,Local,26/08/2026,10000,12000,11000
Tamil Nadu,Pudukkottai,Pudukottai(Uzhavar Sandhai ),Papaya,Papaya,Local,26/08/2026,3500,4000,3750
Tamil Nadu,Pudukkottai,Pudukottai(Uzhavar Sandhai ),Tomato,Other,Local,26/08/2026,1500,2000,1750
Tamil Nadu,Pudukkottai,Pudukottai(Uzhavar Sandhai ),Ashgourd,Gouard,Local,26/08/2026,1000,1500,1250
Tamil Nadu,Pudukkottai,Pudukottai(Uzhavar Sandhai ),Coconut,Coconut,Local,26/08/2026,3000,4000,3500
Tamil Nadu,Pudukkottai,Pudukottai(Uzhavar Sandhai ),Tamarind Fruit,Tamarind Fruit,Local,26/08/2026,6000,7000,6500
Tamil Nadu,Pudukkottai,Pudukottai(Uzhavar Sandhai ),Yam(Ratalu),Yam (Ratalu),Local,26/08/2026,8000,9000,8500
Tamil Nadu,Pudukkottai,Pudukottai(Uzhavar Sandhai ),Lemon,Lemon,Local,26/08/2026,12500,14000,13250
Tamil Nadu,Thanjavur,Kumbakonam (Uzhavar Sandhai ),Banana,Besrai,Local,26/08/2026,4000,4000,4000
Tamil Nadu,Thanjavur,Kumbakonam (Uzhavar Sandhai ),Potato,Red Nanital,Local,26/08/2026,3600,3600,3600
Tamil Nadu,Thanjavur,Kumbakonam (Uzhavar Sandhai ),Cauliflower,Ranchi,Local,26/08/2026,4800,4800,4800
Tamil Nadu,Thanjavur,Kumbakonam (Uzhavar Sandhai ),Coriander(Leaves),I Sort,Local,26/08/2026,4200,4200,4200
Tamil Nadu,Thanjavur,Kumbakonam (Uzhavar Sandhai ),Bitter gourd,Bitter Gourd,Local,26/08/2026,6000,6000,6000
Tamil Nadu,Thanjavur,Kumbakonam (Uzhavar Sandhai ),Bhindi(Ladies Finger),Bhindi,Local,26/08/2026,4800,4800,4800
Tamil Nadu,Thanjavur,Kumbakonam (Uzhavar Sandhai ),Green Chilli,Green Chilly,Local,26/08/2026,6000,6000,6000
Tamil Nadu,Thanjavur,Kumbakonam (Uzhavar Sandhai ),Beans,Beans (Whole),Local,26/08/2026,7800,9600,8700
Tamil Nadu,Thanjavur,Kumbakonam (Uzhavar Sandhai ),Carrot,Pusakesar,Local,26/08/2026,7800,9600,8700
Tamil Nadu,Thanjavur,Kumbakonam (Uzhavar Sandhai ),Beetroot,Beetroot,Local,26/08/2026,4800,6000,5400
Tamil Nadu,Thanjavur,Kumbakonam (Uzhavar Sandhai ),Raddish,Raddish,Local,26/08/2026,3600,3600,3600
Tamil Nadu,Thanjavur,Kumbakonam (Uzhavar Sandhai ),Jack Fruit(Ripe),Jack Fruit,Local,26/08/2026,3000,3000,3000
Tamil Nadu,Thanjavur,Kumbakonam (Uzhavar Sandhai ),Elephant Yam(Suran)/Amorphophallus,Elephant Yam (Suran),Local,26/08/2026,4800,4800,4800
Tamil Nadu,Thanjavur,Kumbakonam (Uzhavar Sandhai ),Yam(Ratalu),Yam (Ratalu),Local,26/08/2026,9600,9600,9600
Tamil Nadu,The Nilgiris,Udhagamandalam(Uzhavar Sandhai ),Orange,Darjeeling,Local,26/08/2026,10000,13000,11500
Tamil Nadu,The Nilgiris,Udhagamandalam(Uzhavar Sandhai ),Mango,Safeda,Local,26/08/2026,10000,12000,11000
Tamil Nadu,The Nilgiris,Udhagamandalam(Uzhavar Sandhai ),Pineapple,Pine Apple,Local,26/08/2026,8000,9000,8500
Tamil Nadu,The Nilgiris,Udhagamandalam(Uzhavar Sandhai ),Potato,Other,Local,26/08/2026,5000,5500,5250
Tamil Nadu,The Nilgiris,Udhagamandalam(Uzhavar Sandhai ),Papaya,Papaya,Local,26/08/2026,4500,5000,4750
Tamil Nadu,The Nilgiris,Udhagamandalam(Uzhavar Sandhai ),Bottle gourd,Bottle Gourd,Local,26/08/2026,2500,2800,2650
Tamil Nadu,The Nilgiris,Udhagamandalam(Uzhavar Sandhai ),Cowpea(Veg),Cowpea (Veg),Local,26/08/2026,4000,4500,4250
Tamil Nadu,The Nilgiris,Udhagamandalam(Uzhavar Sandhai ),Beans,Beans (Whole),Local,26/08/2026,8000,9000,8500
Tamil Nadu,The Nilgiris,Udhagamandalam(Uzhavar Sandhai ),Tapioca,Tapioca,Local,26/08/2026,3000,3500,3250
Tamil Nadu,The Nilgiris,Udhagamandalam(Uzhavar Sandhai ),Sweet Potato,Hosur Red,Local,26/08/2026,4000,4500,4250
Tamil Nadu,The Nilgiris,Udhagamandalam(Uzhavar Sandhai ),Thondekai,Thondekai,Local,26/08/2026,4500,5000,4750
Tamil Nadu,The Nilgiris,Udhagamandalam(Uzhavar Sandhai ),Knool Khol,Knool Khol,Local,26/08/2026,4000,4500,4250
Tamil Nadu,Theni,Andipatti(Uzhavar Sandhai ),Bitter gourd,Bitter Gourd,Local,26/08/2026,3000,3500,3250
Tamil Nadu,Theni,Andipatti(Uzhavar Sandhai ),Ginger(Green),Green Ginger,Local,26/08/2026,15000,15000,15000
Tamil Nadu,Theni,Andipatti(Uzhavar Sandhai ),Indian Beans(Seam),Indian Beans (Seam),Local,26/08/2026,4000,4600,4300
Tamil Nadu,Theni,Andipatti(Uzhavar Sandhai ),Mashrooms,Mashrooms,Local,26/08/2026,23000,23000,23000
Tamil Nadu,Theni,Andipatti(Uzhavar Sandhai ),Onion Green,Onion Green,Local,26/08/2026,6500,7000,6750
Assam,Hailakandi,Harbartganj Daily Market APMC,Cabbage,Cabbage,FAQ,26/08/2026,2000,24300,2200
Assam,Hailakandi,Harbartganj Daily Market APMC,Raddish,Raddish,FAQ,26/08/2026,1800,2000,1900
Assam,Hailakandi,Harbartganj Daily Market APMC,Brinjal,Brinjal,FAQ,26/08/2026,2000,2200,2100
Gujarat,Navsari,Bilimora APMC,Onion,Nasik,FAQ,26/08/2026,3000,5000,4500
Gujarat,Gandhinagar,Mansa APMC,Guar Seed(Cluster Beans Seed),Whole,Local,26/08/2026,5400,5675,5500
Gujarat,Gandhinagar,Mansa APMC,Castor Seed,Castor seed,Local,26/08/2026,7065,7240,7195
Gujarat,Gandhinagar,Mansa APMC,Bajra(Pearl Millet/Cumbu),Local,Local,26/08/2026,2080,2420,2400
Tamil Nadu,Theni,Bodinayakanur(Uzhavar Sandhai ),Tomato,Deshi,Local,26/08/2026,2000,2000,2000
Tamil Nadu,Theni,Bodinayakanur(Uzhavar Sandhai ),Cluster beans,Cluster Beans,Local,26/08/2026,2800,2800,2800
Tamil Nadu,Theni,Bodinayakanur(Uzhavar Sandhai ),Bitter gourd,Bitter Gourd,Local,26/08/2026,3600,3600,3600
Tamil Nadu,Theni,Bodinayakanur(Uzhavar Sandhai ),Beetroot,Beetroot,Local,26/08/2026,3600,3600,3600
Tamil Nadu,Theni,Bodinayakanur(Uzhavar Sandhai ),Raddish,Raddish,Local,26/08/2026,2200,2200,2200
Tamil Nadu,Theni,Bodinayakanur(Uzhavar Sandhai ),Lemon,Lemon,Local,26/08/2026,13000,13000,13000
Tamil Nadu,Theni,Bodinayakanur(Uzhavar Sandhai ),Onion Green,Onion Green,Local,26/08/2026,6500,6500,6500
West Bengal,Bankura,Bishnupur(Bankura) APMC,Potato,Jyoti,FAQ,26/08/2026,680,760,740
Gujarat,Mehsana,Kadi APMC,Bajra(Pearl Millet/Cumbu),Other,Local,26/08/2026,2100,2400,2275
Gujarat,Mehsana,Kadi APMC,Castor Seed,Caster,FAQ,26/08/2026,7150,7280,7225
Tamil Nadu,Thiruvarur,Needamangalam(Uzhavar Sandhai ),Brinjal,Round,Local,26/08/2026,3800,3800,3800
Tamil Nadu,Thiruvarur,Needamangalam(Uzhavar Sandhai ),Bottle gourd,Bottle Gourd,Local,26/08/2026,3000,3000,3000
Tamil Nadu,Thiruvarur,Needamangalam(Uzhavar Sandhai ),Raddish,Raddish,Local,26/08/2026,2800,2800,2800
Tamil Nadu,Thiruvarur,Needamangalam(Uzhavar Sandhai ),Green Avare(W),Green Avare (W),Local,26/08/2026,3800,3800,3800
Tamil Nadu,Thiruvarur,Needamangalam(Uzhavar Sandhai ),Drumstick,Drumstick,Local,26/08/2026,3400,3400,3400
Tamil Nadu,Thiruvarur,Tiruvarur(Uzhavar Sandhai ),Tomato,Deshi,Local,26/08/2026,2200,2200,2200
Tamil Nadu,Thiruvarur,Tiruvarur(Uzhavar Sandhai ),Cluster beans,Cluster Beans,Local,26/08/2026,4000,4000,4000
Bihar,East Champaran/ Motihari,Raxaul APMC,Onion,1st Sort,Grade A,26/08/2026,4100,4300,4200
Madhya Pradesh,Narsinghpur,Gadarwara(F&V) APMC,Brinjal,Brinjal,Local,26/08/2026,2200,2200,2200
Tamil Nadu,Virudhunagar,Aruppukottai(Uzhavar Sandhai ),Potato,Red Nanital,Local,26/08/2026,3000,3500,3250
Tamil Nadu,Virudhunagar,Aruppukottai(Uzhavar Sandhai ),Cluster beans,Cluster Beans,Local,26/08/2026,3000,4000,3500
Tamil Nadu,Virudhunagar,Aruppukottai(Uzhavar Sandhai ),Bhindi(Ladies Finger),Bhindi,Local,26/08/2026,5000,6000,5500
Tamil Nadu,Virudhunagar,Aruppukottai(Uzhavar Sandhai ),Ginger(Green),Green Ginger,Local,26/08/2026,18000,22000,20000
Tamil Nadu,Virudhunagar,Aruppukottai(Uzhavar Sandhai ),Cabbage,Cabbage,Local,26/08/2026,3000,4000,3500
Tamil Nadu,Virudhunagar,Aruppukottai(Uzhavar Sandhai ),Beetroot,Beetroot,Local,26/08/2026,4000,5000,4500
Tamil Nadu,Virudhunagar,Aruppukottai(Uzhavar Sandhai ),Cucumbar(Kheera),Cucumbar,Local,26/08/2026,8000,10000,9000
Tamil Nadu,Virudhunagar,Aruppukottai(Uzhavar Sandhai ),Chow Chow,Chow Chow,Local,26/08/2026,3000,3500,3250
Tamil Nadu,Virudhunagar,Aruppukottai(Uzhavar Sandhai ),Lime,Lime,Local,26/08/2026,13000,14000,13500
Tamil Nadu,Virudhunagar,Aruppukottai(Uzhavar Sandhai ),Tender Coconut,Tender Coconut,Local,26/08/2026,4000,5000,4500
Tamil Nadu,Villupuram,Gingee(Uzhavar Sandhai ),Groundnut,Big (With Shell),Local,26/08/2026,7000,7000,7000
Tamil Nadu,Villupuram,Gingee(Uzhavar Sandhai ),Banana,Karpura,Local,26/08/2026,4000,5000,4500
Tamil Nadu,Villupuram,Gingee(Uzhavar Sandhai ),Papaya,Papaya,Local,26/08/2026,5000,5000,5000
Tamil Nadu,Villupuram,Gingee(Uzhavar Sandhai ),Cluster beans,Cluster Beans,Local,26/08/2026,3500,3500,3500
Tamil Nadu,Villupuram,Gingee(Uzhavar Sandhai ),Bitter gourd,Bitter Gourd,Local,26/08/2026,5000,7000,6000
Tamil Nadu,Villupuram,Gingee(Uzhavar Sandhai ),Ashgourd,Gouard,Local,26/08/2026,2500,2500,2500
Tamil Nadu,Villupuram,Gingee(Uzhavar Sandhai ),Amaranthus,Amaranthus,Local,26/08/2026,4000,5000,4500
Tamil Nadu,Villupuram,Gingee(Uzhavar Sandhai ),Chow Chow,Chow Chow,Local,26/08/2026,4500,4500,4500
Tamil Nadu,Villupuram,Gingee(Uzhavar Sandhai ),Tender Coconut,Tender Coconut,Local,26/08/2026,3500,4000,3750
Tamil Nadu,Villupuram,Gingee(Uzhavar Sandhai ),Yam(Ratalu),Yam (Ratalu),Local,26/08/2026,6000,6000,6000
Tamil Nadu,Villupuram,Gingee(Uzhavar Sandhai ),Colacasia,Colacasia,Local,26/08/2026,6000,6000,6000
Uttar Pradesh,Bareilly,Bareilly APMC,Green Gram Dal(Moong Dal),Other,FAQ,26/08/2026,8600,8763.5,8709
Uttar Pradesh,Bareilly,Bareilly APMC,Maize,Other,FAQ,26/08/2026,1800,1850,1809.88
Uttar Pradesh,Bareilly,Bareilly APMC,Gram Raw(Chholia),Other,FAQ,26/08/2026,6600,8550,7083.33
Tamil Nadu,Thiruvarur,Valangaiman APMC,Bhindi(Ladies Finger),Bhindi,Local,26/08/2026,4000,4000,4000
Tamil Nadu,Thiruvarur,Valangaiman APMC,Raddish,Raddish,Local,26/08/2026,3000,3000,3000
Andhra Pradesh,Srikakulam,Ichapuram APMC,Paddy(Common),Sannalu,Local,26/08/2026,2369,2369,2369
Tamil Nadu,Thiruvellore,Tiruthani(Uzhavar Sandhai ),Tomato,Deshi,Local,26/08/2026,2000,2000,2000
Tamil Nadu,Thiruvellore,Tiruthani(Uzhavar Sandhai ),Bitter gourd,Bitter Gourd,Local,26/08/2026,5000,5000,5000
Tamil Nadu,Thiruvellore,Tiruthani(Uzhavar Sandhai ),Bottle gourd,Bottle Gourd,Local,26/08/2026,4000,4000,4000
Tamil Nadu,Thiruvellore,Tiruthani(Uzhavar Sandhai ),Chow Chow,Chow Chow,Local,26/08/2026,4000,4000,4000
Tamil Nadu,Virudhunagar,Kariyapatti(Uzhavar Sandhai ),Cauliflower,Ranchi,Local,26/08/2026,3500,4000,3750
Tamil Nadu,Virudhunagar,Kariyapatti(Uzhavar Sandhai ),Brinjal,Round,Local,26/08/2026,3500,4000,3750
Tamil Nadu,Virudhunagar,Kariyapatti(Uzhavar Sandhai ),Coriander(Leaves),I Sort,Local,26/08/2026,3500,4000,3750
Tamil Nadu,Virudhunagar,Kariyapatti(Uzhavar Sandhai ),Tomato,Deshi,Local,26/08/2026,1800,2000,1900
Tamil Nadu,Virudhunagar,Kariyapatti(Uzhavar Sandhai ),Bitter gourd,Bitter Gourd,Local,26/08/2026,7500,8000,7750
Tamil Nadu,Virudhunagar,Kariyapatti(Uzhavar Sandhai ),Green Chilli,Green Chilly,Local,26/08/2026,5500,6000,5750
Tamil Nadu,Virudhunagar,Kariyapatti(Uzhavar Sandhai ),Coconut,Coconut,Local,26/08/2026,5500,6000,5750
Tamil Nadu,Virudhunagar,Kariyapatti(Uzhavar Sandhai ),Green Avare(W),Green Avare (W),Local,26/08/2026,9000,10000,9500
Tamil Nadu,Virudhunagar,Kariyapatti(Uzhavar Sandhai ),Elephant Yam(Suran)/Amorphophallus,Elephant Yam (Suran),Local,26/08/2026,4500,5000,4750
Tamil Nadu,Virudhunagar,Kariyapatti(Uzhavar Sandhai ),Mint(Pudina),Mint(Pudina),Local,26/08/2026,5500,6000,5750
Uttar Pradesh,Sambhal,Chandausi APMC,Maize,Other,FAQ,26/08/2026,1850,1850,1850
Uttar Pradesh,Aligarh,Charra APMC,Green Gram(Moong)(Whole),Other,FAQ,26/08/2026,8768,8768,8768
Maharashtra,Ahilyanagar,Karjat(Rashin) APMC,Jowar(Sorghum),Other,Local,26/08/2026,2000,2000,2000
Uttar Pradesh,Deoria,Devariya APMC,Wheat,White,FAQ,26/08/2026,2700,2700,2700
Uttar Pradesh,Deoria,Devariya APMC,Wheat,PBW-343,FAQ,26/08/2026,2450,2450,2450
Tamil Nadu,Thiruvellore,Tiruvallur(Uzhavar Sandhai ),Onion,Bellary,Local,26/08/2026,5500,5500,5500
Tamil Nadu,Thiruvellore,Tiruvallur(Uzhavar Sandhai ),Cluster beans,Cluster Beans,Local,26/08/2026,3500,3500,3500
Tamil Nadu,Thiruvellore,Tiruvallur(Uzhavar Sandhai ),Ashgourd,Gouard,Local,26/08/2026,2500,2500,2500
Tamil Nadu,Thiruvellore,Tiruvallur(Uzhavar Sandhai ),Green Avare(W),Green Avare (W),Local,26/08/2026,5000,5000,5000
Tamil Nadu,Thiruvellore,Tiruvallur(Uzhavar Sandhai ),Tender Coconut,Tender Coconut,Local,26/08/2026,3000,3000,3000
Madhya Pradesh,Shivpuri,Karera(F&V) APMC,Bottle gourd,Bottle Gourd,Local,26/08/2026,700,1200,1100
Madhya Pradesh,Shivpuri,Karera(F&V) APMC,Brinjal,Brinjal,Local,26/08/2026,600,1000,800
Tamil Nadu,Vellore,Katpadi (Uzhavar Sandhai ),Garlic,Garlic,Local,26/08/2026,21000,21000,21000
Tamil Nadu,Vellore,Katpadi (Uzhavar Sandhai ),Cauliflower,Ranchi,Local,26/08/2026,2500,3000,2750
Tamil Nadu,Vellore,Katpadi (Uzhavar Sandhai ),Mousambi(Sweet Lime),Mousambi,Local,26/08/2026,10000,10000,10000
Tamil Nadu,Vellore,Katpadi (Uzhavar Sandhai ),Tomato,Deshi,Local,26/08/2026,2000,2500,2250
Tamil Nadu,Vellore,Katpadi (Uzhavar Sandhai ),Bottle gourd,Bottle Gourd,Local,26/08/2026,2000,2000,2000
Tamil Nadu,Vellore,Katpadi (Uzhavar Sandhai ),Green Chilli,Green Chilly,Local,26/08/2026,4000,4500,4250
Tamil Nadu,Vellore,Katpadi (Uzhavar Sandhai ),Banana - Green,Banana - Green,Local,26/08/2026,3000,3000,3000
Tamil Nadu,Vellore,Katpadi (Uzhavar Sandhai ),Coconut,Coconut,Local,26/08/2026,3000,3500,3250
Tamil Nadu,Vellore,Katpadi (Uzhavar Sandhai ),Cabbage,Cabbage,Local,26/08/2026,3000,3000,3000
Tamil Nadu,Vellore,Katpadi (Uzhavar Sandhai ),Capsicum,Capsicum,Local,26/08/2026,5000,5000,5000
Tamil Nadu,Vellore,Katpadi (Uzhavar Sandhai ),Guava,Guava Allahabad,Local,26/08/2026,4500,5000,4750
Tamil Nadu,Vellore,Katpadi (Uzhavar Sandhai ),Marigold(Calcutta),Marigold(Calcutta),Local,26/08/2026,22000,22000,22000
Assam,Nagaon,Ambagan APMC,Bitter gourd,Bitter Gourd,FAQ,26/08/2026,2000,2200,2100
Assam,Nagaon,Ambagan APMC,Pumpkin,Pumpkin,FAQ,26/08/2026,1800,2000,1900
Tamil Nadu,Madurai,Thirumangalam(Uzhavar Sandhai ),Banana,Besrai,Local,26/08/2026,3000,4000,3500
Tamil Nadu,Madurai,Thirumangalam(Uzhavar Sandhai ),Coconut,Coconut,Local,26/08/2026,6500,6800,6650
Tamil Nadu,Madurai,Thirumangalam(Uzhavar Sandhai ),Drumstick,Drumstick,Local,26/08/2026,4000,5000,4500
Tamil Nadu,Madurai,Thirumangalam(Uzhavar Sandhai ),Yam(Ratalu),Yam (Ratalu),Local,26/08/2026,8000,9000,8500
Tamil Nadu,Madurai,Melur(Uzhavar Sandhai ),Mango,Safeda,Local,26/08/2026,7000,7500,7250
Tamil Nadu,Madurai,Melur(Uzhavar Sandhai ),Chikoos(Sapota),Sapota,Local,26/08/2026,4800,6000,5400
Tamil Nadu,Madurai,Melur(Uzhavar Sandhai ),Cluster beans,Cluster Beans,Local,26/08/2026,3000,3600,3300
Tamil Nadu,Madurai,Melur(Uzhavar Sandhai ),Ashgourd,Gouard,Local,26/08/2026,1600,2000,1800
Tamil Nadu,Madurai,Melur(Uzhavar Sandhai ),Bhindi(Ladies Finger),Bhindi,Local,26/08/2026,2600,3000,2800
Tamil Nadu,Madurai,Melur(Uzhavar Sandhai ),Tapioca,Tapioca,Local,26/08/2026,3600,4000,3800
Tamil Nadu,Madurai,Melur(Uzhavar Sandhai ),Mint(Pudina),Mint(Pudina),Local,26/08/2026,4500,5000,4750
Tamil Nadu,Salem,Vazhapadi(Uzhavar Sandhai),Garlic,Garlic,Local,26/08/2026,20000,25000,22500
Tamil Nadu,Salem,Vazhapadi(Uzhavar Sandhai),Brinjal,Other,Local,26/08/2026,3200,3200,3200
Tamil Nadu,Salem,Vazhapadi(Uzhavar Sandhai),Papaya,Papaya,Local,26/08/2026,4000,4000,4000
Tamil Nadu,Salem,Vazhapadi(Uzhavar Sandhai),Tomato,Deshi,Local,26/08/2026,1400,2000,1700
Tamil Nadu,Salem,Vazhapadi(Uzhavar Sandhai),Ashgourd,Gouard,Local,26/08/2026,2500,2500,2500
Tamil Nadu,Salem,Vazhapadi(Uzhavar Sandhai),Pumpkin,Pumpkin,Local,26/08/2026,2500,2500,2500
Tamil Nadu,Salem,Vazhapadi(Uzhavar Sandhai),Amaranthus,Amaranthus,Local,26/08/2026,2000,2500,2250
Tamil Nadu,Salem,Vazhapadi(Uzhavar Sandhai),Green Chilli,Green Chilly,Local,26/08/2026,5000,5500,5250
Tamil Nadu,Salem,Vazhapadi(Uzhavar Sandhai),Ginger(Green),Green Ginger,Local,26/08/2026,15000,17000,16000
Tamil Nadu,Salem,Vazhapadi(Uzhavar Sandhai),Drumstick,Drumstick,Local,26/08/2026,1500,2000,1750
Tamil Nadu,Salem,Vazhapadi(Uzhavar Sandhai),Jack Fruit(Ripe),Jack Fruit,Local,26/08/2026,4000,4000,4000
Tamil Nadu,Salem,Vazhapadi(Uzhavar Sandhai),Guava,Guava Allahabad,Local,26/08/2026,5000,5000,5000
Tamil Nadu,Salem,Vazhapadi(Uzhavar Sandhai),Jasmine,Jasmine,Local,26/08/2026,68000,68000,68000
Tamil Nadu,Salem,Vazhapadi(Uzhavar Sandhai),Lemon,Lemon,Local,26/08/2026,8000,8000,8000
Tamil Nadu,Karur,Gandhigramam(Uzhavar Sandhai),Mango,Neelam,Local,26/08/2026,8000,10000,9000
Tamil Nadu,Karur,Gandhigramam(Uzhavar Sandhai),Papaya,Papaya,Local,26/08/2026,3500,4000,3750
Tamil Nadu,Karur,Gandhigramam(Uzhavar Sandhai),Bitter gourd,Other,Local,26/08/2026,5500,6000,5750
Tamil Nadu,Karur,Gandhigramam(Uzhavar Sandhai),Pumpkin,Pumpkin,Local,26/08/2026,2700,3000,2850
Tamil Nadu,Karur,Gandhigramam(Uzhavar Sandhai),Bhindi(Ladies Finger),Bhindi,Local,26/08/2026,4000,4500,4250
Tamil Nadu,Karur,Gandhigramam(Uzhavar Sandhai),Amaranthus,Amaranthus,Local,26/08/2026,2000,2500,2250
Tamil Nadu,Karur,Gandhigramam(Uzhavar Sandhai),Coconut,Coconut,Local,26/08/2026,5500,6000,5750
Tamil Nadu,Karur,Gandhigramam(Uzhavar Sandhai),Thondekai,Thondekai,Local,26/08/2026,4000,4500,4250
Tamil Nadu,Karur,Gandhigramam(Uzhavar Sandhai),Green Avare(W),Other,Local,26/08/2026,6000,7000,6500
Tamil Nadu,Karur,Gandhigramam(Uzhavar Sandhai),Onion Green,Onion Green,Local,26/08/2026,7500,8000,7750
Tamil Nadu,Karur,Gandhigramam(Uzhavar Sandhai),Mint(Pudina),Mint(Pudina),Local,26/08/2026,5000,5500,5250
Tamil Nadu,Karur,Gandhigramam(Uzhavar Sandhai),Baby Corn,Baby Corn,Grade A,26/08/2026,3500,4000,3750
Karnataka,Bengaluru South,Ramanagara APMC,Cauliflower,Cauliflower,Local,26/08/2026,1800,2800,2400
Karnataka,Bengaluru South,Ramanagara APMC,Brinjal,Round,Local,26/08/2026,1500,2300,2000
Karnataka,Bengaluru South,Ramanagara APMC,Seemebadnekai,Seemebadanekai,Local,26/08/2026,2400,3000,2800
Karnataka,Bengaluru South,Ramanagara APMC,Carrot,Carrot,Local,26/08/2026,4000,5600,5000
Karnataka,Bengaluru South,Ramanagara APMC,Ladies Finger,Ladies Finger,Local,26/08/2026,2000,3000,2400
Karnataka,Bengaluru South,Ramanagara APMC,Tomato,Tomato,Local,26/08/2026,800,1300,1000
Tamil Nadu,Pudukkottai,Aranthangi(Uzhavar Sandhai ),Onion,Bellary,Local,26/08/2026,5000,6000,5500
Tamil Nadu,Pudukkottai,Aranthangi(Uzhavar Sandhai ),Papaya,Papaya,Local,26/08/2026,2500,3000,2750
Tamil Nadu,Pudukkottai,Aranthangi(Uzhavar Sandhai ),Tomato,Other,Local,26/08/2026,2000,2500,2250
Tamil Nadu,Pudukkottai,Aranthangi(Uzhavar Sandhai ),Cluster beans,Cluster Beans,Local,26/08/2026,3500,4000,3750
Tamil Nadu,Pudukkottai,Aranthangi(Uzhavar Sandhai ),Tapioca,Tapioca,Local,26/08/2026,2500,3000,2750
Tamil Nadu,Pudukkottai,Aranthangi(Uzhavar Sandhai ),Raddish,Raddish,Local,26/08/2026,3500,4000,3750
Tamil Nadu,Pudukkottai,Aranthangi(Uzhavar Sandhai ),Drumstick,Drumstick,Local,26/08/2026,5000,6000,5500
Tamil Nadu,Pudukkottai,Aranthangi(Uzhavar Sandhai ),Onion Green,Onion Green,Local,26/08/2026,7000,8000,7500
Maharashtra,Nagpur,Ramtek APMC,Onion,Unhali,Local,26/08/2026,4000,5000,4500
Maharashtra,Nagpur,Ramtek APMC,Green Chilli,Other,Local,26/08/2026,2000,3000,2500
Tamil Nadu,Nagapattinam,Vedaranyam(Uzhavar Sandhai),Potato,Red Nanital,Local,26/08/2026,4000,4000,4000
Tamil Nadu,Nagapattinam,Vedaranyam(Uzhavar Sandhai),Coriander(Leaves),I Sort,Local,26/08/2026,3600,3600,3600
Tamil Nadu,Nagapattinam,Vedaranyam(Uzhavar Sandhai),Bhindi(Ladies Finger),Bhindi,Local,26/08/2026,4500,5000,4750
Tamil Nadu,Nagapattinam,Vedaranyam(Uzhavar Sandhai),Cabbage,Cabbage,Local,26/08/2026,3600,3600,3600
Tamil Nadu,Nagapattinam,Vedaranyam(Uzhavar Sandhai),Beetroot,Beetroot,Local,26/08/2026,3500,3800,3650
Tamil Nadu,Nagapattinam,Vedaranyam(Uzhavar Sandhai),Raddish,Raddish,Local,26/08/2026,2800,3300,3050
Tamil Nadu,Nagapattinam,Vedaranyam(Uzhavar Sandhai),Yam(Ratalu),Yam (Ratalu),Local,26/08/2026,6000,7000,6500
Tamil Nadu,Vellore,Perampet(Uzhavar Sandhai),Potato,Red Nanital,Local,26/08/2026,3000,3000,3000
Tamil Nadu,Vellore,Perampet(Uzhavar Sandhai),Coriander(Leaves),I Sort,Local,26/08/2026,5000,5000,5000
Tamil Nadu,Vellore,Perampet(Uzhavar Sandhai),Tomato,Deshi,Local,26/08/2026,1600,1800,1700
Tamil Nadu,Vellore,Perampet(Uzhavar Sandhai),Green Avare(W),Green Avare (W),Local,26/08/2026,5000,5000,5000
Tamil Nadu,Vellore,Perampet(Uzhavar Sandhai),Onion Green,Onion Green,Local,26/08/2026,7500,8000,7750
Uttar Pradesh,Ayodhya,Ayodhya APMC,Firewood,Firewood,FAQ,26/08/2026,575,575,575
Maharashtra,Pune,Pune(Pimpri) APMC,Cucumbar(Kheera),Other,Local,26/08/2026,2000,2000,2000
Maharashtra,Pune,Pune(Pimpri) APMC,Coriander(Leaves),Other,Local,26/08/2026,6,8,7
Maharashtra,Pune,Pune(Pimpri) APMC,Brinjal,Other,Local,26/08/2026,2000,4000,3000
Maharashtra,Pune,Pune(Pimpri) APMC,Cauliflower,Other,Local,26/08/2026,2000,2500,2250
Madhya Pradesh,Badwani,Sendhwa(F&V) APMC,Cucumbar(Kheera),Cucumbar,Medium,26/08/2026,400,800,600
Madhya Pradesh,Badwani,Sendhwa(F&V) APMC,Bhindi(Ladies Finger),Bhindi,Local,26/08/2026,600,1100,900
Madhya Pradesh,Badwani,Sendhwa(F&V) APMC,Green Chilli,Green Chilly,Medium,26/08/2026,900,1300,1100
Madhya Pradesh,Badwani,Sendhwa(F&V) APMC,Onion,Red,Medium,26/08/2026,800,1100,1000
Tamil Nadu,Karur,Kulithalai(Uzhavar Sandhai ),Banana,Other,Local,26/08/2026,5500,6000,5750
Tamil Nadu,Karur,Kulithalai(Uzhavar Sandhai ),Brinjal,Other,Local,26/08/2026,3000,3600,3300
Tamil Nadu,Karur,Kulithalai(Uzhavar Sandhai ),Amaranthus,Amaranthus,Local,26/08/2026,2000,3000,2500
Tamil Nadu,Karur,Kulithalai(Uzhavar Sandhai ),Coconut,Coconut,Local,26/08/2026,4500,5000,4750
Tamil Nadu,Karur,Kulithalai(Uzhavar Sandhai ),Betal Leaves,Mysore,Local,26/08/2026,9000,10000,9500
Tamil Nadu,Karur,Kulithalai(Uzhavar Sandhai ),Beetroot,Beetroot,Local,26/08/2026,4400,5000,4700
Tamil Nadu,Karur,Kulithalai(Uzhavar Sandhai ),Ridgeguard(Tori),Ridgeguard(Tori),Local,26/08/2026,5000,6000,5500
Tamil Nadu,Karur,Kulithalai(Uzhavar Sandhai ),Raddish,Raddish,Local,26/08/2026,3600,4000,3800
Tamil Nadu,Karur,Kulithalai(Uzhavar Sandhai ),Chow Chow,Chow Chow,Local,26/08/2026,3600,4000,3800
Tamil Nadu,Karur,Kulithalai(Uzhavar Sandhai ),Mashrooms,Mashrooms,Local,26/08/2026,16000,20000,18000
Tamil Nadu,Chengalpattu,Guduvancheri(Uzhavar Sandhai ),Banana,Poovan,Local,26/08/2026,4000,5000,4500
Tamil Nadu,Chengalpattu,Guduvancheri(Uzhavar Sandhai ),Ashgourd,Gouard,Local,26/08/2026,2000,2500,2250
Tamil Nadu,Chengalpattu,Guduvancheri(Uzhavar Sandhai ),Amaranthus,Amaranthus,Local,26/08/2026,2500,3000,2750
Tamil Nadu,Chengalpattu,Guduvancheri(Uzhavar Sandhai ),Green Chilli,Green Chilly,Local,26/08/2026,5000,6000,5500
Tamil Nadu,Chengalpattu,Guduvancheri(Uzhavar Sandhai ),Banana - Green,Banana - Green,Local,26/08/2026,3500,4000,3750
Tamil Nadu,Thirupathur,Vaniyampadi(Uzhavar Sandhai ),Garlic,Garlic,Local,26/08/2026,30000,30000,30000
Tamil Nadu,Thirupathur,Vaniyampadi(Uzhavar Sandhai ),Beans,Beans (Whole),Local,26/08/2026,8000,8000,8000
Tamil Nadu,Thirupathur,Vaniyampadi(Uzhavar Sandhai ),Sweet Potato,Hosur Red,Local,26/08/2026,3000,3000,3000
Tamil Nadu,Thirupathur,Vaniyampadi(Uzhavar Sandhai ),Cucumbar(Kheera),Cucumbar,Local,26/08/2026,5000,5000,5000
Tamil Nadu,Thirupathur,Vaniyampadi(Uzhavar Sandhai ),Knool Khol,Knool Khol,Local,26/08/2026,5000,5000,5000
Tamil Nadu,Thirupathur,Vaniyampadi(Uzhavar Sandhai ),Yam(Ratalu),Yam (Ratalu),Local,26/08/2026,7000,7000,7000
Tamil Nadu,Thirupathur,Vaniyampadi(Uzhavar Sandhai ),Custard Apple(Sharifa),Custard Apple(Sharifa),Local,26/08/2026,6000,6000,6000
Tamil Nadu,Thirupur,Dharapuram(Uzhavar Sandhai ),Mango,Safeda,Local,26/08/2026,5500,6000,5750
Tamil Nadu,Thirupur,Dharapuram(Uzhavar Sandhai ),Pumpkin,Pumpkin,Local,26/08/2026,2000,2500,2250
Tamil Nadu,Thirupur,Dharapuram(Uzhavar Sandhai ),Cowpea(Veg),Cowpea (Veg),Local,26/08/2026,3500,4000,3750
Tamil Nadu,Thirupur,Dharapuram(Uzhavar Sandhai ),Ginger(Green),Green Ginger,Local,26/08/2026,15000,17000,16000
Tamil Nadu,Thirupur,Dharapuram(Uzhavar Sandhai ),Snakeguard,Snakeguard,Local,26/08/2026,3500,4000,3750
Tamil Nadu,Thirupur,Dharapuram(Uzhavar Sandhai ),Cucumbar(Kheera),Cucumbar,Local,26/08/2026,3500,4000,3750
Tamil Nadu,Thirupur,Dharapuram(Uzhavar Sandhai ),Ridgeguard(Tori),Ridgeguard(Tori),Local,26/08/2026,5500,6000,5750
Tamil Nadu,Thirupur,Dharapuram(Uzhavar Sandhai ),Onion Green,Onion Green,Local,26/08/2026,7000,7500,7250
Tamil Nadu,Thirupur,Palladam(Uzhavar Sandhai ),Brinjal,Other,Local,26/08/2026,3000,3500,3250
Tamil Nadu,Thirupur,Palladam(Uzhavar Sandhai ),Papaya,Papaya,Local,26/08/2026,2000,2500,2250
Tamil Nadu,Thirupur,Palladam(Uzhavar Sandhai ),Bottle gourd,Bottle Gourd,Local,26/08/2026,1500,2000,1750
Tamil Nadu,Thirupur,Palladam(Uzhavar Sandhai ),Ashgourd,Gouard,Local,26/08/2026,2000,2500,2250
Tamil Nadu,Thirupur,Palladam(Uzhavar Sandhai ),Bhindi(Ladies Finger),Bhindi,Local,26/08/2026,5000,6000,5500
Tamil Nadu,Thirupur,Palladam(Uzhavar Sandhai ),Green Chilli,Green Chilly,Local,26/08/2026,4000,5000,4500
Tamil Nadu,Thirupur,Palladam(Uzhavar Sandhai ),Ginger(Green),Green Ginger,Local,26/08/2026,17000,18000,17500
Tamil Nadu,Thirupur,Palladam(Uzhavar Sandhai ),Raddish,Raddish,Local,26/08/2026,3000,3500,3250
Telangana,Ranga Reddy,"Saroornagar,RBZ",Cluster beans,Cluster Beans,Medium,26/08/2026,2300,2300,2300
Telangana,Ranga Reddy,"Saroornagar,RBZ",Bitter gourd,Other,Medium,26/08/2026,2600,2600,2600
Telangana,Ranga Reddy,"Saroornagar,RBZ",Bottle gourd,Bottle Gourd,Medium,26/08/2026,900,900,900
Telangana,Ranga Reddy,"Saroornagar,RBZ",Drumstick,Drumstick,Medium,26/08/2026,4000,4000,4000
Telangana,Ranga Reddy,"Saroornagar,RBZ",Onion,Other,Medium,26/08/2026,4400,4400,4400
Telangana,Ranga Reddy,"Saroornagar,RBZ",Little gourd(Kundru),Other,Medium,26/08/2026,2300,2300,2300
Telangana,Ranga Reddy,"Saroornagar,RBZ",Tomato,Other,Medium,26/08/2026,1900,1900,1900
Uttar Pradesh,Ghaziabad,Hapur APMC,Wood,Other,FAQ,26/08/2026,2816.29,2816.29,2816.29
Uttar Pradesh,Ghaziabad,Hapur APMC,Potato,Other,FAQ,26/08/2026,560,560,560
Uttar Pradesh,Hathras,Haathras APMC,Masur Dal,Other,FAQ,26/08/2026,6850,6850,6850
Uttar Pradesh,Hathras,Haathras APMC,Potato,Other,FAQ,26/08/2026,500,500,500
Uttar Pradesh,Raebarelli,Jayas APMC,Wheat,Dara,FAQ,26/08/2026,2400,2400,2400
Uttar Pradesh,Ghazipur,Jangipura APMC,Tomato,Other,FAQ,26/08/2026,3157.99,3157.99,3157.99
Tamil Nadu,Kallakuruchi,Kallakurichi(Uzhavar Sandhai ),Garlic,Garlic,Local,26/08/2026,26000,26000,26000
Tamil Nadu,Kallakuruchi,Kallakurichi(Uzhavar Sandhai ),Bottle gourd,Bottle Gourd,Local,26/08/2026,1500,1500,1500
Tamil Nadu,Kallakuruchi,Kallakurichi(Uzhavar Sandhai ),Ashgourd,Gouard,Local,26/08/2026,3000,3000,3000
Tamil Nadu,Kallakuruchi,Kallakurichi(Uzhavar Sandhai ),Green Chilli,Green Chilly,Local,26/08/2026,6000,6000,6000
Tamil Nadu,Kallakuruchi,Kallakurichi(Uzhavar Sandhai ),Ginger(Green),Green Ginger,Local,26/08/2026,22000,22000,22000
Tamil Nadu,Kallakuruchi,Kallakurichi(Uzhavar Sandhai ),Cabbage,Cabbage,Local,26/08/2026,4000,4000,4000
Tamil Nadu,Kallakuruchi,Kallakurichi(Uzhavar Sandhai ),Snakeguard,Snakeguard,Local,26/08/2026,4000,4000,4000
Tamil Nadu,Kallakuruchi,Kallakurichi(Uzhavar Sandhai ),Drumstick,Drumstick,Local,26/08/2026,3000,3000,3000
Tamil Nadu,Kallakuruchi,Kallakurichi(Uzhavar Sandhai ),Lemon,Lemon,Local,26/08/2026,7000,7000,7000
Tamil Nadu,Kallakuruchi,Kallakurichi(Uzhavar Sandhai ),Baby Corn,Baby Corn,Grade A,26/08/2026,3000,3000,3000
Uttar Pradesh,Bulandshahar,Khurja APMC,Ginger(Green),Other,FAQ,26/08/2026,6000,6000,6000
Uttar Pradesh,Bulandshahar,Khurja APMC,Wheat,C-83,FAQ,26/08/2026,2550,2550,2550
Tamil Nadu,Thirupathur,Natrampalli(Uzhavar Sandhai ),Onion,Bellary,Local,26/08/2026,5000,5500,5250
Tamil Nadu,Thirupathur,Natrampalli(Uzhavar Sandhai ),Ginger(Green),Green Ginger,Local,26/08/2026,18000,20000,19000
Tamil Nadu,Thirupathur,Natrampalli(Uzhavar Sandhai ),Coconut,Coconut,Local,26/08/2026,2000,3000,2500
Tamil Nadu,Thirupathur,Natrampalli(Uzhavar Sandhai ),Carrot,Pusakesar,Local,26/08/2026,5000,6000,5500
Tamil Nadu,Thirupathur,Natrampalli(Uzhavar Sandhai ),Cabbage,Cabbage,Local,26/08/2026,2500,3000,2750
Tamil Nadu,Thirupathur,Natrampalli(Uzhavar Sandhai ),Beetroot,Beetroot,Local,26/08/2026,5000,6000,5500
Tamil Nadu,Thirupathur,Natrampalli(Uzhavar Sandhai ),Drumstick,Drumstick,Local,26/08/2026,4000,5000,4500
Haryana,Panipat,Panipat APMC,Onion,Onion,Local,26/08/2026,1000,3000,2000
Haryana,Panipat,Panipat APMC,Guava,Other,Local,26/08/2026,2000,3000,2500
Haryana,Panipat,Panipat APMC,Cucumbar(Kheera),Other,Local,26/08/2026,600,1400,1000
Haryana,Panipat,Panipat APMC,Potato,Potato,Local,26/08/2026,800,1200,1000
Telangana,Bhadradri Kothagudem,Kothagudem APMC,Wood,Eucalyptus,FAQ,26/08/2026,400,400,400
Punjab,Pathankot,Pathankot APMC,Potato,Potato,Medium,26/08/2026,600,600,600
Punjab,Pathankot,Pathankot APMC,Apple,Apple,Medium,26/08/2026,7500,7500,7500
Punjab,Pathankot,Pathankot APMC,Pomegranate,Pomogranate,Medium,26/08/2026,6500,6500,6500
Madhya Pradesh,Sagar,Devri(F&V) APMC,Tomato,Tomato,Grade B,26/08/2026,1490,1490,1490
Andhra Pradesh,Srikakulam,Kothabommali APMC,Paddy(Common),Paddy,Local,26/08/2026,2800,2800,2800
Uttar Pradesh,Maharajganj,Nautnava APMC,Paddy(Common),Common,FAQ,26/08/2026,2200,2200,2200
Andhra Pradesh,Eluru,Polavaram APMC,Maize,Local,Local,26/08/2026,2415,2415,2415
Andhra Pradesh,Ananthapuramu,RAYADURG APMC,Maize,Local,Grade Range-1,26/08/2026,2200,2600,2400
Andhra Pradesh,Anakapally,Yellamanchili APMC,Paddy(Common),1001,Local,26/08/2026,2390,2450,2400
Uttar Pradesh,Lakhimpur,Paliakala APMC,Onion,Other,FAQ,26/08/2026,2900,2900,2900
Uttar Pradesh,Shravasti,Payagpur APMC,Wheat,Dara,FAQ,26/08/2026,2425,2425,2425
Andhra Pradesh,Sri Sathya Sai,Puttaparthi  APMC,Groundnut,F.A.Q,FAQ,26/08/2026,6400,6800,6600
Tamil Nadu,Salem,Athur(Uzhavar Sandhai ),Banana,Red Banana,Local,26/08/2026,7000,7500,7250
Tamil Nadu,Salem,Athur(Uzhavar Sandhai ),Papaya,Papaya,Local,26/08/2026,3000,3500,3250
Tamil Nadu,Salem,Athur(Uzhavar Sandhai ),Water Melon,Water Melon,Local,26/08/2026,1500,2000,1750
Tamil Nadu,Salem,Athur(Uzhavar Sandhai ),Amaranthus,Amaranthus,Local,26/08/2026,2000,2500,2250
Tamil Nadu,Salem,Athur(Uzhavar Sandhai ),Green Chilli,Green Chilly,Local,26/08/2026,5000,5500,5250
Tamil Nadu,Salem,Athur(Uzhavar Sandhai ),Carrot,Pusakesar,Local,26/08/2026,7000,7500,7250
Tamil Nadu,Salem,Athur(Uzhavar Sandhai ),Snakeguard,Snakeguard,Local,26/08/2026,2500,3000,2750
Tamil Nadu,Salem,Athur(Uzhavar Sandhai ),Beetroot,Beetroot,Local,26/08/2026,6000,6600,6300
Tamil Nadu,Salem,Athur(Uzhavar Sandhai ),Chow Chow,Chow Chow,Local,26/08/2026,3500,4000,3750
Tamil Nadu,Salem,Athur(Uzhavar Sandhai ),Lemon,Lemon,Local,26/08/2026,7500,8000,7750
Tamil Nadu,Salem,Athur(Uzhavar Sandhai ),Amla(Nelli Kai),Amla,Local,26/08/2026,6000,7000,6500
Tamil Nadu,Salem,Athur(Uzhavar Sandhai ),Onion Green,Onion Green,Local,26/08/2026,5500,6000,5750
Tamil Nadu,Salem,Athur(Uzhavar Sandhai ),Mint(Pudina),Mint(Pudina),Local,26/08/2026,3000,3500,3250
Punjab,Ludhiana,Machhiwara APMC,Garlic,Average,FAQ,26/08/2026,9000,12000,11000
Punjab,Ludhiana,Machhiwara APMC,Bhindi(Ladies Finger),Other,FAQ,26/08/2026,2000,3000,2500
Tamil Nadu,Theni,Periyakulam(Uzhavar Sandhai ),Cauliflower,Ranchi,Local,26/08/2026,3000,3500,3250
Tamil Nadu,Theni,Periyakulam(Uzhavar Sandhai ),Brinjal,Other,Local,26/08/2026,3000,3400,3200
Tamil Nadu,Theni,Periyakulam(Uzhavar Sandhai ),Green Chilli,Green Chilly,Local,26/08/2026,3500,4000,3750
Tamil Nadu,Theni,Periyakulam(Uzhavar Sandhai ),Ginger(Green),Green Ginger,Local,26/08/2026,9000,15000,12000
Tamil Nadu,Theni,Periyakulam(Uzhavar Sandhai ),Drumstick,Drumstick,Local,26/08/2026,2000,2500,2250
Tamil Nadu,Theni,Periyakulam(Uzhavar Sandhai ),Onion Green,Onion Green,Local,26/08/2026,6000,7000,6500
Tamil Nadu,Virudhunagar,Srivilliputhur(Uzhavar Sandhai ),Potato,Red Nanital,Local,26/08/2026,2500,3000,2750
Tamil Nadu,Virudhunagar,Srivilliputhur(Uzhavar Sandhai ),Papaya,Papaya,Local,26/08/2026,2500,3000,2750
Tamil Nadu,Virudhunagar,Srivilliputhur(Uzhavar Sandhai ),Bhindi(Ladies Finger),Bhindi,Local,26/08/2026,3500,4000,3750
Tamil Nadu,Virudhunagar,Srivilliputhur(Uzhavar Sandhai ),Green Chilli,Green Chilly,Local,26/08/2026,5000,6000,5500
Tamil Nadu,Virudhunagar,Srivilliputhur(Uzhavar Sandhai ),Cabbage,Cabbage,Local,26/08/2026,3500,4000,3750
Tamil Nadu,Virudhunagar,Srivilliputhur(Uzhavar Sandhai ),Green Avare(W),Green Avare (W),Local,26/08/2026,5000,6000,5500
Tamil Nadu,Virudhunagar,Srivilliputhur(Uzhavar Sandhai ),Elephant Yam(Suran)/Amorphophallus,Elephant Yam (Suran),Local,26/08/2026,4500,5000,4750
Uttar Pradesh,Prayagraj,Prayagraj APMC,Wheat,Medium,FAQ,26/08/2026,2400,2400,2400
Uttar Pradesh,Siddharth Nagar,Sahiyapur APMC,Wheat,Dara,FAQ,26/08/2026,2430,2430,2430
Uttar Pradesh,Shamli,Shamli APMC,Potato,Other,FAQ,26/08/2026,1000,1200,1100
Uttar Pradesh,Firozabad,Shikohabad APMC,Potato,Other,FAQ,26/08/2026,500,500,500
Uttar Pradesh,Bulandshahar,Siyana APMC,Colacasia,Colacasia,Medium,26/08/2026,2100,2140,2120
Uttar Pradesh,Bulandshahar,Siyana APMC,Mousambi(Sweet Lime),Mousambi,Medium,26/08/2026,3100,3200,3150
Uttar Pradesh,Bulandshahar,Siyana APMC,Bottle gourd,Bottle Gourd,Medium,26/08/2026,1100,1140,1120
Uttar Pradesh,Firozabad,Sirsaganj APMC,Potato,Other,FAQ,26/08/2026,500,500,500
Punjab,Ludhiana,Sahnewal APMC,Onion,Onion,FAQ,26/08/2026,4200,4200,4200
Punjab,Ludhiana,Sahnewal APMC,Cauliflower,Cauliflower,FAQ,26/08/2026,4000,4000,4000
Uttar Pradesh,Amethi,Sultanpur APMC,Wheat,Deshi,FAQ,26/08/2026,2451,2452,2451.52
Uttar Pradesh,Amethi,Sultanpur APMC,Wheat,Dara,FAQ,26/08/2026,2450,2450,2450
Uttar Pradesh,Shahjahanpur,Tilhar APMC,Paddy(Common),Common,FAQ,26/08/2026,1700,1700,1700
Uttar Pradesh,Hardoi,Sandila APMC,Wheat,Dara,FAQ,26/08/2026,2450,2450,2450
Punjab,Ferozpur,Zira APMC,Banana,Other,Local,26/08/2026,3000,3000,3000
Punjab,Ferozpur,Zira APMC,Potato,Other,Local,26/08/2026,700,700,700
Nagaland,Tsemenyu,Tsemenyu APMC,Pineapple,Pine Apple,Local,26/08/2026,4500,4500,4500
Nagaland,Tsemenyu,Tsemenyu APMC,Yam(Ratalu),Yam (Ratalu),Local,26/08/2026,4500,4500,4500
Punjab,Sangrur,Bhawanigarh APMC,Mango,Other,Local,26/08/2026,5000,5000,5000
Punjab,Sangrur,Bhawanigarh APMC,Plum,Other,Medium,26/08/2026,5000,6000,5500
Punjab,Sangrur,Bhawanigarh APMC,Carrot,Other,Medium,26/08/2026,2500,2700,2600
Punjab,Sangrur,Bhawanigarh APMC,Cauliflower,Other,Medium,26/08/2026,3000,3500,3250
Punjab,Sangrur,Bhawanigarh APMC,Carrot,Other,Grade Range-2,26/08/2026,2500,2700,2600
Punjab,Sangrur,Bhawanigarh APMC,Green Chilli,Green Chilly,Medium,26/08/2026,2800,3000,2900
Odisha,Kalahandi,Mukhiguda APMC,Pointed gourd(Parval),Pointed gourd (Parval),Grade B,26/08/2026,4000,6000,5000
West Bengal,North 24 Parganas,Habra APMC,Masur Dal,Masur Dal,FAQ,26/08/2026,10500,10500,10500
West Bengal,Bankura,Khatra APMC,Wheat,Sonalika,FAQ,26/08/2026,2600,2800,2700
West Bengal,Bankura,Khatra APMC,Brinjal,Round/Long,FAQ,26/08/2026,3000,3800,3500
West Bengal,Bankura,Khatra APMC,Cucumbar(Kheera),Cucumbar,FAQ,26/08/2026,1400,1800,1500
Tripura,North Tripura,Dasda APMC,Potato,Other,FAQ,26/08/2026,1350,1350,1350
Uttar Pradesh,Kanpur,Baripaal APMC,Gur(Jaggery),Other,FAQ,26/08/2026,5050,5050,5050
Nagaland,Kohima,Kohima APMC,Yam(Ratalu),Other,Local,26/08/2026,5000,5000,5000
Tamil Nadu,Coimbatore,Vadavalli(Uzhavar Sandhai ),Banana,Red Banana,Local,26/08/2026,8000,8600,8300
Tamil Nadu,Coimbatore,Vadavalli(Uzhavar Sandhai ),Potato,Other,Local,26/08/2026,6500,7200,6850
Tamil Nadu,Coimbatore,Vadavalli(Uzhavar Sandhai ),Garlic,Garlic,Local,26/08/2026,20000,22000,21000
Tamil Nadu,Coimbatore,Vadavalli(Uzhavar Sandhai ),Papaya,Papaya,Local,26/08/2026,4400,4800,4600
Tamil Nadu,Coimbatore,Vadavalli(Uzhavar Sandhai ),Water Melon,Water Melon,Local,26/08/2026,1500,2000,1750
Tamil Nadu,Coimbatore,Vadavalli(Uzhavar Sandhai ),Bitter gourd,Other,Local,26/08/2026,5000,5500,5250
Tamil Nadu,Coimbatore,Vadavalli(Uzhavar Sandhai ),Ashgourd,Gouard,Local,26/08/2026,1800,2000,1900
Tamil Nadu,Coimbatore,Vadavalli(Uzhavar Sandhai ),Tapioca,Tapioca,Local,26/08/2026,2500,3000,2750
Tamil Nadu,Coimbatore,Vadavalli(Uzhavar Sandhai ),Carrot,Pusakesar,Local,26/08/2026,5000,6200,5600
Tamil Nadu,Coimbatore,Vadavalli(Uzhavar Sandhai ),Snakeguard,Snakeguard,Local,26/08/2026,3500,3800,3650
Tamil Nadu,Coimbatore,Vadavalli(Uzhavar Sandhai ),Beetroot,Beetroot,Local,26/08/2026,5500,6000,5750
Tamil Nadu,Coimbatore,Vadavalli(Uzhavar Sandhai ),Drumstick,Drumstick,Local,26/08/2026,2600,3000,2800
Tamil Nadu,Coimbatore,Vadavalli(Uzhavar Sandhai ),Lemon,Lemon,Local,26/08/2026,15000,15500,15250
Tamil Nadu,Coimbatore,Vadavalli(Uzhavar Sandhai ),Onion Green,Onion Green,Local,26/08/2026,7000,7500,7250
Tamil Nadu,Dindigul,Vedasanthur(Uzhavar Sandhai ),Pumpkin,Pumpkin,Local,26/08/2026,1500,2000,1750
Tamil Nadu,Dindigul,Vedasanthur(Uzhavar Sandhai ),Drumstick,Drumstick,Local,26/08/2026,2000,2400,2200
Himachal Pradesh,Mandi,PMY Kangni Mandi,Pomegranate,Pomogranate,Grade B,26/08/2026,2500,13000,8000
Himachal Pradesh,Mandi,PMY Kangni Mandi,Carrot,Carrot,Grade B,26/08/2026,2800,4000,3000
Himachal Pradesh,Mandi,PMY Kangni Mandi,Mousambi(Sweet Lime),Mousambi,Grade B,26/08/2026,4500,5000,4800
Himachal Pradesh,Mandi,PMY Kangni Mandi,Cauliflower,Cauliflower,Grade B,26/08/2026,4000,5500,5000
Himachal Pradesh,Mandi,PMY Kangni Mandi,French Beans(Frasbean),French Beans (Frasbean),Grade B,26/08/2026,3500,6000,4500
Himachal Pradesh,Mandi,PMY Kangni Mandi,Green Chilli,Green Chilly,Grade B,26/08/2026,3000,6000,5000
Himachal Pradesh,Mandi,PMY Kangni Mandi,Onion,Onion,Grade B,26/08/2026,3500,4500,4000
Himachal Pradesh,Mandi,PMY Kangni Mandi,Potato,Potato,Grade B,26/08/2026,1000,2000,1500
Gujarat,Vadodara(Baroda),Padra APMC,Coriander(Leaves),Other,FAQ,26/08/2026,3000,3500,3250
Gujarat,Vadodara(Baroda),Padra APMC,Drumstick,Other,FAQ,26/08/2026,4500,5000,4750
Gujarat,Vadodara(Baroda),Padra APMC,Green Chilli,Green Chilly,FAQ,26/08/2026,1000,3000,2000
Uttar Pradesh,Bulandshahar,Gulavati APMC,Sponge gourd,Other,FAQ,26/08/2026,2100,2300,2200
Haryana,Hissar,Barwala(Hisar) APMC,Capsicum,Capsicum,Local,26/08/2026,4500,5000,4800
Haryana,Hissar,Barwala(Hisar) APMC,Bhindi(Ladies Finger),Bhindi,Local,26/08/2026,2000,3000,2500
Haryana,Hissar,Barwala(Hisar) APMC,Cucumbar(Kheera),Cucumbar,Local,26/08/2026,2000,3000,2500
Haryana,Hissar,Barwala(Hisar) APMC,Bitter gourd,Bitter Gourd,Local,26/08/2026,1500,2000,1800
Haryana,Hissar,Barwala(Hisar) APMC,Bottle gourd,Bottle Gourd,Local,26/08/2026,1500,2000,1800
Haryana,Hissar,Barwala(Hisar) APMC,Brinjal,Brinjal,Local,26/08/2026,1500,2000,1800
Haryana,Hissar,Barwala(Hisar) APMC,Guava,Guava,Local,26/08/2026,2000,2500,2250
Haryana,Hissar,Barwala(Hisar) APMC,Apple,Apple,Local,26/08/2026,10000,18000,14000
Haryana,Kaithal,Dhand APMC,Onion,Other,Medium,26/08/2026,3000,4000,3800
Haryana,Kaithal,Dhand APMC,Tomato,Other,Medium,26/08/2026,2000,2500,2400
Punjab,Fazilka,Jalalabad APMC,Pineapple,Other,Medium,26/08/2026,5200,5500,5300
Punjab,Fazilka,Jalalabad APMC,Cauliflower,Other,Medium,26/08/2026,4700,5000,4800
Punjab,Fazilka,Jalalabad APMC,Guava,Guava,Medium,26/08/2026,2700,3000,2800
Punjab,Fazilka,Jalalabad APMC,Apple,Other,Medium,26/08/2026,9700,10500,10000
Punjab,Fazilka,Jalalabad APMC,Peas Wet,Peas Wet,Medium,26/08/2026,10000,10200,10000
Punjab,Fazilka,Jalalabad APMC,Tomato,Tomato,Medium,26/08/2026,3000,3300,3100
Uttar Pradesh,Sitapur,Maholi APMC,Firewood,Firewood,FAQ,26/08/2026,300,300,300
Punjab,Jalandhar,Jalandhar City(Jalandhar) APMC,Guava,Other,Medium,26/08/2026,2000,4000,2700
Punjab,Jalandhar,Jalandhar City(Jalandhar) APMC,Bhindi(Ladies Finger),Bhindi,FAQ,26/08/2026,800,1800,1300
Punjab,Jalandhar,Jalandhar City(Jalandhar) APMC,Capsicum,Capsicum,FAQ,26/08/2026,1500,2500,2000
Punjab,Jalandhar,Jalandhar City(Jalandhar) APMC,Carrot,Other,FAQ,26/08/2026,1200,2400,1800
Punjab,Jalandhar,Jalandhar City(Jalandhar) APMC,Mashrooms,Mashrooms,FAQ,26/08/2026,5000,9500,7200
Punjab,Jalandhar,Jalandhar City(Jalandhar) APMC,Cucumbar(Kheera),Cucumbar,FAQ,26/08/2026,1000,2600,1800
Punjab,Jalandhar,Jalandhar City(Jalandhar) APMC,Ginger(Green),Green Ginger,FAQ,26/08/2026,3000,5000,4000
Himachal Pradesh,Solan,SMY Parwanoo,Pear(Marasebu),Other,Local,26/08/2026,200,5500,3500
Tamil Nadu,Coimbatore,Udumalpet APMC,Papaya,Papaya,Local,26/08/2026,3000,3500,3250
Tamil Nadu,Coimbatore,Udumalpet APMC,Tomato,Deshi,Local,26/08/2026,1000,1700,1350
Tamil Nadu,Coimbatore,Udumalpet APMC,Cluster beans,Cluster Beans,Local,26/08/2026,4000,4500,4250
Tamil Nadu,Coimbatore,Udumalpet APMC,Bitter gourd,Bitter Gourd,Local,26/08/2026,5500,6500,6000
Tamil Nadu,Coimbatore,Udumalpet APMC,Banana - Green,Banana - Green,Local,26/08/2026,3000,3500,3250
Tamil Nadu,Coimbatore,Udumalpet APMC,Sweet Potato,Hosur Red,Local,26/08/2026,6000,6500,6250
Tamil Nadu,Coimbatore,Udumalpet APMC,Thondekai,Thondekai,Local,26/08/2026,5000,5500,5250
Tamil Nadu,Coimbatore,Udumalpet APMC,Elephant Yam(Suran)/Amorphophallus,Elephant Yam (Suran),Local,26/08/2026,6000,7000,6500
Tamil Nadu,Coimbatore,Udumalpet APMC,Lemon,Lemon,Local,26/08/2026,16000,18000,17000
Tamil Nadu,Coimbatore,Udumalpet APMC,Amla(Nelli Kai),Amla,Local,26/08/2026,8000,8500,8250
Andhra Pradesh,Kakinada,Karapa APMC,Paddy(Common),1001,FAQ,26/08/2026,2363,2369,2365
Himachal Pradesh,Kangra,SMY Nagrota Bagwan,Bhindi(Ladies Finger),Bhindi,FAQ,26/08/2026,2800,3000,2900
Himachal Pradesh,Kangra,SMY Nagrota Bagwan,Bottle gourd,Bottle Gourd,FAQ,26/08/2026,2400,4500,3200
Himachal Pradesh,Kangra,SMY Nagrota Bagwan,Bitter gourd,Bitter Gourd,FAQ,26/08/2026,1600,2300,1800
Himachal Pradesh,Kullu,SMY Chauri Bihal,French Beans(Frasbean),Other,Grade Range-1,26/08/2026,3000,4900,4000
Himachal Pradesh,Kullu,SMY Chauri Bihal,Brinjal,Other,Grade Range-1,26/08/2026,1000,1400,1200
Himachal Pradesh,Shimla,SMY Rampur,Cucumbar(Kheera),Cucumbar,Local,26/08/2026,3000,6000,5000
Himachal Pradesh,Shimla,SMY Rampur,Bitter gourd,Bitter Gourd,Local,26/08/2026,3000,3000,3000
West Bengal,Darjeeling,Siliguri APMC,Black Gram Dal(Urd Dal),Black Gram Dal,FAQ,26/08/2026,12000,13000,12500
West Bengal,Darjeeling,Siliguri APMC,Squash(Chappal Kadoo),Other,FAQ,26/08/2026,1200,1400,1300
Tamil Nadu,Erode,Gobichettipalayam(Uzhavar Sandhai ),Tomato,Deshi,Local,26/08/2026,1600,2000,1800
Tamil Nadu,Erode,Gobichettipalayam(Uzhavar Sandhai ),Cluster beans,Cluster Beans,Local,26/08/2026,3500,3800,3650
Tamil Nadu,Erode,Gobichettipalayam(Uzhavar Sandhai ),Bitter gourd,Bitter Gourd,Local,26/08/2026,4800,5000,4900
Tamil Nadu,Erode,Gobichettipalayam(Uzhavar Sandhai ),Beans,Beans (Whole),Local,26/08/2026,8500,9000,8750
Tamil Nadu,Erode,Gobichettipalayam(Uzhavar Sandhai ),Ridgeguard(Tori),Ridgeguard(Tori),Local,26/08/2026,4500,5000,4750
Tamil Nadu,Erode,Gobichettipalayam(Uzhavar Sandhai ),Green Avare(W),Green Avare (W),Local,26/08/2026,6000,6500,6250
Tamil Nadu,Erode,Gobichettipalayam(Uzhavar Sandhai ),Elephant Yam(Suran)/Amorphophallus,Elephant Yam (Suran),Local,26/08/2026,4000,4500,4250
Tamil Nadu,Erode,Sampath Nagar(Uzhavar Sandhai ),Banana,Besrai,Local,26/08/2026,2500,2800,2650
Tamil Nadu,Erode,Sampath Nagar(Uzhavar Sandhai ),Brinjal,Other,Local,26/08/2026,3800,4200,4000
Tamil Nadu,Erode,Sampath Nagar(Uzhavar Sandhai ),Papaya,Papaya,Local,26/08/2026,3000,3400,3200
Tamil Nadu,Erode,Sampath Nagar(Uzhavar Sandhai ),Tomato,Other,Local,26/08/2026,1800,2000,1900
Tamil Nadu,Erode,Sampath Nagar(Uzhavar Sandhai ),Bhindi(Ladies Finger),Bhindi,Local,26/08/2026,3500,3800,3650
Tamil Nadu,Erode,Sampath Nagar(Uzhavar Sandhai ),Banana - Green,Banana - Green,Local,26/08/2026,3000,3500,3250
Tamil Nadu,Erode,Sampath Nagar(Uzhavar Sandhai ),Ridgeguard(Tori),Ridgeguard(Tori),Local,26/08/2026,4000,4200,4100
Tamil Nadu,Erode,Sampath Nagar(Uzhavar Sandhai ),Capsicum,Capsicum,Local,26/08/2026,5200,5600,5400
Tamil Nadu,Erode,Sampath Nagar(Uzhavar Sandhai ),Pomegranate,Pomogranate,Local,26/08/2026,16000,16500,16250
Tamil Nadu,Erode,Sampath Nagar(Uzhavar Sandhai ),Elephant Yam(Suran)/Amorphophallus,Elephant Yam (Suran),Local,26/08/2026,3000,3500,3250
Himachal Pradesh,Shimla,SMY Rohroo,Guava,Guava,Grade B,26/08/2026,10000,12000,11000
Himachal Pradesh,Shimla,SMY Rohroo,Cauliflower,Cauliflower,Grade B,26/08/2026,6000,6500,6250
Himachal Pradesh,Shimla,SMY Rohroo,Cucumbar(Kheera),Cucumbar,Grade B,26/08/2026,3200,3400,3300
Himachal Pradesh,Shimla,SMY Rohroo,Green Chilli,Green Chilly,Grade B,26/08/2026,4800,5000,4900
Punjab,Jalandhar,Phillaur(Apra Mandi) APMC,Green Chilli,Other,FAQ,26/08/2026,2500,2500,2500
Madhya Pradesh,Gwalior,Lashkar APMC,Mustard,Mustard,FAQ,26/08/2026,7645,7645,7645
West Bengal,Jhargram,Jhargram APMC,Brinjal,Brinjal,FAQ,26/08/2026,3000,3500,3200
West Bengal,Jhargram,Jhargram APMC,Sweet Pumpkin,Other,FAQ,26/08/2026,2200,2500,2400
Odisha,Jagatsinghpur,Rahama APMC,Brinjal,Other,Local,26/08/2026,5000,7000,6000
Tamil Nadu,Vellore,Pallikonda(Uzhavar Sandhai),Garlic,Garlic,Local,26/08/2026,18000,19000,18500
Tamil Nadu,Vellore,Pallikonda(Uzhavar Sandhai),Bitter gourd,Bitter Gourd,Local,26/08/2026,4500,4500,4500
Tamil Nadu,Vellore,Pallikonda(Uzhavar Sandhai),Banana - Green,Banana - Green,Local,26/08/2026,2500,3000,2750
Tamil Nadu,Vellore,Pallikonda(Uzhavar Sandhai),Carrot,Pusakesar,Local,26/08/2026,5000,5500,5250
Tamil Nadu,Vellore,Pallikonda(Uzhavar Sandhai),Raddish,Raddish,Local,26/08/2026,3000,3000,3000
Tamil Nadu,Vellore,Pallikonda(Uzhavar Sandhai),Guava,Guava Allahabad,Local,26/08/2026,4500,5000,4750
Tamil Nadu,Vellore,Pallikonda(Uzhavar Sandhai),Lemon,Lemon,Local,26/08/2026,8000,9000,8500
Tamil Nadu,Pudukkottai,Ponnamaravathi(Uzhavar Sandhai),Banana,Besrai,Local,26/08/2026,6500,7000,6750
Tamil Nadu,Pudukkottai,Ponnamaravathi(Uzhavar Sandhai),Onion,Bellary,Local,26/08/2026,5500,6000,5750
Tamil Nadu,Pudukkottai,Ponnamaravathi(Uzhavar Sandhai),Bitter gourd,Bitter Gourd,Local,26/08/2026,8500,9000,8750
Tamil Nadu,Pudukkottai,Ponnamaravathi(Uzhavar Sandhai),Amaranthus,Amaranthus,Local,26/08/2026,1500,2000,1750
Tamil Nadu,Pudukkottai,Ponnamaravathi(Uzhavar Sandhai),Banana - Green,Banana - Green,Local,26/08/2026,2500,3000,2750
Tamil Nadu,Pudukkottai,Ponnamaravathi(Uzhavar Sandhai),Coconut,Coconut,Local,26/08/2026,3500,4000,3750
Tamil Nadu,Pudukkottai,Ponnamaravathi(Uzhavar Sandhai),Snakeguard,Snakeguard,Local,26/08/2026,3500,4000,3750
Tamil Nadu,Pudukkottai,Ponnamaravathi(Uzhavar Sandhai),Lemon,Lemon,Local,26/08/2026,12000,13000,12500
Tamil Nadu,Nagapattinam,Mayiladuthurai(Uzhavar Sandhai ),Onion,Bellary,Local,26/08/2026,5500,6000,5750
Tamil Nadu,Nagapattinam,Mayiladuthurai(Uzhavar Sandhai ),Ashgourd,Gouard,Local,26/08/2026,1500,2000,1750
Tamil Nadu,Nagapattinam,Mayiladuthurai(Uzhavar Sandhai ),Pumpkin,Pumpkin,Local,26/08/2026,1500,2000,1750
Tamil Nadu,Nagapattinam,Mayiladuthurai(Uzhavar Sandhai ),Green Chilli,Green Chilly,Local,26/08/2026,6000,7000,6500
Tamil Nadu,Nagapattinam,Mayiladuthurai(Uzhavar Sandhai ),Ridgeguard(Tori),Ridgeguard(Tori),Local,26/08/2026,6000,7000,6500
Tamil Nadu,Nagapattinam,Mayiladuthurai(Uzhavar Sandhai ),Green Avare(W),Green Avare (W),Local,26/08/2026,7000,8000,7500
Uttar Pradesh,Hardoi,Hardoi APMC,Wheat,Dara,FAQ,26/08/2026,2400,2425,2405.98
Uttar Pradesh,Lucknow,Lucknow APMC,Wheat,Dara,FAQ,26/08/2026,2400,2400,2400
Uttar Pradesh,Mainpuri,Mainpuri APMC,Maize,Other,FAQ,26/08/2026,1950,1950,1950
Tamil Nadu,Pudukkottai,Viralimalai(Uzhavar Sandhai ),Tomato,Deshi,Local,26/08/2026,1500,2000,1750
Tamil Nadu,Pudukkottai,Viralimalai(Uzhavar Sandhai ),Bitter gourd,Bitter Gourd,Local,26/08/2026,8500,9000,8750
Tamil Nadu,Pudukkottai,Viralimalai(Uzhavar Sandhai ),Bhindi(Ladies Finger),Bhindi,Local,26/08/2026,4500,5000,4750
Tamil Nadu,Pudukkottai,Viralimalai(Uzhavar Sandhai ),Snakeguard,Snakeguard,Local,26/08/2026,3500,4000,3750
Tamil Nadu,Pudukkottai,Viralimalai(Uzhavar Sandhai ),Raddish,Raddish,Local,26/08/2026,3500,4000,3750
Tamil Nadu,Pudukkottai,Viralimalai(Uzhavar Sandhai ),Drumstick,Drumstick,Local,26/08/2026,5500,6000,5750
Tamil Nadu,Pudukkottai,Viralimalai(Uzhavar Sandhai ),Guava,Guava Allahabad,Local,26/08/2026,7500,8000,7750
Tamil Nadu,Ramanathapuram,Paramakudi(Uzhavar Sandhai ),Potato,Red Nanital,Local,26/08/2026,5000,5500,5250
Tamil Nadu,Ramanathapuram,Paramakudi(Uzhavar Sandhai ),Green Chilli,Green Chilly,Local,26/08/2026,6500,7000,6750
Tamil Nadu,Ramanathapuram,Paramakudi(Uzhavar Sandhai ),Green Avare(W),Green Avare (W),Local,26/08/2026,7000,8000,7500
Tamil Nadu,Ramanathapuram,Paramakudi(Uzhavar Sandhai ),Chow Chow,Chow Chow,Local,26/08/2026,4000,4500,4250
Tamil Nadu,Ramanathapuram,Paramakudi(Uzhavar Sandhai ),Drumstick,Drumstick,Local,26/08/2026,5500,6000,5750
Tamil Nadu,Ramanathapuram,Paramakudi(Uzhavar Sandhai ),Kakada,Kakada,Local,26/08/2026,45000,50000,47500
Tamil Nadu,Ramanathapuram,Paramakudi(Uzhavar Sandhai ),Onion Green,Onion Green,Local,26/08/2026,7500,8000,7750
Tamil Nadu,Ramanathapuram,Ramanathapuram(Uzhavar Sandhai ),Banana,Besrai,Local,26/08/2026,5000,5500,5250
Tamil Nadu,Ramanathapuram,Ramanathapuram(Uzhavar Sandhai ),Brinjal,Round,Local,26/08/2026,7500,8000,7750
Tamil Nadu,Ramanathapuram,Ramanathapuram(Uzhavar Sandhai ),Tomato,Deshi,Local,26/08/2026,3000,3500,3250
Tamil Nadu,Ramanathapuram,Ramanathapuram(Uzhavar Sandhai ),Bitter gourd,Bitter Gourd,Local,26/08/2026,5500,6000,5750
Tamil Nadu,Ramanathapuram,Ramanathapuram(Uzhavar Sandhai ),Beans,Beans (Whole),Local,26/08/2026,9000,9500,9250
Tamil Nadu,Ramanathapuram,Ramanathapuram(Uzhavar Sandhai ),Tender Coconut,Tender Coconut,Local,26/08/2026,6000,6500,6250
Tamil Nadu,Ramanathapuram,Ramanathapuram(Uzhavar Sandhai ),Kakada,Kakada,Local,26/08/2026,60000,65000,62500
Tamil Nadu,Pudukkottai,Alangudi(Uzhavar Sandhai ),Onion,Bellary,Local,26/08/2026,5000,6000,5500
Tamil Nadu,Pudukkottai,Alangudi(Uzhavar Sandhai ),Potato,Other,Local,26/08/2026,6000,7000,6500
Tamil Nadu,Pudukkottai,Alangudi(Uzhavar Sandhai ),Brinjal,Other,Local,26/08/2026,5000,6000,5500
Tamil Nadu,Pudukkottai,Alangudi(Uzhavar Sandhai ),Tomato,Other,Local,26/08/2026,2000,2500,2250
Tamil Nadu,Pudukkottai,Alangudi(Uzhavar Sandhai ),Cluster beans,Cluster Beans,Local,26/08/2026,4000,4500,4250
Tamil Nadu,Pudukkottai,Alangudi(Uzhavar Sandhai ),Green Chilli,Green Chilly,Local,26/08/2026,5000,6000,5500
Tamil Nadu,Pudukkottai,Alangudi(Uzhavar Sandhai ),Ridgeguard(Tori),Ridgeguard(Tori),Local,26/08/2026,5000,6000,5500
Tamil Nadu,Pudukkottai,Alangudi(Uzhavar Sandhai ),Drumstick,Drumstick,Local,26/08/2026,5000,6000,5500
Tamil Nadu,Thiruvannamalai,Arani(Uzhavar Sandhai ),Garlic,Garlic,Local,26/08/2026,20000,24000,22000
Tamil Nadu,Thiruvannamalai,Arani(Uzhavar Sandhai ),Brinjal,Round,Local,26/08/2026,5000,6000,5500
Tamil Nadu,Thiruvannamalai,Polur(Uzhavar Sandhai ),Coriander(Leaves),I Sort,Local,26/08/2026,4200,5000,4600
Tamil Nadu,Thiruvannamalai,Polur(Uzhavar Sandhai ),Papaya,Papaya,Local,26/08/2026,2500,3000,2750
Tamil Nadu,Thiruvannamalai,Polur(Uzhavar Sandhai ),Cluster beans,Cluster Beans,Local,26/08/2026,4000,4800,4400
Tamil Nadu,Thiruvannamalai,Polur(Uzhavar Sandhai ),Ashgourd,Gouard,Local,26/08/2026,1600,2000,1800
Tamil Nadu,Thiruvannamalai,Polur(Uzhavar Sandhai ),Bhindi(Ladies Finger),Bhindi,Local,26/08/2026,3300,4000,3650
Tamil Nadu,Thiruvannamalai,Polur(Uzhavar Sandhai ),Green Chilli,Green Chilly,Local,26/08/2026,5000,6000,5500
Tamil Nadu,Thiruvannamalai,Polur(Uzhavar Sandhai ),Cabbage,Cabbage,Local,26/08/2026,2500,3000,2750
Tamil Nadu,Thiruvannamalai,Polur(Uzhavar Sandhai ),Beetroot,Beetroot,Local,26/08/2026,4000,4800,4400
Tamil Nadu,Thiruvannamalai,Polur(Uzhavar Sandhai ),Cucumbar(Kheera),Cucumbar,Local,26/08/2026,3300,4000,3650
Tamil Nadu,Thiruvannamalai,Polur(Uzhavar Sandhai ),Raddish,Raddish,Local,26/08/2026,2500,3000,2750
Tamil Nadu,Thiruvannamalai,Polur(Uzhavar Sandhai ),Green Avare(W),Green Avare (W),Local,26/08/2026,5000,6000,5500
Tamil Nadu,Thiruvannamalai,Tiruvannamalai(Uzhavar Sandhai ),Groundnut,Big (With Shell),Local,26/08/2026,7000,8000,7500
Tamil Nadu,Thiruvannamalai,Tiruvannamalai(Uzhavar Sandhai ),Orange,Darjeeling,Local,26/08/2026,14000,16000,15000
Tamil Nadu,Thiruvannamalai,Tiruvannamalai(Uzhavar Sandhai ),Banana,Besrai,Local,26/08/2026,4000,5000,4500
Tamil Nadu,Thiruvannamalai,Tiruvannamalai(Uzhavar Sandhai ),Onion,Bellary,Local,26/08/2026,5000,5500,5250
Tamil Nadu,Thiruvannamalai,Tiruvannamalai(Uzhavar Sandhai ),Brinjal,Round,Local,26/08/2026,5000,6000,5500
Tamil Nadu,Thiruvannamalai,Tiruvannamalai(Uzhavar Sandhai ),Bitter gourd,Bitter Gourd,Local,26/08/2026,4000,5000,4500
Tamil Nadu,Thiruvannamalai,Tiruvannamalai(Uzhavar Sandhai ),Beetroot,Beetroot,Local,26/08/2026,3600,4000,3800
Tamil Nadu,Thiruvannamalai,Tiruvannamalai(Uzhavar Sandhai ),Capsicum,Capsicum,Local,26/08/2026,5000,6000,5500
Tamil Nadu,Thiruvannamalai,Tiruvannamalai(Uzhavar Sandhai ),Mango(Raw-Ripe),Mango - Raw-Ripe,Local,26/08/2026,8000,10000,9000
Tamil Nadu,Thiruvannamalai,Tiruvannamalai(Uzhavar Sandhai ),Karbuja(Musk Melon),Karbhuja,Local,26/08/2026,3000,3500,3250
Tamil Nadu,Thiruvannamalai,Tiruvannamalai(Uzhavar Sandhai ),Pomegranate,Pomogranate,Local,26/08/2026,14000,16000,15000
Tamil Nadu,Thiruvannamalai,Tiruvannamalai(Uzhavar Sandhai ),Fig(Anjura/Anjeer),Anjura,Local,26/08/2026,7000,8000,7500
Tamil Nadu,Thiruvannamalai,Tiruvannamalai(Uzhavar Sandhai ),Marigold(Calcutta),Marigold(Calcutta),Local,26/08/2026,30000,35000,32500
Tamil Nadu,Thiruvannamalai,Tiruvannamalai(Uzhavar Sandhai ),Tamarind Fruit,Tamarind Fruit,Local,26/08/2026,12000,15000,13500
Tamil Nadu,Thiruvannamalai,Tiruvannamalai(Uzhavar Sandhai ),Rose(Local),Rose (Local),Local,26/08/2026,20000,25000,22500
Tamil Nadu,Thiruvannamalai,Tiruvannamalai(Uzhavar Sandhai ),Sweet Corn ,Sweet Corn ,Local,26/08/2026,3500,4000,3750
Tamil Nadu,Thiruvarur,Mannargudi I(Uzhavar Sandhai ),Pineapple,Pine Apple,Local,26/08/2026,8000,8000,8000
Tamil Nadu,Thiruvarur,Mannargudi I(Uzhavar Sandhai ),Garlic,Garlic,Local,26/08/2026,20000,24000,22000
Tamil Nadu,Thiruvarur,Mannargudi I(Uzhavar Sandhai ),Cauliflower,Ranchi,Local,26/08/2026,6000,6000,6000
Tamil Nadu,Thiruvarur,Mannargudi I(Uzhavar Sandhai ),Chikoos(Sapota),Sapota,Local,26/08/2026,6000,6000,6000
Tamil Nadu,Thiruvarur,Mannargudi I(Uzhavar Sandhai ),Bitter gourd,Other,Local,26/08/2026,5600,5600,5600
Tamil Nadu,Thiruvarur,Mannargudi I(Uzhavar Sandhai ),Amaranthus,Amaranthus,Local,26/08/2026,2000,2000,2000
Tamil Nadu,Thiruvarur,Mannargudi I(Uzhavar Sandhai ),Beetroot,Beetroot,Local,26/08/2026,4600,4600,4600
Tamil Nadu,Thiruvarur,Mannargudi I(Uzhavar Sandhai ),Pomegranate,Pomogranate,Local,26/08/2026,12000,15000,13500
Tamil Nadu,Thiruvarur,Mannargudi I(Uzhavar Sandhai ),Lemon,Lemon,Local,26/08/2026,14000,14000,14000
Tamil Nadu,Thiruvarur,Mannargudi II(Uzhavar Sandhai ),Coriander(Leaves),I Sort,Local,26/08/2026,3500,3500,3500
Tamil Nadu,Thiruvarur,Mannargudi II(Uzhavar Sandhai ),Cluster beans,Cluster Beans,Local,26/08/2026,4000,4000,4000
Tamil Nadu,Thiruvarur,Mannargudi II(Uzhavar Sandhai ),Bhindi(Ladies Finger),Bhindi,Local,26/08/2026,3800,3800,3800
Tamil Nadu,Thiruvarur,Mannargudi II(Uzhavar Sandhai ),Green Chilli,Green Chilly,Local,26/08/2026,5000,5000,5000
Tamil Nadu,Thiruvarur,Mannargudi II(Uzhavar Sandhai ),Beetroot,Beetroot,Local,26/08/2026,4600,4600,4600
Tamil Nadu,Thiruvarur,Mannargudi II(Uzhavar Sandhai ),Drumstick,Drumstick,Local,26/08/2026,3600,3600,3600
Tamil Nadu,Thiruvarur,Mannargudi II(Uzhavar Sandhai ),Lime,Lime,Local,26/08/2026,4000,4000,4000
Tamil Nadu,Thiruvarur,Tiruthuraipoondi(Uzhavar Sandhai ),Bhindi(Ladies Finger),Bhindi,Local,26/08/2026,4000,4000,4000
Tamil Nadu,Thiruvarur,Tiruthuraipoondi(Uzhavar Sandhai ),Green Chilli,Green Chilly,Local,26/08/2026,5400,5400,5400
Tamil Nadu,Thiruvarur,Tiruthuraipoondi(Uzhavar Sandhai ),Banana - Green,Banana - Green,Local,26/08/2026,4000,4000,4000
Tamil Nadu,Thiruvarur,Tiruthuraipoondi(Uzhavar Sandhai ),Coconut,Coconut,Local,26/08/2026,4500,4500,4500
Tamil Nadu,Thiruvarur,Tiruthuraipoondi(Uzhavar Sandhai ),Ridgeguard(Tori),Ridgeguard(Tori),Local,26/08/2026,4400,4400,4400
Tamil Nadu,Thiruvellore,Ambattur(Uzhavar Sandhai ),Brinjal,Other,Local,26/08/2026,5000,5000,5000
Tamil Nadu,Thiruvellore,Naravarikuppam(Uzhavar Sandhai ),Lemon,Lemon,Local,26/08/2026,10000,10000,10000
Tamil Nadu,Thiruvellore,Paruthipattu(Uzhavar Sandhai ),Cabbage,Cabbage,Local,26/08/2026,4000,4000,4000
Tamil Nadu,Thiruvellore,Paruthipattu(Uzhavar Sandhai ),Thondekai,Thondekai,Local,26/08/2026,5000,5000,5000
Tamil Nadu,Thiruvellore,Paruthipattu(Uzhavar Sandhai ),Capsicum,Capsicum,Local,26/08/2026,5000,5000,5000
Tamil Nadu,Thiruvellore,Paruthipattu(Uzhavar Sandhai ),Green Avare(W),Green Avare (W),Local,26/08/2026,5000,5000,5000
Tamil Nadu,Thiruvellore,Paruthipattu(Uzhavar Sandhai ),Mint(Pudina),Mint(Pudina),Local,26/08/2026,4000,4000,4000
Tamil Nadu,Thiruvellore,Perambakkam(Uzhavar Sandhai ),Brinjal,Round,Local,26/08/2026,5000,5000,5000
Tamil Nadu,Thiruvellore,Perambakkam(Uzhavar Sandhai ),Amaranthus,Amaranthus,Local,26/08/2026,3000,3000,3000
Tamil Nadu,Thiruvellore,Perambakkam(Uzhavar Sandhai ),Snakeguard,Snakeguard,Local,26/08/2026,4000,4000,4000
Tamil Nadu,Thiruvellore,Perambakkam(Uzhavar Sandhai ),Rose(Local),Rose (Local),Local,26/08/2026,15000,15000,15000
Tamil Nadu,Tuticorin,Kovilpatti(Uzhavar Sandhai ),Cauliflower,Ranchi,Local,26/08/2026,4000,4500,4250
Tamil Nadu,Tuticorin,Kovilpatti(Uzhavar Sandhai ),Cluster beans,Cluster Beans,Local,26/08/2026,3000,3500,3250
Tamil Nadu,Tuticorin,Kovilpatti(Uzhavar Sandhai ),Banana - Green,Banana - Green,Local,26/08/2026,3000,3500,3250
Tamil Nadu,Tuticorin,Kovilpatti(Uzhavar Sandhai ),Chow Chow,Chow Chow,Local,26/08/2026,3500,4000,3750
Tamil Nadu,Tuticorin,Kovilpatti(Uzhavar Sandhai ),Guava,Guava Allahabad,Local,26/08/2026,5000,5500,5250
Tamil Nadu,Tuticorin,Kovilpatti(Uzhavar Sandhai ),Elephant Yam(Suran)/Amorphophallus,Elephant Yam (Suran),Local,26/08/2026,4000,4500,4250
Tamil Nadu,Tuticorin,Kovilpatti(Uzhavar Sandhai ),Lemon,Lemon,Local,26/08/2026,16000,17000,16500
Tamil Nadu,Vellore,Gudiyatham(Uzhavar Sandhai ),Coriander(Leaves),I Sort,Local,26/08/2026,5000,5000,5000
Tamil Nadu,Vellore,Gudiyatham(Uzhavar Sandhai ),Green Chilli,Green Chilly,Local,26/08/2026,5600,5600,5600
Tamil Nadu,Vellore,Gudiyatham(Uzhavar Sandhai ),Banana - Green,Banana - Green,Local,26/08/2026,3500,3500,3500
Tamil Nadu,Vellore,Gudiyatham(Uzhavar Sandhai ),Coconut,Coconut,Local,26/08/2026,4000,4000,4000
Tamil Nadu,Vellore,Gudiyatham(Uzhavar Sandhai ),Chow Chow,Chow Chow,Local,26/08/2026,4600,4600,4600
Tamil Nadu,Vellore,Gudiyatham(Uzhavar Sandhai ),Drumstick,Drumstick,Local,26/08/2026,1500,1500,1500
Tamil Nadu,Vellore,Gudiyatham(Uzhavar Sandhai ),Yam(Ratalu),Yam (Ratalu),Local,26/08/2026,6600,6600,6600
Tamil Nadu,Vellore,Kahithapattarai(Uzhavar Sandhai ),Chili Red,Bold,Local,26/08/2026,20000,20000,20000
Tamil Nadu,Vellore,Kahithapattarai(Uzhavar Sandhai ),Bitter gourd,Bitter Gourd,Local,26/08/2026,4600,4600,4600
Tamil Nadu,Vellore,Kahithapattarai(Uzhavar Sandhai ),Green Chilli,Green Chilly,Local,26/08/2026,3600,3600,3600
Tamil Nadu,Vellore,Kahithapattarai(Uzhavar Sandhai ),Banana - Green,Banana - Green,Local,26/08/2026,5000,5000,5000
Tamil Nadu,Vellore,Kahithapattarai(Uzhavar Sandhai ),Coconut,Coconut,Local,26/08/2026,2500,2500,2500
Tamil Nadu,Vellore,Kahithapattarai(Uzhavar Sandhai ),Ridgeguard(Tori),Ridgeguard(Tori),Local,26/08/2026,3500,3500,3500
Tamil Nadu,Vellore,Kahithapattarai(Uzhavar Sandhai ),Capsicum,Capsicum,Local,26/08/2026,4600,4600,4600
Tamil Nadu,Vellore,Kahithapattarai(Uzhavar Sandhai ),Indian Beans(Seam),Indian Beans (Seam),Local,26/08/2026,4500,4500,4500
Tamil Nadu,Vellore,Kahithapattarai(Uzhavar Sandhai ),Custard Apple(Sharifa),Custard Apple(Sharifa),Local,26/08/2026,5000,5000,5000
Andhra Pradesh,SPSR Nellore,Atmakur (SPSR Nellore District) APMC,Paddy(Common),Nellore Sanna,FAQ,26/08/2026,2300,2400,2369
Haryana,Rewari,Rewari APMC,Banana,Other,Medium,26/08/2026,2000,3600,2800
Haryana,Rewari,Rewari APMC,Tomato,Other,Medium,26/08/2026,600,3000,1500
Himachal Pradesh,Solan,PMY Kather Solan,Bottle gourd,Other,Medium,26/08/2026,1700,3000,2500
Himachal Pradesh,Solan,PMY Kather Solan,Guava,Other,Medium,26/08/2026,3000,5500,4000
Himachal Pradesh,Solan,PMY Kather Solan,Pineapple,Other,Medium,26/08/2026,5000,8500,6000
Himachal Pradesh,Solan,PMY Kather Solan,Mashrooms,Other,Medium,26/08/2026,14000,17500,17000
Himachal Pradesh,Solan,PMY Kather Solan,Kiwi Fruit,Kiwi,Grade B,26/08/2026,36000,38000,36000
Punjab,Hoshiarpur,Mukerian APMC,Bitter gourd,Bitter Gourd,Grade B,26/08/2026,1500,2500,2000
Punjab,Hoshiarpur,Mukerian APMC,Tomato,Tomato,Grade B,26/08/2026,1500,2500,2000
Punjab,Hoshiarpur,Mukerian APMC,Cucumbar(Kheera),Cucumbar,Grade B,26/08/2026,1500,2500,2000
Punjab,Ludhiana,Samrala APMC,Spinach,Other,Local,26/08/2026,2000,2500,2200
Punjab,Ludhiana,Samrala APMC,Tomato,Other,Local,26/08/2026,2200,2800,2500
Punjab,Mansa,Budalada APMC,Bhindi(Ladies Finger),Bhindi,Local,26/08/2026,2800,2800,2800
Tripura,Sepahijala,Melaghar APMC,Onion,Small,Local,26/08/2026,4500,5000,4800
Tripura,Sepahijala,Melaghar APMC,Bhindi(Ladies Finger),Bhindi,Local,26/08/2026,4200,4800,4500
Punjab,Ludhiana,Ludhiana APMC,Pear(Marasebu),Other,Medium,26/08/2026,2000,6000,3000
Punjab,Ludhiana,Ludhiana APMC,Carrot,Other,FAQ,26/08/2026,800,1400,1100
Uttar Pradesh,Badaun,Badayoun APMC,Bengal Gram Dal(Chana Dal),Other,FAQ,26/08/2026,8000,8000,8000
Uttar Pradesh,Badaun,Badayoun APMC,Green Gram(Moong)(Whole),Other,FAQ,26/08/2026,8768,8768,8768
Tamil Nadu,Thiruvannamalai,Cheyyar(Uzhavar Sandhai ),Potato,Other,Local,26/08/2026,3200,4000,3600
Tamil Nadu,Thiruvannamalai,Cheyyar(Uzhavar Sandhai ),Ashgourd,Gouard,Local,26/08/2026,2000,2500,2250
Tamil Nadu,Thiruvannamalai,Cheyyar(Uzhavar Sandhai ),Amaranthus,Amaranthus,Local,26/08/2026,2000,2500,2250
Tamil Nadu,Thiruvannamalai,Cheyyar(Uzhavar Sandhai ),Coconut,Coconut,Local,26/08/2026,3700,4500,4100
Tamil Nadu,Thiruvannamalai,Cheyyar(Uzhavar Sandhai ),Thondekai,Thondekai,Local,26/08/2026,3200,4000,3600
Tamil Nadu,Thiruvannamalai,Cheyyar(Uzhavar Sandhai ),Knool Khol,Knool Khol,Local,26/08/2026,3500,4200,3850
Tamil Nadu,Thiruvannamalai,Cheyyar(Uzhavar Sandhai ),Tender Coconut,Tender Coconut,Local,26/08/2026,2000,2500,2250
Tamil Nadu,Thiruvannamalai,Cheyyar(Uzhavar Sandhai ),Yam(Ratalu),Yam (Ratalu),Local,26/08/2026,4000,4800,4400
Haryana,Ambala,Naraingarh APMC,Pumpkin,Pumpkin,Medium,26/08/2026,700,1500,1000
Haryana,Ambala,Naraingarh APMC,Brinjal,Brinjal,Medium,26/08/2026,1000,2000,1300
Haryana,Ambala,Naraingarh APMC,Tomato,Tomato,Medium,26/08/2026,1000,1500,1400
Haryana,Ambala,Naraingarh APMC,Raddish,Raddish,Medium,26/08/2026,600,1200,900
Haryana,Ambala,Naraingarh APMC,Green Chilli,Green Chilly,Medium,26/08/2026,1000,3000,2500
Haryana,Ambala,Naraingarh APMC,Capsicum,Capsicum,Medium,26/08/2026,2500,3000,2700
Haryana,Ambala,Naraingarh APMC,Pomegranate,Pomogranate,Medium,26/08/2026,8000,8000,8000
Haryana,Ambala,Naraingarh APMC,Coriander(Leaves),Coriander,Medium,26/08/2026,7000,7000,7000
Andhra Pradesh,YSR Kadapa,Pulivendala APMC,Mousambi(Sweet Lime),Other,Grade B,26/08/2026,900,1700,1100
Andhra Pradesh,Annamayya,Punganur APMC,Tomato,Hybrid,FAQ,26/08/2026,1070,1740,1400
Punjab,Fatehgarh,Sirhind APMC,Banana,Other,Medium,26/08/2026,3000,4000,3500
Punjab,Fatehgarh,Sirhind APMC,Mousambi(Sweet Lime),Other,Medium,26/08/2026,3000,4000,3500
Punjab,Fatehgarh,Sirhind APMC,Bottle gourd,Other,Local,26/08/2026,1400,2600,2000
Punjab,Fatehgarh,Sirhind APMC,Marasebu,Other,Medium,26/08/2026,5000,6200,5500
Punjab,Fatehgarh,Sirhind APMC,Bhindi(Ladies Finger),Other,Local,26/08/2026,2500,3500,3000
Punjab,Fatehgarh,Sirhind APMC,Capsicum,Other,FAQ,26/08/2026,2300,2500,2400
Punjab,Fatehgarh,Sirhind APMC,Carrot,Other,FAQ,26/08/2026,2300,2500,2400
Punjab,Fatehgarh,Sirhind APMC,Cabbage,Other,FAQ,26/08/2026,1800,2500,2000
Punjab,Fatehgarh,Sirhind APMC,Peas Wet,Other,FAQ,26/08/2026,7500,8000,7700
Punjab,Fatehgarh,Sirhind APMC,Onion,Other,FAQ,26/08/2026,3000,5000,4000
Odisha,Sundergarh,Panposh APMC,Pumpkin,Other,FAQ,26/08/2026,1000,1400,1200
Odisha,Sundergarh,Panposh APMC,Bottle gourd,Bottle Gourd,FAQ,26/08/2026,2000,2500,2200
Tamil Nadu,Ariyalur,Ariyalur(Uzhavar Sandhai),Potato,Red Nanital,Local,26/08/2026,3500,4000,3750
Tamil Nadu,Ariyalur,Ariyalur(Uzhavar Sandhai),Green Chilli,Green Chilly,Local,26/08/2026,5000,5500,5250
Tamil Nadu,Ariyalur,Ariyalur(Uzhavar Sandhai),Ginger(Green),Green Ginger,Local,26/08/2026,16000,17000,16500
Tamil Nadu,Ariyalur,Ariyalur(Uzhavar Sandhai),Snakeguard,Snakeguard,Local,26/08/2026,3000,3500,3250
Tamil Nadu,Ariyalur,Ariyalur(Uzhavar Sandhai),Mango(Raw-Ripe),Mango - Raw-Ripe,Local,26/08/2026,2500,3000,2750
Tamil Nadu,Ariyalur,Ariyalur(Uzhavar Sandhai),Lemon,Lemon,Local,26/08/2026,3500,4500,4000
Andhra Pradesh,Palnadu,Rompicherla APMC,Maize,Hybrid/Local,FAQ,26/08/2026,2300,2400,2400
Gujarat,Mehsana,Visnagar APMC,Guar Seed(Cluster Beans Seed),Other,Local,26/08/2026,4555,5755,5155
Haryana,Mahendragarh-Narnaul,Narnaul APMC,Bottle gourd,Bottle Gourd,Medium,26/08/2026,800,1500,1000
Haryana,Mahendragarh-Narnaul,Narnaul APMC,Garlic,Garlic,Local,26/08/2026,12000,15000,15000
Haryana,Mahendragarh-Narnaul,Narnaul APMC,Mousambi(Sweet Lime),Mousambi,Medium,26/08/2026,3000,3500,3500
Himachal Pradesh,Kangra,PMY Kangra,Cabbage,Cabbage,FAQ,26/08/2026,3000,3200,3100
Himachal Pradesh,Kangra,PMY Kangra,Raddish,Raddish,FAQ,26/08/2026,1200,2000,1500
Himachal Pradesh,Kangra,PMY Kangra,Green Chilli,Green Chilly,FAQ,26/08/2026,4500,5000,4700
Himachal Pradesh,Kangra,PMY Kangra,Pineapple,Other,Medium,26/08/2026,4000,4500,4200
Himachal Pradesh,Kangra,PMY Kangra,Mousambi(Sweet Lime),Mousambi,Medium,26/08/2026,4000,5000,4500
Himachal Pradesh,Kangra,PMY Kangra,Pear(Marasebu),Other,Medium,26/08/2026,6500,8500,7500
Himachal Pradesh,Kangra,PMY Kangra,Onion,Onion,FAQ,26/08/2026,5000,5500,5200
Uttar Pradesh,Amroha,Amroha APMC,Tomato,Other,FAQ,26/08/2026,1500,1500,1500
Haryana,Mewat,Punhana APMC,Apple,Other,Medium,26/08/2026,5000,7000,6000
Uttar Pradesh,Raebarelli,Lalganj APMC,Firewood,Firewood,FAQ,26/08/2026,350,350,350
Uttarakhand,Haridwar,Haridwar Union APMC,Mango,Other,Local,26/08/2026,2400,3200,2800
Uttarakhand,Haridwar,Haridwar Union APMC,Bhindi(Ladies Finger),Other,Local,26/08/2026,1000,1500,1200
Uttarakhand,Haridwar,Haridwar Union APMC,Bitter gourd,Other,Local,26/08/2026,650,850,750
Uttarakhand,Haridwar,Haridwar Union APMC,Pumpkin,Other,Local,26/08/2026,450,650,550
Uttarakhand,Haridwar,Haridwar Union APMC,Cucumbar(Kheera),Other,Local,26/08/2026,650,850,750
Uttar Pradesh,Amroha,Hasanpur APMC,Bitter gourd,Bitter Gourd,FAQ,26/08/2026,1450,1520,1500
Uttar Pradesh,Amroha,Hasanpur APMC,Bottle gourd,Bottle Gourd,FAQ,26/08/2026,1450,1520,1500
Uttar Pradesh,Amroha,Hasanpur APMC,Carrot,Other,FAQ,26/08/2026,1850,2020,2000
Rajasthan,Bharatpur,Bayana APMC,Potato,Other,Local,26/08/2026,1100,1100,1100
Punjab,Gurdaspur,Dhariwal APMC,Green Chilli,Green Chilly,Grade A,26/08/2026,2550,2550,2550
Punjab,Hoshiarpur,Garh Shankar APMC,Guava,Other,Medium,26/08/2026,2200,2200,2200
Punjab,Hoshiarpur,Garh Shankar APMC,Mango,Other,Medium,26/08/2026,5500,5500,5500
Punjab,Hoshiarpur,Garh Shankar APMC,Bhindi(Ladies Finger),Bhindi,FAQ,26/08/2026,2400,2400,2400
Punjab,Hoshiarpur,Garh Shankar APMC,Cabbage,Cabbage,FAQ,26/08/2026,1800,1800,1800
Punjab,Hoshiarpur,Garh Shankar APMC,Cauliflower,Cauliflower,FAQ,26/08/2026,4000,4000,4000
Punjab,Hoshiarpur,Garh Shankar APMC,Field Pea,Field Pea,FAQ,26/08/2026,7000,7000,7000
Punjab,Hoshiarpur,Garh Shankar APMC,Green Chilli,Green Chilly,FAQ,26/08/2026,2600,2600,2600
Punjab,Hoshiarpur,Tanda Urmur APMC,Guava,Guava,Grade A,26/08/2026,5500,6500,6000
Punjab,Hoshiarpur,Tanda Urmur APMC,Apple,Apple,Grade A,26/08/2026,8000,10000,9000
Punjab,Hoshiarpur,Tanda Urmur APMC,Papaya,Other,Grade A,26/08/2026,4000,5000,4500
Punjab,Hoshiarpur,Tanda Urmur APMC,Tinda,Tinda,Grade A,26/08/2026,2500,3000,2800
Punjab,Hoshiarpur,Tanda Urmur APMC,Brinjal,Brinjal,Grade A,26/08/2026,2500,3000,2800
Punjab,Hoshiarpur,Tanda Urmur APMC,Garlic,Garlic,Grade Range-1,26/08/2026,13000,15000,14000
Punjab,Hoshiarpur,Tanda Urmur APMC,Onion,Other,Grade A,26/08/2026,4000,4500,4200
Punjab,Jalandhar,Adampur APMC,Bitter gourd,Bitter Gourd,FAQ,26/08/2026,2300,2500,2500
Punjab,Jalandhar,Adampur APMC,Bhindi(Ladies Finger),Bhindi,FAQ,26/08/2026,2800,3000,3000
Punjab,Jalandhar,Adampur APMC,Cauliflower,Cauliflower,FAQ,26/08/2026,4000,4500,4500
Punjab,Jalandhar,Adampur APMC,Brinjal,Brinjal,FAQ,26/08/2026,1500,2000,2000
Punjab,Jalandhar,Adampur APMC,French Beans(Frasbean),Other,FAQ,26/08/2026,4800,5000,5000
Punjab,Jalandhar,Adampur APMC,Garlic,Garlic,FAQ,26/08/2026,10000,13000,13000
Punjab,Jalandhar,Adampur APMC,Lemon,Other,FAQ,26/08/2026,4800,5000,5000
Punjab,Jalandhar,Adampur APMC,Raddish,Raddish,FAQ,26/08/2026,2500,3000,3000
Punjab,Ludhiana,Doraha APMC,Onion,Medium,Local,26/08/2026,3500,4000,3800
Punjab,Ludhiana,Doraha APMC,Garlic,Average,Local,26/08/2026,11000,11000,11000
Punjab,Ludhiana,Doraha APMC,Ginger(Green),Green Ginger,Local,26/08/2026,7000,8000,7500
Punjab,Ludhiana,Doraha APMC,Banana,Amruthapani,Local,26/08/2026,2500,2500,2500
Haryana,Panchkula,Barwala APMC,Cauliflower,Local,FAQ,26/08/2026,3000,3000,3000
Haryana,Panchkula,Barwala APMC,Potato,Local,FAQ,26/08/2026,700,800,750
Punjab,Nawanshahr,Banga APMC,Lemon,Other,FAQ,26/08/2026,8600,10000,10000
Punjab,Nawanshahr,Banga APMC,Tomato,Tomato,FAQ,26/08/2026,1500,2500,2300
Punjab,Nawanshahr,Banga APMC,Tinda,Tinda,FAQ,26/08/2026,4000,4000,4000
Punjab,Nawanshahr,Banga APMC,Apple,Apple,Medium,26/08/2026,2500,7000,6500
Punjab,Nawanshahr,Banga APMC,Brinjal,Other,FAQ,26/08/2026,1000,1600,1200
Punjab,Nawanshahr,Banga APMC,Capsicum,Capsicum,FAQ,26/08/2026,4000,5000,4000
Punjab,Nawanshahr,Banga APMC,Cabbage,Cabbage,FAQ,26/08/2026,1600,2800,2500
Odisha,Mayurbhanja,Betnoti APMC,Pumpkin,Pumpkin,FAQ,26/08/2026,2000,2400,2200
Odisha,Mayurbhanja,Betnoti APMC,Bitter gourd,Bitter Gourd,FAQ,26/08/2026,4300,4700,4500
Odisha,Mayurbhanja,Betnoti APMC,Bottle gourd,Bottle Gourd,FAQ,26/08/2026,2800,3200,3000
Haryana,Jhajar,Bahadurgarh APMC,Onion,Other,FAQ,26/08/2026,3000,4000,3500
Haryana,Jhajar,Bahadurgarh APMC,Garlic,Other,FAQ,26/08/2026,12000,13000,12500
Haryana,Jhajar,Bahadurgarh APMC,Ridgeguard(Tori),Other,Medium,26/08/2026,1600,2000,1800
Haryana,Jhajar,Bahadurgarh APMC,Cauliflower,Other,Medium,26/08/2026,3500,5000,4000
Tamil Nadu,Coimbatore,Sundarapuram(Uzhavar Sandhai ),Coriander(Leaves),I Sort,Local,26/08/2026,3500,4000,3750
Tamil Nadu,Coimbatore,Sundarapuram(Uzhavar Sandhai ),Papaya,Papaya,Local,26/08/2026,4000,4500,4250
Tamil Nadu,Coimbatore,Sundarapuram(Uzhavar Sandhai ),Tapioca,Tapioca,Local,26/08/2026,3000,3500,3250
Tamil Nadu,Coimbatore,Sundarapuram(Uzhavar Sandhai ),Carrot,Pusakesar,Local,26/08/2026,6000,7000,6500
Tamil Nadu,Coimbatore,Sundarapuram(Uzhavar Sandhai ),Cabbage,Cabbage,Local,26/08/2026,2600,3000,2800
Tamil Nadu,Coimbatore,Sundarapuram(Uzhavar Sandhai ),Beetroot,Beetroot,Local,26/08/2026,6000,6500,6250
Tamil Nadu,Coimbatore,Sundarapuram(Uzhavar Sandhai ),Ridgeguard(Tori),Ridgeguard(Tori),Local,26/08/2026,3500,4000,3750
Tamil Nadu,Coimbatore,Sundarapuram(Uzhavar Sandhai ),Lemon,Lemon,Local,26/08/2026,15000,16000,15500
Andhra Pradesh,Kakinada,Prattipadu APMC,Paddy(Common),1001,FAQ,26/08/2026,2369,2369,2369
Haryana,Rohtak,Meham,Mousambi(Sweet Lime),Mousambi,Medium,26/08/2026,2400,2400,2400
Haryana,Rohtak,Meham,Pomegranate,Pomogranate,Medium,26/08/2026,8000,8000,8000
Uttar Pradesh,Banda,Atarra APMC,Tomato,Other,FAQ,26/08/2026,800,800,800
Himachal Pradesh,Solan,SMY Nalagarh,French Beans(Frasbean),Other,Grade A,26/08/2026,5000,6000,5500
Himachal Pradesh,Solan,SMY Nalagarh,Sponge gourd,Other,Grade A,26/08/2026,1500,2000,1800
Himachal Pradesh,Solan,SMY Nalagarh,Green Chilli,Other,Grade A,26/08/2026,3000,4000,3500
Punjab,Bhatinda,Rampuraphul(Nabha Mandi) APMC,Apple,Other,Grade A,26/08/2026,7000,12000,8000
Punjab,Bhatinda,Rampuraphul(Nabha Mandi) APMC,Banana,Other,Grade A,26/08/2026,2000,3000,2500
Punjab,Bhatinda,Rampuraphul(Nabha Mandi) APMC,Brinjal,Brinjal,Grade A,26/08/2026,1000,1500,1200
Punjab,Hoshiarpur,Mukerian(Talwara) APMC,Onion,Onion,FAQ,26/08/2026,4000,6000,5000
Punjab,Hoshiarpur,Mukerian(Talwara) APMC,Cauliflower,Cauliflower,FAQ,26/08/2026,4000,5000,4500
Himachal Pradesh,Kangra,SMY Baijnath,Bhindi(Ladies Finger),Bhindi,Grade A,26/08/2026,2800,3500,3200
Himachal Pradesh,Kangra,SMY Baijnath,Pumpkin,Pumpkin,Grade A,26/08/2026,2400,2500,2500
Himachal Pradesh,Kangra,SMY Jaisinghpur,Cauliflower,Cauliflower,FAQ,26/08/2026,5200,5800,5500
Himachal Pradesh,Kangra,SMY Jaisinghpur,Bitter gourd,Bitter Gourd,FAQ,26/08/2026,3800,4200,4000
Himachal Pradesh,Kangra,SMY Jaisinghpur,Cabbage,Cabbage,FAQ,26/08/2026,2800,3200,3000
Himachal Pradesh,Kangra,SMY Jaisinghpur,Banana,Other,Medium,26/08/2026,5400,5600,5450
Himachal Pradesh,Kangra,SMY Jaisinghpur,Apple,Kullu Delicious,Medium,26/08/2026,3000,16000,10000
Himachal Pradesh,Kangra,SMY Jaisinghpur,Mousambi(Sweet Lime),Mousambi,Medium,26/08/2026,6400,6500,6450
Himachal Pradesh,Kangra,SMY Jaisinghpur,Beetroot,Beetroot,FAQ,26/08/2026,5000,5200,5100
Himachal Pradesh,Kangra,SMY Jaisinghpur,Tomato,Tomato,FAQ,26/08/2026,2200,3200,2600
Himachal Pradesh,Kangra,SMY Jaisinghpur,Coriander(Leaves),Coriander,FAQ,26/08/2026,11000,16000,13000
Tamil Nadu,Erode,Sathiyamagalam(Uzhavar Sandhai ),Cowpea(Veg),Cowpea (Veg),Local,26/08/2026,2000,2600,2300
Tamil Nadu,Erode,Sathiyamagalam(Uzhavar Sandhai ),Tapioca,Tapioca,Local,26/08/2026,2500,3000,2750
Tamil Nadu,Erode,Sathiyamagalam(Uzhavar Sandhai ),Cabbage,Cabbage,Local,26/08/2026,2500,3000,2750
Tamil Nadu,Erode,Sathiyamagalam(Uzhavar Sandhai ),Beetroot,Beetroot,Local,26/08/2026,6000,6500,6250
Tamil Nadu,Erode,Sathiyamagalam(Uzhavar Sandhai ),Cucumbar(Kheera),Cucumbar,Local,26/08/2026,2500,3000,2750
Tamil Nadu,Erode,Sathiyamagalam(Uzhavar Sandhai ),Mint(Pudina),Mint(Pudina),Local,26/08/2026,4500,5000,4750
Tamil Nadu,Erode,Sathiyamagalam(Uzhavar Sandhai ),Sweet Corn ,Sweet Corn ,Local,26/08/2026,2500,3000,2750
Tamil Nadu,Coimbatore,Mettupalayam(Uzhavar Sandhai ),Onion,Bellary,Local,26/08/2026,5500,5800,5650
Tamil Nadu,Coimbatore,Mettupalayam(Uzhavar Sandhai ),Cauliflower,Ranchi,Local,26/08/2026,4000,4500,4250
Tamil Nadu,Coimbatore,Mettupalayam(Uzhavar Sandhai ),Coriander(Leaves),I Sort,Local,26/08/2026,4500,5000,4750
Tamil Nadu,Coimbatore,Mettupalayam(Uzhavar Sandhai ),Papaya,Papaya,Local,26/08/2026,3000,3500,3250
Tamil Nadu,Coimbatore,Mettupalayam(Uzhavar Sandhai ),Banana - Green,Banana - Green,Local,26/08/2026,4500,5000,4750
Tamil Nadu,Coimbatore,Mettupalayam(Uzhavar Sandhai ),Beetroot,Beetroot,Local,26/08/2026,6000,6500,6250
Tamil Nadu,Coimbatore,Mettupalayam(Uzhavar Sandhai ),Knool Khol,Knool Khol,Local,26/08/2026,5500,6000,5750
Tamil Nadu,Coimbatore,Mettupalayam(Uzhavar Sandhai ),Lime,Lime,Local,26/08/2026,10000,13000,11500
Tamil Nadu,Coimbatore,Mettupalayam(Uzhavar Sandhai ),Tender Coconut,Tender Coconut,Local,26/08/2026,3500,4000,3750
Tamil Nadu,Coimbatore,Mettupalayam(Uzhavar Sandhai ),Lemon,Lemon,Local,26/08/2026,14000,15500,14750
Tamil Nadu,Coimbatore,Mettupalayam(Uzhavar Sandhai ),Amla(Nelli Kai),Amla,Local,26/08/2026,8000,9000,8500
Tamil Nadu,Coimbatore,Mettupalayam(Uzhavar Sandhai ),Onion Green,Onion Green,Local,26/08/2026,6500,7200,6850
Uttar Pradesh,Saharanpur,Gangoh APMC,Paddy(Common),Basmati,FAQ,26/08/2026,3580,4240,3934.89
Telangana,Hyderabad,RYTHU BAZAR MEHDIPATNAM,Colacasia,Colacasia,Grade A,26/08/2026,2500,2500,2500
Telangana,Hyderabad,RYTHU BAZAR MEHDIPATNAM,Green Chilli,Green Chilly,Grade A,26/08/2026,3700,3700,3700
Telangana,Hyderabad,RYTHU BAZAR MEHDIPATNAM,Bhindi(Ladies Finger),Bhindi,Grade A,26/08/2026,3500,3500,3500
Telangana,Hyderabad,RYTHU BAZAR MEHDIPATNAM,Drumstick,Drumstick,Grade A,26/08/2026,6500,6500,6500
Punjab,Ludhiana,Raikot APMC,Peas Wet,Peas Wet,Grade A,26/08/2026,5360,5360,5360
Punjab,Ludhiana,Raikot APMC,Pear(Marasebu),Other,Grade A,26/08/2026,4920,4920,4920
Haryana,Panipat,Samalkha APMC,Capsicum,Capsicum,FAQ,26/08/2026,4000,4000,4000
Haryana,Panipat,Samalkha APMC,Green Chilli,Green Chilly,FAQ,26/08/2026,3000,3000,3000
Tamil Nadu,Namakkal,Tiruchengode APMC,Coriander(Leaves),I Sort,Local,26/08/2026,7000,8000,7500
Tamil Nadu,Namakkal,Tiruchengode APMC,Cluster beans,Cluster Beans,Local,26/08/2026,3500,4000,3750
Tamil Nadu,Namakkal,Tiruchengode APMC,Bottle gourd,Bottle Gourd,Local,26/08/2026,1200,1500,1350
Tamil Nadu,Namakkal,Tiruchengode APMC,Banana - Green,Banana - Green,Local,26/08/2026,3500,4000,3750
Tamil Nadu,Namakkal,Tiruchengode APMC,Snakeguard,Snakeguard,Local,26/08/2026,4500,5000,4750
Tamil Nadu,Namakkal,Tiruchengode APMC,Guava,Guava Allahabad,Local,26/08/2026,6200,7000,6600
Tamil Nadu,Namakkal,Tiruchengode APMC,Amla(Nelli Kai),Amla,Local,26/08/2026,7000,8000,7500
Telangana,Karimnagar,"Weekly Market Area,RBZ APMC",Beetroot,Beetroot,Local,26/08/2026,2000,2500,2000
Telangana,Karimnagar,"Weekly Market Area,RBZ APMC",Bottle gourd,Bottle Gourd,Local,26/08/2026,600,1000,600
Tamil Nadu,Ariyalur,Jeyankondam (Uzhavar Sandhai ),Bhindi(Ladies Finger),Bhindi,Local,26/08/2026,3600,4000,3800
Tamil Nadu,Ariyalur,Jeyankondam (Uzhavar Sandhai ),Onion Green,Onion Green,Local,26/08/2026,6400,7000,6700
Uttar Pradesh,Badaun,Dataganj APMC,Wheat,PBW-343,FAQ,26/08/2026,2500,2500,2500
Uttar Pradesh,Siddharth Nagar,Naugarh APMC,Ridgeguard(Tori),Ridgeguard(Tori),Grade A,26/08/2026,2230,2260,2250
Telangana,Hyderabad,RYTHU BAZAR ERRAGADDA,Snakeguard,Snakeguard,Grade A,26/08/2026,4000,4000,4000
Telangana,Hyderabad,RYTHU BAZAR ERRAGADDA,Onion,1st Sort,Grade A,26/08/2026,4000,4000,4000
Telangana,Hyderabad,RYTHU BAZAR ERRAGADDA,Banana - Green,Banana - Green,Grade A,26/08/2026,1100,1100,1100
Telangana,Hyderabad,RYTHU BAZAR ERRAGADDA,French Beans(Frasbean),French Beans (Frasbean),Grade A,26/08/2026,6500,6500,6500
Tamil Nadu,Coimbatore,RSPuram(Uzhavar Sandhai ),Papaya,Papaya,Local,26/08/2026,4400,4800,4600
Tamil Nadu,Coimbatore,RSPuram(Uzhavar Sandhai ),Bitter gourd,Other,Local,26/08/2026,5400,5800,5600
Tamil Nadu,Coimbatore,RSPuram(Uzhavar Sandhai ),Ashgourd,Gouard,Local,26/08/2026,1800,2000,1900
Tamil Nadu,Coimbatore,RSPuram(Uzhavar Sandhai ),Banana - Green,Banana - Green,Local,26/08/2026,3600,4400,4000
Tamil Nadu,Coimbatore,RSPuram(Uzhavar Sandhai ),Carrot,Pusakesar,Local,26/08/2026,5500,6000,5750
Tamil Nadu,Coimbatore,RSPuram(Uzhavar Sandhai ),Beetroot,Beetroot,Local,26/08/2026,5500,6000,5750
Tamil Nadu,Coimbatore,RSPuram(Uzhavar Sandhai ),Cucumbar(Kheera),Cucumbar,Local,26/08/2026,3600,4200,3900
Tamil Nadu,Coimbatore,RSPuram(Uzhavar Sandhai ),Lemon,Lemon,Local,26/08/2026,14500,15500,15000
Tamil Nadu,Coimbatore,RSPuram(Uzhavar Sandhai ),Amla(Nelli Kai),Amla,Local,26/08/2026,8200,8800,8500
Tamil Nadu,Coimbatore,RSPuram(Uzhavar Sandhai ),Mint(Pudina),Mint(Pudina),Local,26/08/2026,4500,5000,4750
Tamil Nadu,Coimbatore,Singanallur(Uzhavar Sandhai ),Tomato,Local,Local,26/08/2026,1500,1800,1650
Tamil Nadu,Coimbatore,Singanallur(Uzhavar Sandhai ),Amaranthus,Amaranthus,Local,26/08/2026,4500,5000,4750
Tamil Nadu,Coimbatore,Singanallur(Uzhavar Sandhai ),Banana - Green,Banana - Green,Local,26/08/2026,4000,4500,4250
Tamil Nadu,Coimbatore,Singanallur(Uzhavar Sandhai ),Betal Leaves,Mysore,Local,26/08/2026,20000,21000,20500
Tamil Nadu,Coimbatore,Singanallur(Uzhavar Sandhai ),Mango(Raw-Ripe),Mango - Raw-Ripe,Local,26/08/2026,6000,6500,6250
Gujarat,Banaskanth,Dhanera APMC,Bajra(Pearl Millet/Cumbu),Hybrid,Local,26/08/2026,2105,2425,2285
Gujarat,Banaskanth,Dhanera APMC,Rajgir,Rajgir,Local,26/08/2026,8330,8330,8330
Gujarat,Banaskanth,Deesa APMC,Castor Seed,Other,FAQ,26/08/2026,7175,7245,7225
Gujarat,Banaskanth,Deesa APMC,Bajra(Pearl Millet/Cumbu),Bold,FAQ,26/08/2026,2155,2680,2425
Odisha,Mayurbhanja,Narasinghpur APMC,Snakeguard,Snakeguard,Local,26/08/2026,3000,4000,3500
Odisha,Mayurbhanja,Narasinghpur APMC,Brinjal,Brinjal,Large,26/08/2026,5000,7000,6000
Odisha,Mayurbhanja,Narasinghpur APMC,Cucumbar(Kheera),Cucumbar,Local,26/08/2026,3000,4000,3500
Gujarat,Rajkot,Rajkot(Veg.Sub Yard) APMC,Cluster beans,Cluster Beans,FAQ,26/08/2026,5130,6160,5645
Chattisgarh,Bastar,Lohandiguda APMC,Tamarind Fruit,Tamarind Fruit,FAQ,26/08/2026,9800,10200,10000
Tamil Nadu,Coimbatore,Pollachi(Uzhavar Sandhai ),Banana,Red Banana,Local,26/08/2026,7000,8000,7500
Tamil Nadu,Coimbatore,Pollachi(Uzhavar Sandhai ),Coriander(Leaves),I Sort,Local,26/08/2026,4500,5000,4750
Tamil Nadu,Coimbatore,Pollachi(Uzhavar Sandhai ),Tender Coconut,Tender Coconut,Local,26/08/2026,3500,4000,3750
Tamil Nadu,Coimbatore,Pollachi(Uzhavar Sandhai ),Yam(Ratalu),Yam (Ratalu),Local,26/08/2026,5000,6000,5500
Madhya Pradesh,Betul,Betul(F&V) APMC,Potato,Desi,FAQ,26/08/2026,900,1300,1000
Madhya Pradesh,Betul,Betul(F&V) APMC,Bhindi(Ladies Finger),Bhindi,FAQ,26/08/2026,1000,1600,1200
Uttar Pradesh,Lucknow,Banthara APMC,Mentha Oil,Other,FAQ,26/08/2026,125000,125000,125000
Uttar Pradesh,Shamli,Kairana APMC,Onion,Other,FAQ,26/08/2026,1800,1800,1800
Uttar Pradesh,Agra,Samsabad APMC,Green Chilli,Other,FAQ,26/08/2026,1200,1200,1200
Uttar Pradesh,Agra,Samsabad APMC,Potato,Other,FAQ,26/08/2026,400,400,400
Chandigarh,Chandigarh,Chandigarh (Grain/F&V) APMC,Capsicum,Capsicum,FAQ,26/08/2026,2000,2500,2300
Chandigarh,Chandigarh,Chandigarh (Grain/F&V) APMC,Apple,Apple,Medium,26/08/2026,6000,18000,15000
Chandigarh,Chandigarh,Chandigarh (Grain/F&V) APMC,Ginger(Green),Green Ginger,FAQ,26/08/2026,4500,5500,5200
Chandigarh,Chandigarh,Chandigarh (Grain/F&V) APMC,Brinjal,Brinjal,FAQ,26/08/2026,1000,1300,1200
Chandigarh,Chandigarh,Chandigarh (Grain/F&V) APMC,Lemon,Other,FAQ,26/08/2026,3500,5000,4500
Telangana,Ranga Reddy,"Vanasthalipuram,RBZ ",Brinjal,Round/Long,Grade A,26/08/2026,3500,3500,3500
Telangana,Ranga Reddy,"Vanasthalipuram,RBZ ",Cluster beans,Cluster Beans,Grade A,26/08/2026,2300,2300,2300
Telangana,Ranga Reddy,"Vanasthalipuram,RBZ ",Cauliflower,Cauliflower,Grade A,26/08/2026,2300,2300,2300
Telangana,Ranga Reddy,"Vanasthalipuram,RBZ ",Other green and fresh vegetables,Other,Grade A,26/08/2026,2000,2000,2000
Telangana,Ranga Reddy,"Vanasthalipuram,RBZ ",Snakeguard,Snakeguard,Grade A,26/08/2026,1300,1300,1300
Telangana,Ranga Reddy,"Vanasthalipuram,RBZ ",Beetroot,Beetroot,Grade A,26/08/2026,3200,3200,3200
Uttar Pradesh,Muzaffarnagar,Shahpur APMC,Gur(Jaggery),Other,FAQ,26/08/2026,2800,2800,2800
Tamil Nadu,Karur,Karur(Uzhavar Sandhai ),Cauliflower,Ranchi,Local,26/08/2026,3500,4000,3750
Tamil Nadu,Karur,Karur(Uzhavar Sandhai ),Green Chilli,Green Chilly,Local,26/08/2026,3000,4000,3500
Tamil Nadu,Karur,Karur(Uzhavar Sandhai ),Cowpea(Veg),Cowpea (Veg),Local,26/08/2026,3500,4000,3750
Tamil Nadu,Karur,Karur(Uzhavar Sandhai ),Banana - Green,Banana - Green,Local,26/08/2026,2500,3000,2750
Tamil Nadu,Karur,Karur(Uzhavar Sandhai ),Cabbage,Cabbage,Local,26/08/2026,4500,5000,4750
Tamil Nadu,Karur,Karur(Uzhavar Sandhai ),Beetroot,Beetroot,Local,26/08/2026,6500,7000,6750
Tamil Nadu,Karur,Karur(Uzhavar Sandhai ),Ridgeguard(Tori),Ridgeguard(Tori),Local,26/08/2026,4500,5000,4750
Tamil Nadu,Karur,Karur(Uzhavar Sandhai ),Thondekai,Thondekai,Local,26/08/2026,4000,4500,4250
Tamil Nadu,Karur,Karur(Uzhavar Sandhai ),Green Avare(W),Other,Local,26/08/2026,6000,7000,6500
Tamil Nadu,Karur,Karur(Uzhavar Sandhai ),Chow Chow,Chow Chow,Local,26/08/2026,3500,4000,3750
Tamil Nadu,Karur,Karur(Uzhavar Sandhai ),Knool Khol,Knool Khol,Local,26/08/2026,5500,6000,5750
Tamil Nadu,Karur,Karur(Uzhavar Sandhai ),Colacasia,Colacasia,Local,26/08/2026,6500,7000,6750
Tamil Nadu,Karur,Karur(Uzhavar Sandhai ),Mint(Pudina),Mint(Pudina),Local,26/08/2026,5000,5500,5250
Tamil Nadu,Coimbatore,Kurichi(Uzhavar Sandhai ),Brinjal,Other,Local,26/08/2026,5000,5500,5250
Tamil Nadu,Coimbatore,Kurichi(Uzhavar Sandhai ),Green Avare(W),Green Avare (W),Local,26/08/2026,5400,5800,5600
Tamil Nadu,Coimbatore,Kurichi(Uzhavar Sandhai ),Drumstick,Drumstick,Local,26/08/2026,3500,3800,3650
Assam,Kamrup,Pamohi(Garchuk) APMC,Capsicum,Other,FAQ,26/08/2026,4000,5000,4500
Assam,Kamrup,Pamohi(Garchuk) APMC,Corriander seed,Coriander Seed,FAQ,26/08/2026,8000,10000,9000
Assam,Kamrup,Pamohi(Garchuk) APMC,Cucumbar(Kheera),Cucumbar,FAQ,26/08/2026,2500,3000,2700
Assam,Kamrup,Pamohi(Garchuk) APMC,Garlic,Garlic,FAQ,26/08/2026,12000,14000,13000
Assam,Kamrup,Pamohi(Garchuk) APMC,Onion,Local,FAQ,26/08/2026,5200,5800,5400
Assam,Kamrup,Pamohi(Garchuk) APMC,Potato,Other,FAQ,26/08/2026,1600,2200,1800
Assam,Kamrup,Pamohi(Garchuk) APMC,Pointed gourd(Parval),Pointed gourd (Parval),FAQ,26/08/2026,2200,3000,2400
Tamil Nadu,Cuddalore,Chidambaram(Uzhavar Sandhai ),Tomato,Local,Local,26/08/2026,2500,2500,2500
Tamil Nadu,Cuddalore,Chidambaram(Uzhavar Sandhai ),Banana - Green,Banana - Green,Local,26/08/2026,2500,3000,2750
Tamil Nadu,Cuddalore,Chidambaram(Uzhavar Sandhai ),Coconut,Coconut,Local,26/08/2026,6000,6000,6000
Tamil Nadu,Cuddalore,Cuddalore(Uzhavar Sandhai ),Potato,Red Nanital,Local,26/08/2026,4000,4000,4000
Tamil Nadu,Cuddalore,Cuddalore(Uzhavar Sandhai ),Brinjal,Round,Local,26/08/2026,6000,7000,6500
Tamil Nadu,Cuddalore,Cuddalore(Uzhavar Sandhai ),Pumpkin,Pumpkin,Local,26/08/2026,2000,2000,2000
Tamil Nadu,Cuddalore,Cuddalore(Uzhavar Sandhai ),Bhindi(Ladies Finger),Bhindi,Local,26/08/2026,4500,4500,4500
Tamil Nadu,Cuddalore,Cuddalore(Uzhavar Sandhai ),Beans,Beans (Whole),Local,26/08/2026,10000,10000,10000
Tamil Nadu,Cuddalore,Cuddalore(Uzhavar Sandhai ),Tapioca,Tapioca,Local,26/08/2026,5000,5000,5000
Tamil Nadu,Cuddalore,Cuddalore(Uzhavar Sandhai ),Ginger(Green),Green Ginger,Local,26/08/2026,18000,18000,18000
Tamil Nadu,Cuddalore,Cuddalore(Uzhavar Sandhai ),Beetroot,Beetroot,Local,26/08/2026,5000,5000,5000
Tamil Nadu,Cuddalore,Cuddalore(Uzhavar Sandhai ),Green Avare(W),Green Avare (W),Local,26/08/2026,6000,6000,6000
Tamil Nadu,Cuddalore,Cuddalore(Uzhavar Sandhai ),Chow Chow,Chow Chow,Local,26/08/2026,3000,3000,3000
Tamil Nadu,Cuddalore,Cuddalore(Uzhavar Sandhai ),Lemon,Lemon,Local,26/08/2026,10000,10000,10000
Tamil Nadu,Cuddalore,Cuddalore(Uzhavar Sandhai ),Onion Green,Onion Green,Local,26/08/2026,7000,7000,7000
Tamil Nadu,Cuddalore,Cuddalore(Uzhavar Sandhai ),Mint(Pudina),Mint(Pudina),Local,26/08/2026,5000,5000,5000
Tamil Nadu,Chengalpattu,Thirukalukundram(Uzhavar Sandhai ),Brinjal,Round,Local,26/08/2026,3000,4000,3500
Tamil Nadu,Chengalpattu,Thirukalukundram(Uzhavar Sandhai ),Bhindi(Ladies Finger),Bhindi,Local,26/08/2026,3000,4000,3500
Tamil Nadu,Chengalpattu,Thirukalukundram(Uzhavar Sandhai ),Amaranthus,Amaranthus,Local,26/08/2026,1500,2000,1750
Tamil Nadu,Chengalpattu,Thirukalukundram(Uzhavar Sandhai ),Green Avare(W),Green Avare (W),Local,26/08/2026,4000,5000,4500
Tamil Nadu,Chengalpattu,Thirukalukundram(Uzhavar Sandhai ),Mint(Pudina),Mint(Pudina),Local,26/08/2026,4000,4000,4000
Rajasthan,Jaipur,Bassi APMC,Onion,Other,Local,26/08/2026,4400,4800,4600
Tamil Nadu,Tuticorin,Tuticorin(Uzhavar Sandhai ),Apple,American,Local,26/08/2026,25000,26000,25500
Tamil Nadu,Tuticorin,Tuticorin(Uzhavar Sandhai ),Orange,Darjeeling,Local,26/08/2026,9000,10000,9500
Tamil Nadu,Tuticorin,Tuticorin(Uzhavar Sandhai ),Bitter gourd,Other,Local,26/08/2026,7500,8000,7750
Tamil Nadu,Tuticorin,Tuticorin(Uzhavar Sandhai ),Amaranthus,Amaranthus,Local,26/08/2026,800,1000,900
Tamil Nadu,Tuticorin,Tuticorin(Uzhavar Sandhai ),Jack Fruit(Ripe),Jack Fruit,Local,26/08/2026,3500,4000,3750
Tamil Nadu,Tuticorin,Tuticorin(Uzhavar Sandhai ),Guava,Guava Allahabad,Local,26/08/2026,5000,6000,5500
Tamil Nadu,Tuticorin,Tuticorin(Uzhavar Sandhai ),Pomegranate,Pomogranate,Local,26/08/2026,17000,18000,17500
Tamil Nadu,Tuticorin,Tuticorin(Uzhavar Sandhai ),Elephant Yam(Suran)/Amorphophallus,Elephant Yam (Suran),Local,26/08/2026,3500,4000,3750
Tamil Nadu,Tuticorin,Tuticorin(Uzhavar Sandhai ),Lemon,Lemon,Local,26/08/2026,15000,16000,15500
Tamil Nadu,Tuticorin,Tuticorin(Uzhavar Sandhai ),Colacasia,Colacasia,Local,26/08/2026,6500,7000,6750
Tamil Nadu,Tuticorin,Tuticorin(Uzhavar Sandhai ),Mashrooms,Mashrooms,Local,26/08/2026,24000,25000,24500
Madhya Pradesh,Indore,Indore APMC,Wheat,Wheat,FAQ,26/08/2026,2502,2912,2912
Bihar,Khagaria,Khagaria APMC,Green Chilli,Green Chilly,Grade A,26/08/2026,1600,1875,1812.5
Bihar,Khagaria,Khagaria APMC,Potato,Red,Grade A,26/08/2026,900,1100,1050
Bihar,Khagaria,Khagaria APMC,Tomato,Deshi,Grade A,26/08/2026,1999.9998,2416.666425,2266.66644
Bihar,Khagaria,Khagaria APMC,Cauliflower,African Sarson,Grade A,26/08/2026,5083.332825,5333.3328,5249.999475
Tamil Nadu,Nagercoil (Kannyiakumari),Vadaseri APMC,Brinjal,Round,Local,26/08/2026,6500,7000,6750
Tamil Nadu,Nagercoil (Kannyiakumari),Vadaseri APMC,Bottle gourd,Bottle Gourd,Local,26/08/2026,2700,3000,2850
Tamil Nadu,Nagercoil (Kannyiakumari),Vadaseri APMC,Ashgourd,Gouard,Local,26/08/2026,2200,2500,2350
Tamil Nadu,Nagercoil (Kannyiakumari),Vadaseri APMC,Cowpea(Veg),Cowpea (Veg),Local,26/08/2026,4500,5000,4750
Tamil Nadu,Nagercoil (Kannyiakumari),Vadaseri APMC,Tapioca,Tapioca,Local,26/08/2026,3500,4000,3750
Tamil Nadu,Nagercoil (Kannyiakumari),Vadaseri APMC,Coconut,Coconut,Local,26/08/2026,6100,6300,6200
Tamil Nadu,Nagercoil (Kannyiakumari),Vadaseri APMC,Sweet Potato,Hosur Red,Local,26/08/2026,3500,4000,3750
Tamil Nadu,Nagercoil (Kannyiakumari),Vadaseri APMC,Carrot,Pusakesar,Local,26/08/2026,7500,8000,7750
Tamil Nadu,Nagercoil (Kannyiakumari),Vadaseri APMC,Cabbage,Cabbage,Local,26/08/2026,5000,5500,5250
Tamil Nadu,Nagercoil (Kannyiakumari),Vadaseri APMC,Snakeguard,Snakeguard,Local,26/08/2026,5500,6000,5750
Tamil Nadu,Nagercoil (Kannyiakumari),Vadaseri APMC,Mango(Raw-Ripe),Mango - Raw-Ripe,Local,26/08/2026,6500,7000,6750
Tamil Nadu,Nagercoil (Kannyiakumari),Vadaseri APMC,Lime,Lime,Local,26/08/2026,4500,5000,4750
Tamil Nadu,Nagercoil (Kannyiakumari),Vadaseri APMC,Tamarind Fruit,Tamarind Fruit,Local,26/08/2026,13000,14000,13500
Tamil Nadu,Nagercoil (Kannyiakumari),Vadaseri APMC,Amla(Nelli Kai),Amla,Local,26/08/2026,6500,7000,6750
Tamil Nadu,Pudukkottai,Karambakkudi(Uzhavar Sandhai ),Banana,Besrai,Local,26/08/2026,6500,7000,6750
Tamil Nadu,Pudukkottai,Karambakkudi(Uzhavar Sandhai ),Coriander(Leaves),I Sort,Local,26/08/2026,4500,5000,4750
Tamil Nadu,Pudukkottai,Karambakkudi(Uzhavar Sandhai ),Papaya,Papaya,Local,26/08/2026,2500,3000,2750
Tamil Nadu,Pudukkottai,Karambakkudi(Uzhavar Sandhai ),Bitter gourd,Bitter Gourd,Local,26/08/2026,7500,8000,7750
Tamil Nadu,Pudukkottai,Karambakkudi(Uzhavar Sandhai ),Pumpkin,Pumpkin,Local,26/08/2026,1200,1500,1350
Tamil Nadu,Pudukkottai,Karambakkudi(Uzhavar Sandhai ),Onion Green,Onion Green,Local,26/08/2026,7500,8000,7750
Meghalaya,East Khasi Hills,Shillong APMC,Cabbage,MH-139,FAQ,26/08/2026,1600,1800,1700
Meghalaya,East Khasi Hills,Shillong APMC,Beetroot,Ruby Queen,FAQ,26/08/2026,6500,7500,7000
Meghalaya,East Khasi Hills,Shillong APMC,Pineapple,Giant Kew,FAQ,26/08/2026,3500,4500,4000
Maharashtra,Ahilyanagar,Rahata APMC,Bottle gourd,Other,Local,26/08/2026,500,1000,750
Maharashtra,Ahilyanagar,Rahata APMC,Carrot,Other,Local,26/08/2026,1500,1500,1500
Madhya Pradesh,Morena,Kailaras APMC,Cauliflower,Other,FAQ,26/08/2026,3200,3200,3200
Madhya Pradesh,Morena,Kailaras APMC,Pumpkin,Other,FAQ,26/08/2026,1000,1200,1200
Tamil Nadu,Vellore,Thirupathur APMC,Banana,Besrai,Local,26/08/2026,4000,4000,4000
Tamil Nadu,Vellore,Thirupathur APMC,Green Chilli,Green Chilly,Local,26/08/2026,7000,7000,7000
Tamil Nadu,Vellore,Thirupathur APMC,Tapioca,Tapioca,Local,26/08/2026,3000,3000,3000
Tamil Nadu,Vellore,Thirupathur APMC,Carrot,Pusakesar,Local,26/08/2026,7000,7000,7000
Tamil Nadu,Vellore,Thirupathur APMC,Knool Khol,Knool Khol,Local,26/08/2026,4500,4500,4500
Tamil Nadu,Vellore,Thirupathur APMC,Lemon,Lemon,Local,26/08/2026,5000,5000,5000
Tamil Nadu,Vellore,Thirupathur APMC,Amla(Nelli Kai),Amla,Local,26/08/2026,8000,8000,8000
Tamil Nadu,Vellore,Vellore APMC,Grapes,Annabesahai,Local,26/08/2026,9000,10000,9500
Tamil Nadu,Vellore,Vellore APMC,Tomato,Deshi,Local,26/08/2026,2000,2400,2200
Tamil Nadu,Vellore,Vellore APMC,Banana - Green,Banana - Green,Local,26/08/2026,3000,3000,3000
Tamil Nadu,Vellore,Vellore APMC,Coconut,Coconut,Local,26/08/2026,3000,4000,3500
Tamil Nadu,Vellore,Vellore APMC,Carrot,Pusakesar,Local,26/08/2026,4000,4500,4250
Tamil Nadu,Vellore,Vellore APMC,Beetroot,Beetroot,Local,26/08/2026,3500,3800,3650
Tamil Nadu,Vellore,Vellore APMC,Pomegranate,Pomogranate,Local,26/08/2026,15000,15000,15000
Tamil Nadu,Vellore,Vellore APMC,Custard Apple(Sharifa),Custard Apple(Sharifa),Local,26/08/2026,4000,4500,4250
Tamil Nadu,Vellore,Vellore APMC,Onion Green,Onion Green,Local,26/08/2026,7000,8000,7500
Tamil Nadu,Vellore,Vellore APMC,Mint(Pudina),Mint(Pudina),Local,26/08/2026,3000,3500,3250
Tamil Nadu,Dharmapuri,Harur(Uzhavar Sandhai ),Potato,Red Nanital,Local,26/08/2026,2500,3000,2750
Tamil Nadu,Dharmapuri,Harur(Uzhavar Sandhai ),Garlic,Garlic,Local,26/08/2026,18000,20000,19000
Tamil Nadu,Dharmapuri,Harur(Uzhavar Sandhai ),Papaya,Papaya,Local,26/08/2026,2000,2500,2250
Tamil Nadu,Dharmapuri,Harur(Uzhavar Sandhai ),Bottle gourd,Bottle Gourd,Local,26/08/2026,2000,2500,2250
Tamil Nadu,Dharmapuri,Harur(Uzhavar Sandhai ),Green Chilli,Green Chilly,Local,26/08/2026,4000,5000,4500
Tamil Nadu,Dharmapuri,Harur(Uzhavar Sandhai ),Carrot,Pusakesar,Local,26/08/2026,7000,8000,7500
Tamil Nadu,Dharmapuri,Harur(Uzhavar Sandhai ),Snakeguard,Snakeguard,Local,26/08/2026,2500,3000,2750
Tamil Nadu,Dharmapuri,Harur(Uzhavar Sandhai ),Capsicum,Capsicum,Local,26/08/2026,4000,5000,4500
Tamil Nadu,Dharmapuri,Harur(Uzhavar Sandhai ),Green Avare(W),Green Avare (W),Local,26/08/2026,4000,5000,4500
Tamil Nadu,Dharmapuri,Harur(Uzhavar Sandhai ),Lemon,Lemon,Local,26/08/2026,9000,10000,9500
Tamil Nadu,Dharmapuri,Harur(Uzhavar Sandhai ),Mint(Pudina),Mint(Pudina),Local,26/08/2026,3500,4000,3750
Tamil Nadu,Krishnagiri,Kaveripattinam(Uzhavar Sandhai ),Brinjal,Round,Local,26/08/2026,5000,5000,5000
Tamil Nadu,Krishnagiri,Kaveripattinam(Uzhavar Sandhai ),Bitter gourd,Bitter Gourd,Local,26/08/2026,6000,6000,6000
Tamil Nadu,Krishnagiri,Kaveripattinam(Uzhavar Sandhai ),Ashgourd,Gouard,Local,26/08/2026,2000,2000,2000
Tamil Nadu,Krishnagiri,Kaveripattinam(Uzhavar Sandhai ),Pumpkin,Pumpkin,Local,26/08/2026,2500,2500,2500
Tamil Nadu,Krishnagiri,Kaveripattinam(Uzhavar Sandhai ),Bhindi(Ladies Finger),Bhindi,Local,26/08/2026,3000,3000,3000
Tamil Nadu,Krishnagiri,Kaveripattinam(Uzhavar Sandhai ),Ginger(Green),Green Ginger,Local,26/08/2026,18000,18000,18000
Tamil Nadu,Krishnagiri,Kaveripattinam(Uzhavar Sandhai ),Carrot,Pusakesar,Local,26/08/2026,7000,8000,7500
Tamil Nadu,Krishnagiri,Kaveripattinam(Uzhavar Sandhai ),Snakeguard,Snakeguard,Local,26/08/2026,3000,3000,3000
Tamil Nadu,Krishnagiri,Kaveripattinam(Uzhavar Sandhai ),Ridgeguard(Tori),Ridgeguard(Tori),Local,26/08/2026,6000,6000,6000
Tamil Nadu,The Nilgiris,Coonoor(Uzhavar Sandhai ),Banana,Red Banana,Local,26/08/2026,7500,8000,7750
Tamil Nadu,The Nilgiris,Coonoor(Uzhavar Sandhai ),Onion,Bellary,Local,26/08/2026,5500,6000,5750
Tamil Nadu,The Nilgiris,Coonoor(Uzhavar Sandhai ),Coriander(Leaves),I Sort,Local,26/08/2026,5500,6000,5750
Tamil Nadu,The Nilgiris,Coonoor(Uzhavar Sandhai ),Bitter gourd,Other,Local,26/08/2026,5500,5800,5650
Tamil Nadu,The Nilgiris,Coonoor(Uzhavar Sandhai ),Ashgourd,Gouard,Local,26/08/2026,2500,2800,2650
Tamil Nadu,The Nilgiris,Coonoor(Uzhavar Sandhai ),Pumpkin,Pumpkin,Local,26/08/2026,2000,2400,2200
Tamil Nadu,The Nilgiris,Coonoor(Uzhavar Sandhai ),Bhindi(Ladies Finger),Bhindi,Local,26/08/2026,4500,4800,4650
Tamil Nadu,The Nilgiris,Coonoor(Uzhavar Sandhai ),Beans,Beans (Whole),Local,26/08/2026,7500,8000,7750
Tamil Nadu,The Nilgiris,Coonoor(Uzhavar Sandhai ),Snakeguard,Snakeguard,Local,26/08/2026,3500,3800,3650
Tamil Nadu,The Nilgiris,Coonoor(Uzhavar Sandhai ),Knool Khol,Knool Khol,Local,26/08/2026,4000,4500,4250
Tamil Nadu,The Nilgiris,Coonoor(Uzhavar Sandhai ),Lemon,Lemon,Local,26/08/2026,15000,16000,15500
Tamil Nadu,The Nilgiris,Coonoor(Uzhavar Sandhai ),Mint(Pudina),Mint(Pudina),Local,26/08/2026,5500,6000,5750
Tamil Nadu,The Nilgiris,Gudalur(Uzhavar Sandhai ),Banana,Besrai,Local,26/08/2026,4000,5000,4500
Tamil Nadu,The Nilgiris,Gudalur(Uzhavar Sandhai ),Green Chilli,Green Chilly,Local,26/08/2026,4000,4500,4250
Himachal Pradesh,Chamba,PMY Chamba,Banana,Other,Medium,26/08/2026,4000,4200,4100
Himachal Pradesh,Chamba,PMY Chamba,Cucumbar(Kheera),Cucumbar,Medium,26/08/2026,3000,3500,3250
Himachal Pradesh,Kullu,SMY Bhuntar,Tomato,Other,FAQ,26/08/2026,500,1600,1000
Himachal Pradesh,Kullu,SMY Bhuntar,Banana,Other,Medium,26/08/2026,3600,3800,3700
Himachal Pradesh,Kullu,SMY Bhuntar,Pear(Marasebu),Other,Medium,26/08/2026,4500,12000,8000
Himachal Pradesh,Kullu,SMY Bhuntar,Orange,Other,Medium,26/08/2026,20000,26000,23000
Himachal Pradesh,Mandi,SMY Dhanotu,Capsicum,Capsicum,FAQ,26/08/2026,3000,4000,3500
Himachal Pradesh,Mandi,SMY Dhanotu,Colacasia,Other,FAQ,26/08/2026,2500,3000,2750
Himachal Pradesh,Mandi,SMY Dhanotu,French Beans(Frasbean),French Beans (Frasbean),FAQ,26/08/2026,2000,5000,3500
Himachal Pradesh,Mandi,SMY Dhanotu,Cucumbar(Kheera),Cucumbar,FAQ,26/08/2026,1000,2500,1750
Himachal Pradesh,Mandi,SMY Dhanotu,Bottle gourd,Bottle Gourd,FAQ,26/08/2026,2000,3000,2500
Himachal Pradesh,Mandi,SMY Dhanotu,Carrot,Carrot,FAQ,26/08/2026,2000,2500,2250
Himachal Pradesh,Mandi,SMY Dhanotu,Apple,Apple,Medium,26/08/2026,5000,20000,12500
Himachal Pradesh,Mandi,SMY Dhanotu,Potato,Potato,FAQ,26/08/2026,1000,2000,1500
Himachal Pradesh,Sirmore,SMY Nahan,Raddish,Other,FAQ,26/08/2026,1800,2000,1900
Himachal Pradesh,Kangra,SMY Palampur,Pear(Marasebu),Other,Medium,26/08/2026,6000,10000,8000
Himachal Pradesh,Kangra,SMY Palampur,Capsicum,Capsicum,FAQ,26/08/2026,5000,5500,5200
Himachal Pradesh,Kangra,SMY Palampur,Green Chilli,Green Chilly,FAQ,26/08/2026,4000,4500,4200
Himachal Pradesh,Kangra,SMY Palampur,Bitter gourd,Bitter Gourd,FAQ,26/08/2026,3500,4000,3800
Himachal Pradesh,Kangra,SMY Palampur,Pumpkin,Pumpkin,FAQ,26/08/2026,2000,2200,2100
Himachal Pradesh,Kangra,SMY Palampur,Carrot,Carrot,FAQ,26/08/2026,3400,3500,3450
Himachal Pradesh,Kangra,SMY Palampur,Sponge gourd,Other,FAQ,26/08/2026,3500,4000,3800
Haryana,Kurukshetra,Thanesar APMC,Papaya,Papaya,Medium,26/08/2026,3500,4000,3750
Haryana,Kurukshetra,Thanesar APMC,Raddish,Raddish,Local,26/08/2026,1000,2000,1500
Haryana,Kurukshetra,Thanesar APMC,Pear(Marasebu),Pears,Medium,26/08/2026,6000,14000,10000
Haryana,Kurukshetra,Thanesar APMC,Tomato,Tomato,Local,26/08/2026,1500,3000,2250
Haryana,Kurukshetra,Thanesar APMC,Carrot,Carrot,Medium,26/08/2026,2000,2500,2250
Haryana,Kurukshetra,Thanesar APMC,Ginger(Green),Green Ginger,Local,26/08/2026,6000,7000,6500
Haryana,Kurukshetra,Thanesar APMC,Garlic,Other,Local,26/08/2026,8000,12000,10000
Uttar Pradesh,Agra,Agra APMC,Green Chilli,Other,FAQ,26/08/2026,1500,1500,1500
Punjab,Tarntaran,Patti APMC,Banana,Other,Grade B,26/08/2026,2.5,2.5,2.5
Punjab,Tarntaran,Patti APMC,Guava,Other,Grade B,26/08/2026,900,900,900
Punjab,Tarntaran,Patti APMC,Carrot,Other,Local,26/08/2026,800,800,800
Punjab,Tarntaran,Patti APMC,Garlic,Other,Local,26/08/2026,24,24,24
Uttarakhand,Dehradoon,Vikasnagar APMC,Mousambi(Sweet Lime),Other,Medium,26/08/2026,1400,2000,2000
Uttarakhand,Dehradoon,Vikasnagar APMC,Mango,Other,Medium,26/08/2026,2000,3200,3200
Uttarakhand,Dehradoon,Vikasnagar APMC,Potato,Other,Medium,26/08/2026,800,1200,1200
Uttarakhand,Dehradoon,Vikasnagar APMC,Cucumbar(Kheera),Other,Medium,26/08/2026,500,800,800
Punjab,Mohali,Lalru APMC,Tomato,Deshi,Local,26/08/2026,2200,2200,2200
Punjab,Mohali,Lalru APMC,Bitter gourd,Other,Local,26/08/2026,2300,2300,2300
Punjab,Mohali,Lalru APMC,Bottle gourd,Other,Local,26/08/2026,1700,1700,1700
Telangana,Nalgonda,Venkateswarnagar APMC,Brinjal,Brinjal,Local,26/08/2026,1000,1500,1300
Telangana,Nalgonda,Venkateswarnagar APMC,Green Chilli,Green Chilly,Local,26/08/2026,2800,3000,2900
Telangana,Nalgonda,Venkateswarnagar APMC,Bottle gourd,Bottle Gourd,Local,26/08/2026,600,1000,800
Telangana,Nalgonda,Venkateswarnagar APMC,Ridgeguard(Tori),Other,Local,26/08/2026,2000,2500,2200
Telangana,Hyderabad,Gudimalkapur APMC,Yam(Ratalu),Other,Grade B,26/08/2026,2500,2500,2500
Haryana,Gurgaon,Sohna APMC,Potato,Potato,Local,26/08/2026,1000,2000,2000
Haryana,Gurgaon,Sohna APMC,Bhindi(Ladies Finger),Bhindi,Local,26/08/2026,1500,2000,1600
Haryana,Gurgaon,Sohna APMC,Bottle gourd,Bottle Gourd,Local,26/08/2026,1000,1500,1200
Haryana,Gurgaon,Sohna APMC,Tomato,Tomato,Local,26/08/2026,2500,3000,3000
Haryana,Hissar,Hansi APMC,Pomegranate,Other,Grade B,26/08/2026,8000,15000,12000
Haryana,Hissar,Hansi APMC,Garlic,Other,FAQ,26/08/2026,10000,20000,15000
Haryana,Hissar,Hansi APMC,Mousambi(Sweet Lime),Other,Grade B,26/08/2026,3500,4000,3750
Haryana,Hissar,Hansi APMC,Karbuja(Musk Melon),Other,Grade B,26/08/2026,4000,5000,4500
Haryana,Hissar,Hansi APMC,Guava,Other,Grade B,26/08/2026,3000,5000,4000
Haryana,Hissar,Hansi APMC,Mango,Other,Grade B,26/08/2026,10000,12000,11000
Haryana,Hissar,Hansi APMC,Bitter gourd,Other,FAQ,26/08/2026,3000,3500,3250
Haryana,Hissar,Hansi APMC,Guar,Other,FAQ,26/08/2026,5000,6000,5500
Haryana,Hissar,Hansi APMC,Potato,Other,FAQ,26/08/2026,1000,4000,1000
Haryana,Hissar,Hansi APMC,Ridgeguard(Tori),Other,FAQ,26/08/2026,3000,3500,3250
Haryana,Hissar,Hansi APMC,Lemon,Other,FAQ,26/08/2026,6000,10000,8000
Punjab,Amritsar,Rayya APMC,Bitter gourd,Bitter Gourd,FAQ,26/08/2026,1365,1365,1365
Punjab,Amritsar,Rayya APMC,Onion,Other,FAQ,26/08/2026,1420,1420,1420
Gujarat,Mehsana,Unava APMC,Castor Seed,Other,FAQ,26/08/2026,7200,7255,7250
Gujarat,Amreli,APMC Bagasara,Bengal Gram(Gram)(Whole),Desi (Whole),Local,26/08/2026,4250,6000,5125
Andhra Pradesh,Anakapally,Anakapally APMC,Gur(Jaggery),Anakapalli,Grade Range-1,26/08/2026,6390,6390,6390
Nagaland,Mon,Mon APMC,Green Chilli,Green Chilly,Local,26/08/2026,7740,7760,7750
Himachal Pradesh,Kangra,SMY Dharamshala,Banana,Banana - Ripe,Medium,26/08/2026,4500,4800,4650
Himachal Pradesh,Kangra,SMY Dharamshala,Bottle gourd,Bottle Gourd,FAQ,26/08/2026,3500,4000,3750
Himachal Pradesh,Kangra,SMY Dharamshala,Green Chilli,Green Chilly,FAQ,26/08/2026,5000,5200,5100
Himachal Pradesh,Kangra,SMY Dharamshala,Pumpkin,Pumpkin,FAQ,26/08/2026,2000,2200,2100
Himachal Pradesh,Kullu,SMY Shatt,Tomato,Other,FAQ,26/08/2026,800,1000,900
Himachal Pradesh,Mandi,SMY Jogindernagar,Peas Wet,Peas Wet,Grade B,26/08/2026,11000,12000,11500
Himachal Pradesh,Mandi,SMY Jogindernagar,Brinjal,Brinjal,Grade B,26/08/2026,2000,2500,2250
Himachal Pradesh,Mandi,SMY Jogindernagar,Cauliflower,Local,Grade B,26/08/2026,5000,5500,5250
